Date,SPY,^VIX
2016-01-04,169.90818786621094,20.700000762939453
2016-01-05,170.195556640625,19.34000015258789
2016-01-06,168.04864501953125,20.59000015258789
2016-01-07,164.01690673828125,24.989999771118164
2016-01-08,162.2165069580078,27.010000228881836
2016-01-11,162.377197265625,24.299999237060547
2016-01-12,163.68727111816406,22.469999313354492
2016-01-13,159.6048126220703,25.219999313354492
2016-01-14,162.22500610351562,23.950000762939453
2016-01-15,158.74269104003906,27.020000457763672
2016-01-19,158.95399475097656,26.049999237060547
2016-01-20,156.91696166992188,27.59000015258789
2016-01-21,157.79600524902344,26.690000534057617
2016-01-22,161.0332489013672,22.34000015258789
2016-01-25,158.59898376464844,24.149999618530273
2016-01-26,160.76272583007812,22.5
2016-01-27,159.01312255859375,23.110000610351562
2016-01-28,159.8414306640625,22.420000076293945
2016-01-29,163.73793029785156,20.200000762939453
2016-02-01,163.67880249023438,19.979999542236328
2016-02-02,160.72900390625,21.979999542236328
2016-02-03,161.69252014160156,21.649999618530273
2016-02-04,161.9460906982422,21.84000015258789
2016-02-05,158.86099243164062,23.3799991607666
2016-02-08,156.7225341796875,26.0
2016-02-09,156.7310028076172,26.540000915527344
2016-02-10,156.5957794189453,26.290000915527344
2016-02-11,154.55880737304688,28.139999389648438
2016-02-12,157.74525451660156,25.399999618530273
2016-02-16,160.4077606201172,24.110000610351562
2016-02-17,163.02798461914062,22.309999465942383
2016-02-18,162.3602752685547,21.639999389648438
2016-02-19,162.28419494628906,20.530000686645508
2016-02-22,164.6339111328125,19.3799991607666
2016-02-23,162.55467224121094,20.979999542236328
2016-02-24,163.29843139648438,20.719999313354492
2016-02-25,165.27630615234375,19.110000610351562
2016-02-26,164.89596557617188,19.809999465942383
2016-02-29,163.6027374267578,20.549999237060547
2016-03-01,167.44854736328125,17.700000762939453
2016-03-02,168.20077514648438,17.09000015258789
2016-03-03,168.8600616455078,16.700000762939453
2016-03-04,169.40945434570312,16.860000610351562
2016-03-07,169.5447235107422,17.350000381469727
2016-03-08,167.69363403320312,18.670000076293945
2016-03-09,168.5220184326172,18.34000015258789
2016-03-10,168.65719604492188,18.049999237060547
2016-03-11,171.37881469726562,16.5
2016-03-14,171.15907287597656,16.920000076293945
2016-03-15,170.88015747070312,16.84000015258789
2016-03-16,171.86907958984375,14.989999771118164
2016-03-17,172.95944213867188,14.4399995803833
2016-03-18,173.63906860351562,14.020000457763672
2016-03-21,173.88546752929688,13.789999961853027
2016-03-22,173.79202270507812,14.170000076293945
2016-03-23,172.6450653076172,14.9399995803833
2016-03-24,172.5685577392578,14.739999771118164
2016-03-28,172.67056274414062,15.239999771118164
2016-03-29,174.26779174804688,13.819999694824219
2016-03-30,175.03240966796875,13.5600004196167
2016-03-31,174.607666015625,13.949999809265137
2016-04-01,175.79705810546875,13.100000381469727
2016-04-04,175.22784423828125,14.119999885559082
2016-04-05,173.47764587402344,15.420000076293945
2016-04-06,175.37228393554688,14.09000015258789
2016-04-07,173.27374267578125,16.15999984741211
2016-04-08,173.7410430908203,15.359999656677246
2016-04-11,173.33326721191406,16.260000228881836
2016-04-12,174.947509765625,14.850000381469727
2016-04-13,176.71463012695312,13.84000015258789
2016-04-14,176.72314453125,13.720000267028809
2016-04-15,176.52767944335938,13.619999885559082
2016-04-18,177.7681121826172,13.350000381469727
2016-04-19,178.3287811279297,13.239999771118164
2016-04-20,178.49880981445312,13.279999732971191
2016-04-21,177.53866577148438,13.949999809265137
2016-04-22,177.53866577148438,13.220000267028809
2016-04-25,177.23284912109375,14.079999923706055
2016-04-26,177.49624633789062,13.960000038146973
2016-04-27,177.861572265625,13.770000457763672
2016-04-28,176.247314453125,15.220000267028809
2016-04-29,175.2958221435547,15.699999809265137
2016-05-02,176.68911743164062,14.680000305175781
2016-05-03,175.15135192871094,15.600000381469727
2016-05-04,174.17430114746094,16.049999237060547
2016-05-05,174.1403350830078,15.90999984741211
2016-05-06,174.77752685546875,14.720000267028809
2016-05-09,174.9219970703125,14.569999694824219
2016-05-10,177.09690856933594,13.630000114440918
2016-05-11,175.4402313232422,14.6899995803833
2016-05-12,175.49118041992188,14.40999984741211
2016-05-13,173.96192932128906,15.039999961853027
2016-05-16,175.67811584472656,14.680000305175781
2016-05-17,174.0383758544922,15.569999694824219
2016-05-18,174.0894012451172,15.949999809265137
2016-05-19,173.48619079589844,16.329999923706055
2016-05-20,174.58216857910156,15.199999809265137
2016-05-23,174.34423828125,15.819999694824219
2016-05-24,176.6041717529297,14.420000076293945
2016-05-25,177.80210876464844,13.899999618530273
2016-05-26,177.85305786132812,13.430000305175781
2016-05-27,178.61766052246094,13.119999885559082
2016-05-31,178.2778778076172,14.1899995803833
2016-06-01,178.6432342529297,14.199999809265137
2016-06-02,179.18692016601562,13.630000114440918
2016-06-03,178.6516876220703,13.470000267028809
2016-06-06,179.56077575683594,13.649999618530273
2016-06-07,179.8411102294922,14.050000190734863
2016-06-08,180.42733764648438,14.079999923706055
2016-06-09,180.18096923828125,14.640000343322754
2016-06-10,178.47329711914062,17.030000686645508
2016-06-13,177.09690856933594,20.969999313354492
2016-06-14,176.7486114501953,20.5
2016-06-15,176.502197265625,20.139999389648438
2016-06-16,177.0289306640625,19.3700008392334
2016-06-17,176.36968994140625,19.40999984741211
2016-06-20,177.50546264648438,18.3700008392334
2016-06-21,178.0093231201172,18.479999542236328
2016-06-22,177.71897888183594,21.170000076293945
2016-06-23,180.03335571289062,17.25
2016-06-24,173.5684814453125,25.760000228881836
2016-06-27,170.45993041992188,23.850000381469727
2016-06-28,173.5343780517578,18.75
2016-06-29,176.4891815185547,16.639999389648438
2016-06-30,178.8975830078125,15.630000114440918
2016-07-01,179.27325439453125,14.770000457763672
2016-07-05,177.98374938964844,15.579999923706055
2016-07-06,179.05126953125,14.960000038146973
2016-07-07,178.94024658203125,14.760000228881836
2016-07-08,181.60470581054688,13.199999809265137
2016-07-11,182.2452392578125,13.539999961853027
2016-07-12,183.56890869140625,13.550000190734863
2016-07-13,183.54331970214844,13.039999961853027
2016-07-14,184.56814575195312,12.819999694824219
2016-07-15,184.32046508789062,12.670000076293945
2016-07-18,184.81581115722656,12.4399995803833
2016-07-19,184.6279296875,11.970000267028809
2016-07-20,185.39654541015625,11.770000457763672
2016-07-21,184.6962127685547,12.739999771118164
2016-07-22,185.52467346191406,12.020000457763672
2016-07-25,185.020751953125,12.869999885559082
2016-07-26,185.10614013671875,13.050000190734863
2016-07-27,184.90975952148438,12.829999923706055
2016-07-28,185.12330627441406,12.720000267028809
2016-07-29,185.4221954345703,11.869999885559082
2016-08-01,185.26841735839844,12.4399995803833
2016-08-02,184.0813446044922,13.369999885559082
2016-08-03,184.61936950683594,12.859999656677246
2016-08-04,184.81581115722656,12.420000076293945
2016-08-05,186.32736206054688,11.390000343322754
2016-08-08,186.21636962890625,11.5
2016-08-09,186.32736206054688,11.65999984741211
2016-08-10,185.86618041992188,12.050000190734863
2016-08-11,186.72879028320312,11.680000305175781
2016-08-12,186.5665283203125,11.550000190734863
2016-08-15,187.1045684814453,11.8100004196167
2016-08-16,186.13951110839844,12.640000343322754
2016-08-17,186.48963928222656,12.1899995803833
2016-08-18,186.9081268310547,11.430000305175781
2016-08-19,186.63485717773438,11.34000015258789
2016-08-22,186.6262969970703,12.270000457763672
2016-08-23,187.00205993652344,12.380000114440918
2016-08-24,186.04562377929688,13.449999809265137
2016-08-25,185.91746520996094,13.630000114440918
2016-08-26,185.56732177734375,13.649999618530273
2016-08-29,186.4811248779297,12.9399995803833
2016-08-30,186.1736602783203,13.119999885559082
2016-08-31,185.6442413330078,13.420000076293945
2016-09-01,185.65267944335938,13.479999542236328
2016-09-02,186.48963928222656,11.979999542236328
2016-09-06,187.05335998535156,12.020000457763672
2016-09-07,187.0362091064453,11.9399995803833
2016-09-08,186.60922241210938,12.510000228881836
2016-09-09,182.14276123046875,17.5
2016-09-12,184.75601196289062,15.15999984741211
2016-09-13,182.1000213623047,17.850000381469727
2016-09-14,182.03172302246094,18.139999389648438
2016-09-15,183.85076904296875,16.299999237060547
2016-09-16,183.14004516601562,15.369999885559082
2016-09-19,183.17445373535156,15.529999732971191
2016-09-20,183.18299865722656,15.920000076293945
2016-09-21,185.24298095703125,13.300000190734863
2016-09-22,186.41024780273438,12.020000457763672
2016-09-23,185.38890075683594,12.289999961853027
2016-09-26,183.88682556152344,14.5
2016-09-27,185.0283966064453,13.100000381469727
2016-09-28,185.9468231201172,12.390000343322754
2016-09-29,184.2644500732422,14.020000457763672
2016-09-30,185.6549530029297,13.289999961853027
2016-10-03,185.20864868164062,13.569999694824219
2016-10-04,184.2644500732422,13.630000114440918
2016-10-05,185.07989501953125,12.989999771118164
2016-10-06,185.20864868164062,12.84000015258789
2016-10-07,184.57345581054688,13.479999542236328
2016-10-10,185.53480529785156,13.380000114440918
2016-10-11,183.1915740966797,15.359999656677246
2016-10-12,183.43190002441406,15.90999984741211
2016-10-13,182.8310546875,16.690000534057617
2016-10-14,182.925537109375,16.1200008392334
2016-10-17,182.2903594970703,16.209999084472656
2016-10-18,183.43190002441406,15.279999732971191
2016-10-19,183.92112731933594,14.40999984741211
2016-10-20,183.57781982421875,13.75
2016-10-21,183.66366577148438,13.34000015258789
2016-10-24,184.44471740722656,13.020000457763672
2016-10-25,183.8267364501953,13.460000038146973
2016-10-26,183.45765686035156,14.239999771118164
2016-10-27,182.96844482421875,15.359999656677246
2016-10-28,182.42762756347656,16.190000534057617
2016-10-31,182.4362335205078,17.059999465942383
2016-11-01,181.11448669433594,18.559999465942383
2016-11-02,180.02435302734375,19.31999969482422
2016-11-03,179.20042419433594,22.079999923706055
2016-11-04,179.00296020507812,22.510000228881836
2016-11-07,182.9512481689453,18.709999084472656
2016-11-08,183.77523803710938,18.739999771118164
2016-11-09,185.72361755371094,14.380000114440918
2016-11-10,186.18707275390625,14.739999771118164
2016-11-11,185.7580108642578,14.170000076293945
2016-11-14,185.90390014648438,14.479999542236328
2016-11-15,187.3544464111328,13.369999885559082
2016-11-16,187.00247192382812,13.720000267028809
2016-11-17,187.9638671875,13.350000381469727
2016-11-18,187.5432891845703,12.850000381469727
2016-11-21,188.95948791503906,12.420000076293945
2016-11-22,189.3285675048828,12.40999984741211
2016-11-23,189.43162536621094,12.430000305175781
2016-11-25,190.1354217529297,12.34000015258789
2016-11-28,189.2427520751953,13.149999618530273
2016-11-29,189.61180114746094,12.899999618530273
2016-11-30,189.15689086914062,13.329999923706055
2016-12-01,188.46170043945312,14.069999694824219
2016-12-02,188.5560760498047,14.119999885559082
2016-12-05,189.68907165527344,12.140000343322754
2016-12-06,190.2898712158203,11.789999961853027
2016-12-07,192.77902221679688,12.220000267028809
2016-12-08,193.25108337402344,12.640000343322754
2016-12-09,194.41844177246094,11.75
2016-12-12,194.1952667236328,12.640000343322754
2016-12-13,195.4913330078125,12.720000267028809
2016-12-14,193.877685546875,13.1899995803833
2016-12-15,194.67591857910156,12.789999961853027
2016-12-16,194.295166015625,12.199999809265137
2016-12-19,194.71827697753906,11.710000038146973
2016-12-20,195.4693603515625,11.449999809265137
2016-12-21,194.92543029785156,11.270000457763672
2016-12-22,194.5887451171875,11.430000305175781
2016-12-23,194.87368774414062,11.4399995803833
2016-12-27,195.35716247558594,11.989999771118164
2016-12-28,193.7425994873047,12.949999809265137
2016-12-29,193.6994171142578,13.369999885559082
2016-12-30,192.991455078125,14.039999961853027
2017-01-03,194.4678192138672,12.850000381469727
2017-01-04,195.62484741210938,11.850000381469727
2017-01-05,195.4693603515625,11.670000076293945
2017-01-06,196.168701171875,11.319999694824219
2017-01-09,195.52120971679688,11.5600004196167
2017-01-10,195.52120971679688,11.489999771118164
2017-01-11,196.0737762451172,11.260000228881836
2017-01-12,195.58160400390625,11.539999961853027
2017-01-13,196.0305938720703,11.229999542236328
2017-01-17,195.33987426757812,11.869999885559082
2017-01-18,195.77157592773438,12.479999542236328
2017-01-19,195.04632568359375,12.779999732971191
2017-01-20,195.762939453125,11.539999961853027
2017-01-23,195.25355529785156,11.770000457763672
2017-01-24,196.50547790527344,11.069999694824219
2017-01-25,198.20631408691406,10.8100004196167
2017-01-26,197.9990997314453,10.630000114440918
2017-01-27,197.6882781982422,10.579999923706055
2017-01-30,196.46224975585938,11.880000114440918
2017-01-31,196.44503784179688,11.989999771118164
2017-02-01,196.52272033691406,11.8100004196167
2017-02-02,196.65219116210938,11.930000305175781
2017-02-03,198.00775146484375,10.970000267028809
2017-02-06,197.65371704101562,11.369999885559082
2017-02-07,197.66238403320312,11.289999961853027
2017-02-08,197.92140197753906,11.449999809265137
2017-02-09,199.0955810546875,10.880000114440918
2017-02-10,199.88128662109375,10.850000381469727
2017-02-13,200.96913146972656,11.069999694824219
2017-02-14,201.77206420898438,10.739999771118164
2017-02-15,202.82537841796875,11.970000267028809
2017-02-16,202.6527557373047,11.760000228881836
2017-02-17,202.97213745117188,11.489999771118164
2017-02-21,204.18092346191406,11.569999694824219
2017-02-22,203.9995880126953,11.739999771118164
2017-02-23,204.13772583007812,11.710000038146973
2017-02-24,204.39674377441406,11.470000267028809
2017-02-27,204.7161865234375,12.09000015258789
2017-02-28,204.16363525390625,12.920000076293945
2017-03-01,207.02137756347656,12.539999961853027
2017-03-02,205.7177276611328,11.8100004196167
2017-03-03,205.84716796875,10.960000038146973
2017-03-06,205.23423767089844,11.239999771118164
2017-03-07,204.62120056152344,11.449999809265137
2017-03-08,204.24134826660156,11.859999656677246
2017-03-09,204.50033569335938,12.300000190734863
2017-03-10,205.21693420410156,11.65999984741211
2017-03-13,205.3206024169922,11.350000381469727
2017-03-14,204.53485107421875,12.300000190734863
2017-03-15,206.3048095703125,11.630000114440918
2017-03-16,205.8990020751953,11.210000038146973
2017-03-17,205.53741455078125,11.279999732971191
2017-03-20,205.3119354248047,11.34000015258789
2017-03-21,202.67584228515625,12.470000267028809
2017-03-22,203.15277099609375,12.8100004196167
2017-03-23,202.93597412109375,13.119999885559082
2017-03-24,202.78860473632812,12.960000038146973
2017-03-27,202.58047485351562,12.5
2017-03-28,204.05467224121094,11.529999732971191
2017-03-29,204.24539184570312,11.420000076293945
2017-03-30,204.89572143554688,11.539999961853027
2017-03-31,204.4188690185547,12.369999885559082
2017-04-03,204.0633087158203,12.380000114440918
2017-04-04,204.1933135986328,11.789999961853027
2017-04-05,203.5863800048828,12.890000343322754
2017-04-06,204.1586151123047,12.390000343322754
2017-04-07,203.9505615234375,12.869999885559082
2017-04-10,204.0719757080078,14.050000190734863
2017-04-11,203.8291473388672,15.069999694824219
2017-04-12,202.93597412109375,15.770000457763672
2017-04-13,201.61793518066406,15.960000038146973
2017-04-17,203.4042510986328,14.65999984741211
2017-04-18,202.7972869873047,14.420000076293945
2017-04-19,202.4243927001953,14.930000305175781
2017-04-20,204.0719757080078,14.149999618530273
2017-04-21,203.42161560058594,14.630000114440918
2017-04-24,205.65882873535156,10.84000015258789
2017-04-25,206.85548400878906,10.760000228881836
2017-04-26,206.72540283203125,10.850000381469727
2017-04-27,206.89881896972656,10.359999656677246
2017-04-28,206.44790649414062,10.819999694824219
2017-05-01,206.96815490722656,10.109999656677246
2017-05-02,207.0462646484375,10.59000015258789
2017-05-03,206.79473876953125,10.680000305175781
2017-05-04,207.0375518798828,10.460000038146973
2017-05-05,207.8527069091797,10.569999694824219
2017-05-08,207.81800842285156,9.770000457763672
2017-05-09,207.6272430419922,9.960000038146973
2017-05-10,208.0000457763672,10.210000038146973
2017-05-11,207.5751953125,10.600000381469727
2017-05-12,207.2283477783203,10.399999618530273
2017-05-15,208.37295532226562,10.420000076293945
2017-05-16,208.18218994140625,10.649999618530273
2017-05-17,204.48818969726562,15.59000015258789
2017-05-18,205.3119354248047,14.65999984741211
2017-05-19,206.64735412597656,12.039999961853027
2017-05-22,207.69659423828125,10.930000305175781
2017-05-23,208.15621948242188,10.720000267028809
2017-05-24,208.64175415039062,10.020000457763672
2017-05-25,209.63897705078125,9.989999771118164
2017-05-26,209.59561157226562,9.8100004196167
2017-05-30,209.41351318359375,10.380000114440918
2017-05-31,209.3614959716797,10.40999984741211
2017-06-01,211.0263671875,9.890000343322754
2017-06-02,211.72877502441406,9.75
2017-06-05,211.57269287109375,10.069999694824219
2017-06-06,210.89634704589844,10.449999809265137
2017-06-07,211.2865447998047,10.390000343322754
2017-06-08,211.3905487060547,10.15999984741211
2017-06-09,211.06971740722656,10.699999809265137
2017-06-12,211.0263671875,11.460000038146973
2017-06-13,212.0582733154297,10.420000076293945
2017-06-14,211.7894287109375,10.640000343322754
2017-06-15,211.38194274902344,10.899999618530273
2017-06-16,211.42813110351562,10.380000114440918
2017-06-19,213.18824768066406,10.369999885559082
2017-06-20,211.75050354003906,10.859999656677246
2017-06-21,211.6981964111328,10.75
2017-06-22,211.60238647460938,10.479999542236328
2017-06-23,211.8551025390625,10.020000457763672
2017-06-26,211.99447631835938,9.899999618530273
2017-06-27,210.28660583496094,11.0600004196167
2017-06-28,212.1687774658203,10.029999732971191
2017-06-29,210.3040771484375,11.4399995803833
2017-06-30,210.6961669921875,11.180000305175781
2017-07-03,211.0534210205078,11.220000267028809
2017-07-05,211.5414276123047,11.069999694824219
2017-07-06,209.60694885253906,12.539999961853027
2017-07-07,210.96632385253906,11.1899995803833
2017-07-10,211.19281005859375,11.109999656677246
2017-07-11,211.03599548339844,10.890000343322754
2017-07-12,212.62188720703125,10.300000190734863
2017-07-13,212.97914123535156,9.899999618530273
2017-07-14,213.9724578857422,9.510000228881836
2017-07-17,213.94631958007812,9.819999694824219
2017-07-18,214.0596466064453,9.890000343322754
2017-07-19,215.21853637695312,9.789999961853027
2017-07-20,215.3143768310547,9.579999923706055
2017-07-21,215.12265014648438,9.359999656677246
2017-07-24,215.07040405273438,9.430000305175781
2017-07-25,215.59324645996094,9.430000305175781
2017-07-26,215.60195922851562,9.600000381469727
2017-07-27,215.4015350341797,10.109999656677246
2017-07-28,215.14883422851562,10.289999961853027
2017-07-31,215.02687072753906,10.260000228881836
2017-08-01,215.50604248046875,10.09000015258789
2017-08-02,215.61068725585938,10.279999732971191
2017-08-03,215.19244384765625,10.4399995803833
2017-08-04,215.58448791503906,10.029999732971191
2017-08-07,215.98533630371094,9.930000305175781
2017-08-08,215.45379638671875,10.960000038146973
2017-08-09,215.44512939453125,11.109999656677246
2017-08-10,212.40403747558594,16.040000915527344
2017-08-11,212.7176971435547,15.510000228881836
2017-08-14,214.82638549804688,12.329999923706055
2017-08-15,214.80027770996094,12.039999961853027
2017-08-16,215.17501831054688,11.739999771118164
2017-08-17,211.82020568847656,15.550000190734863
2017-08-18,211.4890899658203,14.260000228881836
2017-08-21,211.6546630859375,13.1899995803833
2017-08-22,213.867919921875,11.350000381469727
2017-08-23,213.10107421875,12.25
2017-08-24,212.60446166992188,12.229999542236328
2017-08-25,213.10107421875,11.279999732971191
2017-08-28,213.10989379882812,11.319999694824219
2017-08-29,213.35386657714844,11.699999809265137
2017-08-30,214.36459350585938,11.220000267028809
2017-08-31,215.6542510986328,10.59000015258789
2017-09-01,215.9591827392578,10.130000114440918
2017-09-05,214.4081573486328,12.229999542236328
2017-09-06,215.14012145996094,11.630000114440918
2017-09-07,215.1139678955078,11.550000190734863
2017-09-08,214.86122131347656,12.119999885559082
2017-09-11,217.1529998779297,10.729999542236328
2017-09-12,217.88491821289062,10.579999923706055
2017-09-13,217.98953247070312,10.5
2017-09-14,217.91969299316406,10.4399995803833
2017-09-15,218.21310424804688,10.170000076293945
2017-09-18,218.6772918701172,10.149999618530273
2017-09-19,218.8961944580078,10.180000305175781
2017-09-20,218.9749755859375,9.779999732971191
2017-09-21,218.38829040527344,9.670000076293945
2017-09-22,218.4320526123047,9.59000015258789
2017-09-25,217.9854278564453,10.210000038146973
2017-09-26,218.11685180664062,10.170000076293945
2017-09-27,218.9662322998047,9.869999885559082
2017-09-28,219.22891235351562,9.550000190734863
2017-09-29,219.99951171875,9.510000228881836
2017-10-02,220.95404052734375,9.449999809265137
2017-10-03,221.42684936523438,9.510000228881836
2017-10-04,221.6896514892578,9.630000114440918
2017-10-05,223.0030975341797,9.1899995803833
2017-10-06,222.7491912841797,9.649999618530273
2017-10-09,222.3814239501953,10.329999923706055
2017-10-10,222.96817016601562,10.079999923706055
2017-10-11,223.31842041015625,9.850000381469727
2017-10-12,222.98562622070312,9.90999984741211
2017-10-13,223.25711059570312,9.609999656677246
2017-10-16,223.5548553466797,9.90999984741211
2017-10-17,223.7124481201172,10.3100004196167
2017-10-18,223.93141174316406,10.069999694824219
2017-10-19,223.99266052246094,10.050000190734863
2017-10-20,225.1486053466797,9.970000267028809
2017-10-23,224.27293395996094,11.069999694824219
2017-10-24,224.66696166992188,11.15999984741211
2017-10-25,223.5548553466797,11.229999542236328
2017-10-26,223.84385681152344,11.300000190734863
2017-10-27,225.67398071289062,9.800000190734863
2017-10-30,224.83338928222656,10.5
2017-10-31,225.18360900878906,10.180000305175781
2017-11-01,225.4813690185547,10.199999809265137
2017-11-02,225.56895446777344,9.930000305175781
2017-11-03,226.322021484375,9.140000343322754
2017-11-06,226.6723175048828,9.399999618530273
2017-11-07,226.51466369628906,9.890000343322754
2017-11-08,226.8999481201172,9.779999732971191
2017-11-09,226.0768280029297,10.5
2017-11-10,226.00677490234375,11.289999961853027
2017-11-13,226.21693420410156,11.5
2017-11-14,225.69149780273438,11.59000015258789
2017-11-15,224.56192016601562,13.130000114440918
2017-11-16,226.47085571289062,11.760000228881836
2017-11-17,225.80535888671875,11.430000305175781
2017-11-20,226.190673828125,10.649999618530273
2017-11-21,227.67056274414062,9.729999542236328
2017-11-22,227.46917724609375,9.880000114440918
2017-11-24,227.99453735351562,9.670000076293945
2017-11-27,227.88079833984375,9.869999885559082
2017-11-28,230.1925811767578,10.029999732971191
2017-11-29,230.05250549316406,10.699999809265137
2017-11-30,232.06654357910156,11.279999732971191
2017-12-01,231.5849609375,11.430000305175781
2017-12-04,231.3047637939453,11.680000305175781
2017-12-05,230.47280883789062,11.329999923706055
2017-12-06,230.5165252685547,11.020000457763672
2017-12-07,231.243408203125,10.15999984741211
2017-12-08,232.50439453125,9.579999923706055
2017-12-11,233.2049560546875,9.34000015258789
2017-12-12,233.6165313720703,9.920000076293945
2017-12-13,233.59031677246094,10.180000305175781
2017-12-14,232.6357879638672,10.489999771118164
2017-12-15,234.5730438232422,9.420000076293945
2017-12-18,236.060546875,9.529999732971191
2017-12-19,235.1538848876953,10.029999732971191
2017-12-20,235.03057861328125,9.720000267028809
2017-12-21,235.5147247314453,9.619999885559082
2017-12-22,235.4531707763672,9.899999618530273
2017-12-26,235.1715087890625,10.25
2017-12-27,235.28599548339844,10.470000267028809
2017-12-28,235.77000427246094,10.180000305175781
2017-12-29,234.88108825683594,11.039999961853027
2018-01-02,236.56222534179688,9.770000457763672
2018-01-03,238.0584716796875,9.149999618530273
2018-01-04,239.0618438720703,9.220000267028809
2018-01-05,240.65501403808594,9.220000267028809
2018-01-08,241.09512329101562,9.520000457763672
2018-01-09,241.64073181152344,10.079999923706055
2018-01-10,241.2710723876953,9.819999694824219
2018-01-11,243.03138732910156,9.880000114440918
2018-01-12,244.6157684326172,10.15999984741211
2018-01-16,243.779541015625,11.65999984741211
2018-01-17,246.10316467285156,11.90999984741211
2018-01-18,245.6895294189453,12.220000267028809
2018-01-19,246.80734252929688,11.270000457763672
2018-01-22,248.8140869140625,11.029999732971191
2018-01-23,249.34217834472656,11.100000381469727
2018-01-24,249.245361328125,11.470000267028809
2018-01-25,249.35098266601562,11.579999923706055
2018-01-26,252.2379150390625,11.079999923706055
2018-01-29,250.56558227539062,13.84000015258789
2018-01-30,247.99554443359375,14.789999961853027
2018-01-31,248.11871337890625,13.539999961853027
2018-02-01,247.8370819091797,13.470000267028809
2018-02-02,242.44163513183594,17.309999465942383
2018-02-05,232.3022003173828,37.31999969482422
2018-02-06,236.87904357910156,29.979999542236328
2018-02-07,235.59400939941406,27.729999542236328
2018-02-08,226.75711059570312,33.459999084472656
2018-02-09,230.16339111328125,29.059999465942383
2018-02-12,233.543212890625,25.610000610351562
2018-02-13,234.1240997314453,24.969999313354492
2018-02-14,237.2838592529297,19.260000228881836
2018-02-15,240.31167602539062,19.1299991607666
2018-02-16,240.38209533691406,19.459999084472656
2018-02-20,238.87698364257812,20.600000381469727
2018-02-21,237.68875122070312,20.020000457763672
2018-02-22,237.99684143066406,18.719999313354492
2018-02-23,241.79039001464844,16.489999771118164
2018-02-26,244.5980987548828,15.800000190734863
2018-02-27,241.5439453125,18.59000015258789
2018-02-28,239.09710693359375,19.850000381469727
2018-03-01,235.620361328125,22.469999313354492
2018-03-02,236.8349609375,19.59000015258789
2018-03-05,239.5723114013672,18.729999542236328
2018-03-06,240.17965698242188,18.360000610351562
2018-03-07,240.09170532226562,17.760000228881836
2018-03-08,241.25347900390625,16.540000915527344
2018-03-09,245.45188903808594,14.640000343322754
2018-03-12,245.1437530517578,15.779999732971191
2018-03-13,243.5594940185547,16.350000381469727
2018-03-14,242.3096923828125,17.229999542236328
2018-03-15,242.0456085205078,16.59000015258789
2018-03-16,242.30804443359375,15.800000190734863
2018-03-19,239.0296173095703,19.020000457763672
2018-03-20,239.4360809326172,18.200000762939453
2018-03-21,238.9765625,17.860000610351562
2018-03-22,233.00282287597656,23.34000015258789
2018-03-23,228.03639221191406,24.8700008392334
2018-03-26,234.27536010742188,21.030000686645508
2018-03-27,230.28990173339844,22.5
2018-03-28,229.60946655273438,22.8700008392334
2018-03-29,232.54330444335938,19.969999313354492
2018-04-02,227.52389526367188,23.6200008392334
2018-04-03,230.44004821777344,21.100000381469727
2018-04-04,232.90553283691406,20.059999465942383
2018-04-05,234.74371337890625,18.940000534057617
2018-04-06,229.51220703125,21.489999771118164
2018-04-09,230.6433563232422,21.770000457763672
2018-04-10,234.3106689453125,20.469999313354492
2018-04-11,233.08238220214844,20.239999771118164
2018-04-12,234.9999237060547,18.489999771118164
2018-04-13,234.3106689453125,17.40999984741211
2018-04-16,236.23712158203125,16.559999465942383
2018-04-17,238.76441955566406,15.25
2018-04-18,238.9412841796875,15.600000381469727
2018-04-19,237.61569213867188,15.960000038146973
2018-04-20,235.60086059570312,16.8799991607666
2018-04-23,235.56553649902344,16.34000015258789
2018-04-24,232.39306640625,18.020000457763672
2018-04-25,232.9674530029297,17.84000015258789
2018-04-26,235.33572387695312,16.239999771118164
2018-04-27,235.556640625,15.40999984741211
2018-04-30,233.74508666992188,15.930000305175781
2018-05-01,234.1604461669922,15.489999771118164
2018-05-02,232.58746337890625,15.970000267028809
2018-05-03,232.07493591308594,15.899999618530273
2018-05-04,235.07948303222656,14.770000457763672
2018-05-07,235.87481689453125,14.75
2018-05-08,235.87481689453125,14.710000038146973
2018-05-09,238.1547088623047,13.420000076293945
2018-05-10,240.38165283203125,13.229999542236328
2018-05-11,241.1151123046875,12.649999618530273
2018-05-14,241.22998046875,12.930000305175781
2018-05-15,239.56861877441406,14.630000114440918
2018-05-16,240.5760498046875,13.420000076293945
2018-05-17,240.37274169921875,13.430000305175781
2018-05-18,239.7718963623047,13.420000076293945
2018-05-21,241.57460021972656,13.079999923706055
2018-05-22,240.90296936035156,13.220000267028809
2018-05-23,241.56573486328125,12.579999923706055
2018-05-24,241.0709228515625,12.529999732971191
2018-05-25,240.49647521972656,13.220000267028809
2018-05-29,237.73048400878906,17.020000457763672
2018-05-30,240.90296936035156,14.9399995803833
2018-05-31,239.42721557617188,15.430000305175781
2018-06-01,241.77784729003906,13.460000038146973
2018-06-04,242.92665100097656,12.739999771118164
2018-06-05,243.10336303710938,12.399999618530273
2018-06-06,245.13583374023438,11.640000343322754
2018-06-07,245.10935974121094,12.130000114440918
2018-06-08,245.833984375,12.180000305175781
2018-06-11,246.16091918945312,12.350000381469727
2018-06-12,246.47909545898438,12.34000015258789
2018-06-13,245.6925811767578,12.9399995803833
2018-06-14,246.3112030029297,12.119999885559082
2018-06-15,245.99693298339844,11.979999542236328
2018-06-18,245.49099731445312,12.3100004196167
2018-06-19,244.55007934570312,13.350000381469727
2018-06-20,244.96726989746094,12.789999961853027
2018-06-21,243.43153381347656,14.640000343322754
2018-06-22,243.87547302246094,13.770000457763672
2018-06-25,240.55563354492188,17.329999923706055
2018-06-26,241.08819580078125,15.920000076293945
2018-06-27,239.09100341796875,17.90999984741211
2018-06-28,240.4580078125,16.850000381469727
2018-06-29,240.80413818359375,16.09000015258789
2018-07-02,241.3190155029297,15.600000381469727
2018-07-03,240.4668426513672,16.139999389648438
2018-07-05,242.42855834960938,14.970000267028809
2018-07-06,244.47906494140625,13.369999885559082
2018-07-09,246.6804962158203,12.6899995803833
2018-07-10,247.56808471679688,12.640000343322754
2018-07-11,245.7572784423828,13.630000114440918
2018-07-12,247.98538208007812,12.579999923706055
2018-07-13,248.18060302734375,12.180000305175781
2018-07-16,247.95863342285156,12.829999923706055
2018-07-17,248.96176147460938,12.0600004196167
2018-07-18,249.4853973388672,12.100000381469727
2018-07-19,248.54458618164062,12.869999885559082
2018-07-20,248.2604522705078,12.859999656677246
2018-07-23,248.72203063964844,12.619999885559082
2018-07-24,249.9736328125,12.40999984741211
2018-07-25,252.10411071777344,12.289999961853027
2018-07-26,251.50927734375,12.140000343322754
2018-07-27,249.80503845214844,13.029999732971191
2018-07-30,248.5001220703125,14.260000228881836
2018-07-31,249.72511291503906,12.829999923706055
2018-08-01,249.307861328125,13.149999618530273
2018-08-02,250.66607666015625,12.1899995803833
2018-08-03,251.74012756347656,11.640000343322754
2018-08-06,252.66317749023438,11.270000457763672
2018-08-07,253.49774169921875,10.930000305175781
2018-08-08,253.39117431640625,10.850000381469727
2018-08-09,253.04501342773438,11.270000457763672
2018-08-10,251.34945678710938,13.15999984741211
2018-08-13,250.4085693359375,14.779999732971191
2018-08-14,252.00640869140625,13.3100004196167
2018-08-15,250.12466430664062,14.640000343322754
2018-08-16,252.14845275878906,13.449999809265137
2018-08-17,253.03611755371094,12.640000343322754
2018-08-20,253.5775909423828,12.489999771118164
2018-08-21,254.17237854003906,12.859999656677246
2018-08-22,254.02137756347656,12.25
2018-08-23,253.68409729003906,12.40999984741211
2018-08-24,255.2108612060547,11.989999771118164
2018-08-27,257.2259216308594,12.15999984741211
2018-08-28,257.3502197265625,12.5
2018-08-29,258.7348937988281,12.25
2018-08-30,257.6875305175781,13.529999732971191
2018-08-31,257.69635009765625,12.859999656677246
2018-09-04,257.25250244140625,13.15999984741211
2018-09-05,256.5601806640625,13.90999984741211
2018-09-06,255.787841796875,14.649999618530273
2018-09-07,255.29080200195312,14.880000114440918
2018-09-10,255.73455810546875,14.15999984741211
2018-09-11,256.5778503417969,13.220000267028809
2018-09-12,256.6400451660156,13.140000343322754
2018-09-13,258.1578063964844,12.369999885559082
2018-09-14,258.2022705078125,12.069999694824219
2018-09-17,256.83526611328125,13.680000305175781
2018-09-18,258.2288818359375,12.789999961853027
2018-09-19,258.50408935546875,11.75
2018-09-20,260.5989990234375,11.800000190734863
2018-09-21,260.36083984375,11.680000305175781
2018-09-24,259.4959411621094,12.199999809265137
2018-09-25,259.25518798828125,12.420000076293945
2018-09-26,258.47943115234375,12.890000343322754
2018-09-27,259.2016296386719,12.40999984741211
2018-09-28,259.22845458984375,12.119999885559082
2018-10-01,260.12896728515625,12.0
2018-10-02,259.97747802734375,12.050000190734863
2018-10-03,260.12005615234375,11.609999656677246
2018-10-04,258.0871276855469,14.220000267028809
2018-10-05,256.6424865722656,14.819999694824219
2018-10-08,256.6424865722656,15.6899995803833
2018-10-09,256.2680358886719,15.949999809265137
2018-10-10,248.15377807617188,22.959999084472656
2018-10-11,242.68785095214844,24.979999542236328
2018-10-12,246.05833435058594,21.309999465942383
2018-10-15,244.67630004882812,21.299999237060547
2018-10-16,250.0262908935547,17.6200008392334
2018-10-17,250.07090759277344,17.399999618530273
2018-10-18,246.45965576171875,20.059999465942383
2018-10-19,246.32586669921875,19.889999389648438
2018-10-22,245.22018432617188,19.639999389648438
2018-10-23,243.97183227539062,20.709999084472656
2018-10-24,236.57981872558594,25.229999542236328
2018-10-25,240.82420349121094,24.219999313354492
2018-10-26,236.58877563476562,24.15999984741211
2018-10-29,235.2779541015625,24.700000762939453
2018-10-30,238.76446533203125,23.350000381469727
2018-10-31,241.3146514892578,21.229999542236328
2018-11-01,243.88270568847656,19.34000015258789
2018-11-02,242.43809509277344,19.510000228881836
2018-11-05,243.77566528320312,19.959999084472656
2018-11-06,245.31826782226562,19.90999984741211
2018-11-07,250.57020568847656,16.360000610351562
2018-11-08,250.11550903320312,16.719999313354492
2018-11-09,247.67234802246094,17.360000610351562
2018-11-12,243.0444793701172,20.450000762939453
2018-11-13,242.58973693847656,20.020000457763672
2018-11-14,240.93121337890625,21.25
2018-11-15,243.4457550048828,19.979999542236328
2018-11-16,244.0787811279297,18.139999389648438
2018-11-19,239.9502716064453,20.100000381469727
2018-11-20,235.50978088378906,22.479999542236328
2018-11-21,236.312255859375,20.799999237060547
2018-11-23,234.7340545654297,21.520000457763672
2018-11-26,238.52366638183594,18.899999618530273
2018-11-27,239.32615661621094,19.020000457763672
2018-11-28,244.83670043945312,18.489999771118164
2018-11-29,244.3018341064453,18.790000915527344
2018-11-30,245.790771484375,18.06999969482422
2018-12-03,249.0454864501953,16.440000534057617
2018-12-04,240.97579956054688,20.739999771118164
2018-12-06,240.61021423339844,21.190000534057617
2018-12-07,235.01931762695312,23.229999542236328
2018-12-10,235.46519470214844,22.639999389648438
2018-12-11,235.51869201660156,21.760000228881836
2018-12-12,236.7046661376953,21.459999084472656
2018-12-13,236.62442016601562,20.649999618530273
2018-12-14,232.2551727294922,21.6299991607666
2018-12-17,227.69873046875,24.520000457763672
2018-12-18,227.4490509033203,25.579999923706055
2018-12-19,224.0428466796875,25.579999923706055
2018-12-20,220.39590454101562,28.3799991607666
2018-12-21,215.8800811767578,30.110000610351562
2018-12-24,210.17588806152344,36.06999969482422
2018-12-26,220.7949676513672,30.40999984741211
2018-12-27,222.4901580810547,29.959999084472656
2018-12-28,222.2030792236328,28.34000015258789
2018-12-31,224.14935302734375,25.420000076293945
2019-01-02,224.38253784179688,23.219999313354492
2019-01-03,219.0281219482422,25.450000762939453
2019-01-04,226.36463928222656,21.3799991607666
2019-01-07,228.14942932128906,21.399999618530273
2019-01-08,230.29296875,20.469999313354492
2019-01-09,231.3693084716797,19.979999542236328
2019-01-10,232.1854705810547,19.5
2019-01-11,232.27516174316406,18.190000534057617
2019-01-14,230.8580780029297,19.06999969482422
2019-01-15,233.5038604736328,18.600000381469727
2019-01-16,234.06890869140625,19.040000915527344
2019-01-17,235.84469604492188,18.059999465942383
2019-01-18,238.98379516601562,17.799999237060547
2019-01-22,235.75502014160156,20.799999237060547
2019-01-23,236.24832153320312,19.520000457763672
2019-01-24,236.37388610839844,18.889999389648438
2019-01-25,238.3739776611328,17.420000076293945
2019-01-28,236.5622100830078,18.8700008392334
2019-01-29,236.24832153320312,19.1299991607666
2019-01-30,239.98838806152344,17.65999984741211
2019-01-31,242.09597778320312,16.56999969482422
2019-02-01,242.2126007080078,16.139999389648438
2019-02-04,243.91676330566406,15.729999542236328
2019-02-05,244.93907165527344,15.569999694824219
2019-02-06,244.6162567138672,15.380000114440918
2019-02-07,242.28439331054688,16.3700008392334
2019-02-08,242.580322265625,15.720000267028809
2019-02-11,242.71485900878906,15.970000267028809
2019-02-12,245.8360137939453,15.430000305175781
2019-02-13,246.63426208496094,15.649999618530273
2019-02-14,246.08717346191406,16.219999313354492
2019-02-15,248.7688751220703,14.90999984741211
2019-02-19,249.19932556152344,14.880000114440918
2019-02-20,249.7016143798828,14.020000457763672
2019-02-21,248.81362915039062,14.460000038146973
2019-02-22,250.35630798339844,13.510000228881836
2019-02-25,250.69711303710938,14.850000381469727
2019-02-26,250.51780700683594,15.170000076293945
2019-02-27,250.41017150878906,14.699999809265137
2019-02-28,249.94371032714844,14.779999732971191
2019-03-01,251.50437927246094,13.569999694824219
2019-03-04,250.58953857421875,14.630000114440918
2019-03-05,250.24868774414062,14.739999771118164
2019-03-06,248.73300170898438,15.739999771118164
2019-03-07,246.65213012695312,16.59000015258789
2019-03-08,246.1588592529297,16.049999237060547
2019-03-11,249.72842407226562,14.329999923706055
2019-03-12,250.6702423095703,13.770000457763672
2019-03-13,252.3294219970703,13.40999984741211
2019-03-14,252.16802978515625,13.5
2019-03-15,253.41387939453125,12.880000114440918
2019-03-18,254.3327178955078,13.100000381469727
2019-03-19,254.39581298828125,13.5600004196167
2019-03-20,253.63002014160156,13.90999984741211
2019-03-21,256.49468994140625,13.630000114440918
2019-03-22,251.5581817626953,16.479999542236328
2019-03-25,251.36895751953125,16.329999923706055
2019-03-26,253.24270629882812,14.680000305175781
2019-03-27,251.91845703125,15.149999618530273
2019-03-28,252.87339782714844,14.430000305175781
2019-03-29,254.46786499023438,13.710000038146973
2019-04-01,257.4856872558594,13.399999618530273
2019-04-02,257.61175537109375,13.359999656677246
2019-04-03,258.0171203613281,13.739999771118164
2019-04-04,258.70172119140625,13.579999923706055
2019-04-05,259.9539489746094,12.819999694824219
2019-04-08,260.1521301269531,13.180000305175781
2019-04-09,258.81884765625,14.279999732971191
2019-04-10,259.7017517089844,13.300000190734863
2019-04-11,259.629638671875,13.020000457763672
2019-04-12,261.38623046875,12.010000228881836
2019-04-15,261.2149963378906,12.319999694824219
2019-04-16,261.38623046875,12.180000305175781
2019-04-17,260.7466125488281,12.600000381469727
2019-04-18,261.26007080078125,12.09000015258789
2019-04-22,261.4853515625,12.420000076293945
2019-04-23,263.8365173339844,12.279999732971191
2019-04-24,263.2509460449219,13.140000343322754
2019-04-25,263.0888366699219,13.25
2019-04-26,264.3140563964844,12.729999542236328
2019-04-29,264.7283935546875,13.109999656677246
2019-04-30,264.86346435546875,13.119999885559082
2019-05-01,262.87255859375,14.800000190734863
2019-05-02,262.30511474609375,14.420000076293945
2019-05-03,264.8724365234375,12.869999885559082
2019-05-06,263.78253173828125,15.4399995803833
2019-05-07,259.37738037109375,19.31999969482422
2019-05-08,259.0171203613281,19.399999618530273
2019-05-09,258.2333679199219,19.100000381469727
2019-05-10,259.5305480957031,16.040000915527344
2019-05-13,253.00843811035156,20.549999237060547
2019-05-14,255.29656982421875,18.059999465942383
2019-05-15,256.7920227050781,16.440000534057617
2019-05-16,259.1701965332031,15.289999961853027
2019-05-17,257.4946594238281,15.960000038146973
2019-05-20,255.79205322265625,16.309999465942383
2019-05-21,258.0982971191406,14.949999809265137
2019-05-22,257.3055419921875,14.75
2019-05-23,254.16163635253906,16.920000076293945
2019-05-24,254.7381134033203,15.850000381469727
2019-05-28,252.36883544921875,17.5
2019-05-29,250.67532348632812,17.899999618530273
2019-05-30,251.3599853515625,17.299999237060547
2019-05-31,247.97280883789062,18.709999084472656
2019-06-03,247.3422393798828,18.860000610351562
2019-06-04,252.7112274169922,16.969999313354492
2019-06-05,254.90032958984375,16.09000015258789
2019-06-06,256.5577392578125,15.930000305175781
2019-06-07,259.1252136230469,16.299999237060547
2019-06-10,260.3142395019531,15.9399995803833
2019-06-11,260.2510986328125,15.989999771118164
2019-06-12,259.7918395996094,15.90999984741211
2019-06-13,260.8637390136719,15.819999694824219
2019-06-14,260.5755310058594,15.279999732971191
2019-06-17,260.67462158203125,15.350000381469727
2019-06-18,263.40411376953125,15.149999618530273
2019-06-19,263.9986572265625,14.329999923706055
2019-06-20,266.5210266113281,14.75
2019-06-21,266.1335754394531,15.399999618530273
2019-06-24,265.80767822265625,15.260000228881836
2019-06-25,263.20074462890625,16.280000686645508
2019-06-26,262.93817138671875,16.209999084472656
2019-06-27,263.8705749511719,15.819999694824219
2019-06-28,265.22833251953125,15.079999923706055
2019-07-01,267.6361999511719,14.0600004196167
2019-07-02,268.33331298828125,12.930000305175781
2019-07-03,270.4786071777344,12.569999694824219
2019-07-05,270.17083740234375,13.279999732971191
2019-07-08,268.6863708496094,13.960000038146973
2019-07-09,269.021240234375,14.09000015258789
2019-07-10,270.3066101074219,13.029999732971191
2019-07-11,270.9402770996094,12.930000305175781
2019-07-12,272.1532897949219,12.390000343322754
2019-07-15,272.24383544921875,12.680000305175781
2019-07-16,271.36566162109375,12.859999656677246
2019-07-17,269.5190734863281,13.970000267028809
2019-07-18,270.5057678222656,13.529999732971191
2019-07-19,269.003173828125,14.449999809265137
2019-07-22,269.6639709472656,13.529999732971191
2019-07-23,271.59210205078125,12.609999656677246
2019-07-24,272.868408203125,12.069999694824219
2019-07-25,271.5648498535156,12.739999771118164
2019-07-26,273.3843994140625,12.15999984741211
2019-07-29,272.886474609375,12.829999923706055
2019-07-30,272.2165832519531,13.9399995803833
2019-07-31,269.238525390625,16.1200008392334
2019-08-01,266.8939208984375,17.8700008392334
2019-08-02,264.88433837890625,17.610000610351562
2019-08-05,256.9184875488281,24.59000015258789
2019-08-06,260.5212097167969,20.170000076293945
2019-08-07,260.6751403808594,19.489999771118164
2019-08-08,265.78955078125,16.90999984741211
2019-08-09,263.9790954589844,17.969999313354492
2019-08-12,260.7657165527344,21.09000015258789
2019-08-13,264.8209533691406,17.520000457763672
2019-08-14,256.990966796875,22.100000381469727
2019-08-15,257.6697998046875,21.18000030517578
2019-08-16,261.4716796875,18.469999313354492
2019-08-19,264.6218566894531,16.8799991607666
2019-08-20,262.59417724609375,17.5
2019-08-21,264.7304382324219,15.800000190734863
2019-08-22,264.6490783691406,16.68000030517578
2019-08-23,257.8508605957031,19.8700008392334
2019-08-26,260.7023010253906,19.31999969482422
2019-08-27,259.679443359375,20.309999465942383
2019-08-28,261.5079040527344,19.350000381469727
2019-08-29,264.8482666015625,17.8799991607666
2019-08-30,264.7304382324219,18.979999542236328
2019-09-03,263.1825866699219,19.65999984741211
2019-09-04,266.1697082519531,17.329999923706055
2019-09-05,269.591552734375,16.270000457763672
2019-09-06,269.79974365234375,15.0
2019-09-09,269.9355163574219,15.270000457763672
2019-09-10,269.8721618652344,15.199999809265137
2019-09-11,271.7912292480469,14.609999656677246
2019-09-12,272.7325744628906,14.220000267028809
2019-09-13,272.5515441894531,13.739999771118164
2019-09-16,271.70965576171875,14.670000076293945
2019-09-17,272.39776611328125,14.4399995803833
2019-09-18,272.56060791015625,13.949999809265137
2019-09-19,272.5425109863281,14.050000190734863
2019-09-20,271.2547302246094,15.319999694824219
2019-09-23,271.19110107421875,14.90999984741211
2019-09-24,269.0631103515625,17.049999237060547
2019-09-25,270.6545715332031,15.960000038146973
2019-09-26,270.09075927734375,16.06999969482422
2019-09-27,268.6356506347656,17.219999313354492
2019-09-30,269.8817138671875,16.239999771118164
2019-10-01,266.6714172363281,18.559999465942383
2019-10-02,261.9607238769531,20.559999465942383
2019-10-03,264.10693359375,19.1200008392334
2019-10-04,267.680908203125,17.040000915527344
2019-10-07,266.52587890625,17.860000610351562
2019-10-08,262.38818359375,20.280000686645508
2019-10-09,264.87994384765625,18.639999389648438
2019-10-10,266.6714172363281,17.56999969482422
2019-10-11,269.4360656738281,15.579999923706055
2019-10-14,269.13592529296875,14.569999694824219
2019-10-15,271.80047607421875,13.539999961853027
2019-10-16,271.36395263671875,13.680000305175781
2019-10-17,272.1641540527344,13.789999961853027
2019-10-18,270.9728698730469,14.25
2019-10-21,272.80987548828125,14.0
2019-10-22,271.918701171875,14.460000038146973
2019-10-23,272.70989990234375,14.010000228881836
2019-10-24,273.1554870605469,13.710000038146973
2019-10-25,274.2740478515625,12.649999618530273
2019-10-28,275.8199462890625,13.109999656677246
2019-10-29,275.7381896972656,13.199999809265137
2019-10-30,276.5838928222656,12.329999923706055
2019-10-31,275.8471984863281,13.220000267028809
2019-11-01,278.4027099609375,12.300000190734863
2019-11-04,279.5212707519531,12.829999923706055
2019-11-05,279.2120361328125,13.100000381469727
2019-11-06,279.2757263183594,12.619999885559082
2019-11-07,280.2577819824219,12.729999542236328
2019-11-08,280.94903564453125,12.069999694824219
2019-11-11,280.4124450683594,12.6899995803833
2019-11-12,281.0035095214844,12.680000305175781
2019-11-13,281.094482421875,13.0
2019-11-14,281.5036926269531,13.050000190734863
2019-11-15,283.5408020019531,12.050000190734863
2019-11-18,283.7498474121094,12.460000038146973
2019-11-19,283.6680908203125,12.859999656677246
2019-11-20,282.6131896972656,12.779999732971191
2019-11-21,282.1584167480469,13.130000114440918
2019-11-22,282.7860107421875,12.34000015258789
2019-11-25,284.9776306152344,11.869999885559082
2019-11-26,285.6232604980469,11.539999961853027
2019-11-27,286.8963928222656,11.75
2019-11-29,285.83245849609375,12.619999885559082
2019-12-02,283.4043273925781,14.90999984741211
2019-12-03,281.5036926269531,15.960000038146973
2019-12-04,283.2406311035156,14.800000190734863
2019-12-05,283.7498474121094,14.520000457763672
2019-12-06,286.3417663574219,13.619999885559082
2019-12-09,285.44146728515625,15.859999656677246
2019-12-10,285.123046875,15.680000305175781
2019-12-11,285.9326171875,14.989999771118164
2019-12-12,288.39697265625,13.9399995803833
2019-12-13,288.5697326660156,12.630000114440918
2019-12-16,290.55224609375,12.140000343322754
2019-12-17,290.61590576171875,12.289999961853027
2019-12-18,290.63409423828125,12.579999923706055
2019-12-19,291.8254089355469,12.5
2019-12-20,293.1048278808594,12.510000228881836
2019-12-23,293.5526123046875,12.609999656677246
2019-12-24,293.5617370605469,12.670000076293945
2019-12-26,295.1244812011719,12.649999618530273
2019-12-27,295.05133056640625,13.430000305175781
2019-12-30,293.4245910644531,14.819999694824219
2019-12-31,294.1374206542969,13.779999732971191
2020-01-02,296.8882141113281,12.470000267028809
2020-01-03,294.64007568359375,14.020000457763672
2020-01-06,295.7641906738281,13.850000381469727
2020-01-07,294.9324951171875,13.789999961853027
2020-01-08,296.5044250488281,13.449999809265137
2020-01-09,298.5148620605469,12.539999961853027
2020-01-10,297.6558532714844,12.5600004196167
2020-01-13,299.7029113769531,12.319999694824219
2020-01-14,299.2459411621094,12.390000343322754
2020-01-15,299.9222717285156,12.420000076293945
2020-01-16,302.4170227050781,12.319999694824219
2020-01-17,303.35833740234375,12.100000381469727
2020-01-21,302.7643737792969,12.850000381469727
2020-01-22,302.8008728027344,12.90999984741211
2020-01-23,303.14813232421875,12.979999542236328
2020-01-24,300.4523010253906,14.5600004196167
2020-01-27,295.6362609863281,18.229999542236328
2020-01-28,298.7342834472656,16.280000686645508
2020-01-29,298.4874267578125,16.389999389648438
2020-01-30,299.4561462402344,15.489999771118164
2020-01-31,294.0186462402344,18.84000015258789
2020-02-03,296.2028503417969,17.969999313354492
2020-02-04,300.7173767089844,16.049999237060547
2020-02-05,304.18988037109375,15.149999618530273
2020-02-06,305.2135314941406,14.960000038146973
2020-02-07,303.58685302734375,15.470000267028809
2020-02-10,305.8532409667969,15.039999961853027
2020-02-11,306.38330078125,15.180000305175781
2020-02-12,308.3572082519531,13.739999771118164
2020-02-13,308.0281982421875,14.149999618530273
2020-02-14,308.521728515625,13.680000305175781
2020-02-18,307.7266845703125,14.829999923706055
2020-02-19,309.19793701171875,14.380000114440918
2020-02-20,307.9277038574219,15.5600004196167
2020-02-21,304.7565612792969,17.079999923706055
2020-02-24,294.64923095703125,25.030000686645508
2020-02-25,285.7207336425781,27.850000381469727
2020-02-26,284.6697082519531,27.559999465942383
2020-02-27,271.8847351074219,39.15999984741211
2020-02-28,270.74237060546875,40.11000061035156
2020-03-02,282.46734619140625,33.41999816894531
2020-03-03,274.3796081542969,36.81999969482422
2020-03-04,285.9126892089844,31.989999771118164
2020-03-05,276.40838623046875,39.619998931884766
2020-03-06,271.83905029296875,41.939998626708984
2020-03-09,250.60995483398438,54.459999084472656
2020-03-10,263.5777282714844,47.29999923706055
2020-03-11,250.72860717773438,53.900001525878906
2020-03-12,226.7397003173828,75.47000122070312
2020-03-13,246.12277221679688,57.83000183105469
2020-03-16,219.19117736816406,82.69000244140625
2020-03-17,231.0257568359375,75.91000366210938
2020-03-18,219.3282470703125,76.44999694824219
2020-03-19,219.79434204101562,72.0
2020-03-20,210.3224334716797,66.04000091552734
2020-03-23,204.9449005126953,61.59000015258789
2020-03-24,223.51351928710938,61.66999816894531
2020-03-25,226.85955810546875,63.95000076293945
2020-03-26,240.10586547851562,61.0
2020-03-27,232.95416259765625,65.54000091552734
2020-03-30,240.51951599121094,57.08000183105469
2020-03-31,236.9344940185547,53.540000915527344
2020-04-01,226.27130126953125,57.060001373291016
2020-04-02,231.4925994873047,50.90999984741211
2020-04-03,228.14651489257812,46.79999923706055
2020-04-06,243.4702911376953,45.2400016784668
2020-04-07,243.718505859375,46.70000076293945
2020-04-08,251.8997344970703,43.349998474121094
2020-04-09,255.73301696777344,41.66999816894531
2020-04-13,253.3981170654297,41.16999816894531
2020-04-14,260.87158203125,37.7599983215332
2020-04-15,255.3284912109375,40.84000015258789
2020-04-16,256.560302734375,40.11000061035156
2020-04-17,263.49139404296875,38.150001525878906
2020-04-20,258.8492126464844,43.83000183105469
2020-04-21,250.9897003173828,45.40999984741211
2020-04-22,256.560302734375,41.97999954223633
2020-04-23,256.5418701171875,41.380001068115234
2020-04-24,260.11773681640625,35.93000030517578
2020-04-27,263.8682556152344,33.290000915527344
2020-04-28,262.65484619140625,33.56999969482422
2020-04-29,269.5307312011719,31.229999542236328
2020-04-30,267.021240234375,34.150001525878906
2020-05-01,259.9522705078125,37.189998626708984
2020-05-04,260.6692199707031,35.970001220703125
2020-05-05,263.07769775390625,33.61000061035156
2020-05-06,261.2943115234375,34.119998931884766
2020-05-07,264.44732666015625,31.440000534057617
2020-05-08,268.822998046875,27.979999542236328
2020-05-11,268.87811279296875,27.56999969482422
2020-05-12,263.5189208984375,33.040000915527344
2020-05-13,258.8584289550781,35.279998779296875
2020-05-14,261.9562683105469,32.61000061035156
2020-05-15,263.1605529785156,31.889999389648438
2020-05-18,271.1762390136719,29.299999237060547
2020-05-19,268.39093017578125,30.530000686645508
2020-05-20,272.9503479003906,27.989999771118164
2020-05-21,271.06591796875,29.530000686645508
2020-05-22,271.5807189941406,28.15999984741211
2020-05-26,274.9266662597656,28.010000228881836
2020-05-27,279.0173645019531,27.6200008392334
2020-05-28,278.5025939941406,28.59000015258789
2020-05-29,279.7435302734375,27.510000228881836
2020-06-01,280.87408447265625,28.229999542236328
2020-06-02,283.1998596191406,26.84000015258789
2020-06-03,286.96881103515625,25.65999984741211
2020-06-04,286.2149963378906,25.809999465942383
2020-06-05,293.5505676269531,24.520000457763672
2020-06-08,297.0988464355469,25.809999465942383
2020-06-09,294.8834228515625,27.56999969482422
2020-06-10,293.238037109375,27.56999969482422
2020-06-11,276.3331604003906,40.790000915527344
2020-06-12,279.6424255371094,36.09000015258789
2020-06-15,282.2530212402344,34.400001525878906
2020-06-16,287.6858215332031,33.66999816894531
2020-06-17,286.49078369140625,33.470001220703125
2020-06-18,286.60113525390625,32.939998626708984
2020-06-19,284.9632568359375,35.119998931884766
2020-06-22,286.7912292480469,31.770000457763672
2020-06-23,288.1116027832031,31.3700008392334
2020-06-24,280.7621765136719,33.84000015258789
2020-06-25,283.77215576171875,32.220001220703125
2020-06-26,277.0321044921875,34.72999954223633
2020-06-29,281.10382080078125,31.780000686645508
2020-06-30,284.70465087890625,30.43000030517578
2020-07-01,286.698974609375,28.6200008392334
2020-07-02,288.27783203125,27.68000030517578
2020-07-06,292.7279052734375,27.940000534057617
2020-07-07,289.7088928222656,29.43000030517578
2020-07-08,291.92474365234375,28.079999923706055
2020-07-09,290.2628479003906,29.260000228881836
2020-07-10,293.22662353515625,27.290000915527344
2020-07-13,290.6875915527344,32.189998626708984
2020-07-14,294.4546203613281,29.520000457763672
2020-07-15,297.1597595214844,27.760000228881836
2020-07-16,296.18109130859375,28.0
2020-07-17,297.03973388671875,25.68000030517578
2020-07-20,299.44036865234375,24.459999084472656
2020-07-21,300.0774841308594,24.84000015258789
2020-07-22,301.7855224609375,24.31999969482422
2020-07-23,298.18463134765625,26.079999923706055
2020-07-24,296.26422119140625,25.84000015258789
2020-07-27,298.4247131347656,24.739999771118164
2020-07-28,296.53204345703125,25.440000534057617
2020-07-29,300.1788635253906,24.100000381469727
2020-07-30,299.1080017089844,24.760000228881836
2020-07-31,301.4715576171875,24.459999084472656
2020-08-03,303.5674743652344,24.280000686645508
2020-08-04,304.7398986816406,23.760000228881836
2020-08-05,306.6326599121094,22.989999771118164
2020-08-06,308.68243408203125,22.649999618530273
2020-08-07,308.9039611816406,22.209999084472656
2020-08-10,309.8272705078125,22.1299991607666
2020-08-11,307.2698059082031,24.030000686645508
2020-08-12,311.5538024902344,22.280000686645508
2020-08-13,310.9906311035156,22.1299991607666
2020-08-14,310.9999084472656,22.049999237060547
2020-08-17,311.9877624511719,21.350000381469727
2020-08-18,312.6618347167969,21.510000228881836
2020-08-19,311.3598937988281,22.540000915527344
2020-08-20,312.329345703125,22.719999313354492
2020-08-21,313.4372863769531,22.540000915527344
2020-08-24,316.61346435546875,22.3700008392334
2020-08-25,317.721435546875,22.030000686645508
2020-08-26,320.90673828125,23.270000457763672
2020-08-27,321.6083679199219,24.469999313354492
2020-08-28,323.6858215332031,22.959999084472656
2020-08-31,322.5131530761719,26.40999984741211
2020-09-01,325.5509338378906,26.1200008392334
2020-09-02,330.2596130371094,26.56999969482422
2020-09-03,318.89398193359375,33.599998474121094
2020-09-04,316.29034423828125,30.75
2020-09-08,307.64825439453125,31.459999084472656
2020-09-09,313.7236022949219,28.809999465942383
2020-09-10,308.2762145996094,29.709999084472656
2020-09-11,308.43310546875,26.8700008392334
2020-09-14,312.49560546875,25.850000381469727
2020-09-15,314.0743713378906,25.59000015258789
2020-09-16,312.8280334472656,26.040000915527344
2020-09-17,310.0766296386719,26.459999084472656
2020-09-18,306.5067443847656,25.829999923706055
2020-09-21,303.0954284667969,27.780000686645508
2020-09-22,306.1823425292969,26.860000610351562
2020-09-23,299.0816345214844,28.579999923706055
2020-09-24,299.8789367675781,28.510000228881836
2020-09-25,304.7270202636719,26.3799991607666
2020-09-28,309.7882995605469,26.190000534057617
2020-09-29,308.1011657714844,26.270000457763672
2020-09-30,310.4372863769531,26.3700008392334
2020-10-01,312.43017578125,26.700000762939453
2020-10-02,309.46380615234375,27.6299991607666
2020-10-05,314.9516296386719,27.959999084472656
2020-10-06,310.4742126464844,29.479999542236328
2020-10-07,315.8785705566406,28.059999465942383
2020-10-08,318.677978515625,26.360000610351562
2020-10-09,321.52386474609375,25.0
2020-10-12,326.6964111328125,25.06999969482422
2020-10-13,324.5644226074219,26.06999969482422
2020-10-14,322.52508544921875,26.399999618530273
2020-10-15,322.12640380859375,26.969999313354492
2020-10-16,321.9317626953125,27.40999984741211
2020-10-19,317.03729248046875,29.18000030517578
2020-10-20,318.30731201171875,29.350000381469727
2020-10-21,317.70477294921875,28.649999618530273
2020-10-22,319.4474182128906,28.110000610351562
2020-10-23,320.5321044921875,27.549999237060547
2020-10-26,314.608642578125,32.459999084472656
2020-10-27,313.52398681640625,33.349998474121094
2020-10-28,302.80810546875,40.279998779296875
2020-10-29,305.8857116699219,37.59000015258789
2020-10-30,302.69696044921875,38.02000045776367
2020-11-02,306.0896301269531,37.130001068115234
2020-11-03,311.493896484375,35.54999923706055
2020-11-04,318.45556640625,29.56999969482422
2020-11-05,324.6663513183594,27.579999923706055
2020-11-06,324.59222412109375,24.860000610351562
2020-11-09,328.6708984375,25.75
2020-11-10,328.1889343261719,24.799999237060547
2020-11-11,330.626953125,23.450000762939453
2020-11-12,327.41943359375,25.350000381469727
2020-11-13,331.95245361328125,23.100000381469727
2020-11-16,336.09613037109375,22.450000762939453
2020-11-17,334.2884521484375,22.709999084472656
2020-11-18,330.26531982421875,23.84000015258789
2020-11-19,331.6557922363281,23.110000610351562
2020-11-20,329.3846435546875,23.700000762939453
2020-11-23,331.3591613769531,22.65999984741211
2020-11-24,336.6986083984375,21.639999389648438
2020-11-25,336.1794738769531,21.25
2020-11-27,337.1158142089844,20.84000015258789
2020-11-30,335.6233825683594,20.56999969482422
2020-12-01,339.29412841796875,20.770000457763672
2020-12-02,340.0079345703125,21.170000076293945
2020-12-03,339.9152526855469,21.280000686645508
2020-12-04,342.8445129394531,20.790000915527344
2020-12-07,342.1399841308594,21.299999237060547
2020-12-08,343.14117431640625,20.68000030517578
2020-12-09,340.06353759765625,22.270000457763672
2020-12-10,339.9522399902344,22.520000457763672
2020-12-11,339.55377197265625,23.309999465942383
2020-12-14,338.0334777832031,24.719999313354492
2020-12-15,342.6034851074219,22.889999389648438
2020-12-16,343.14117431640625,22.5
2020-12-17,345.06005859375,21.93000030517578
2020-12-18,343.68218994140625,21.56999969482422
2020-12-21,342.4533996582031,25.15999984741211
2020-12-22,341.876220703125,24.229999542236328
2020-12-23,342.1834411621094,23.309999465942383
2020-12-24,343.5145263671875,21.530000686645508
2020-12-28,346.46563720703125,21.700000762939453
2020-12-29,345.8046875,23.079999923706055
2020-12-30,346.2981262207031,22.770000457763672
2020-12-31,348.0575256347656,22.75
2021-01-04,343.319091796875,26.969999313354492
2021-01-05,345.6836853027344,25.34000015258789
2021-01-06,347.7503662109375,25.06999969482422
2021-01-07,352.9171447753906,22.3700008392334
2021-01-08,354.9278564453125,21.559999465942383
2021-01-11,352.5353088378906,24.079999923706055
2021-01-12,352.60980224609375,23.329999923706055
2021-01-13,353.55938720703125,22.209999084472656
2021-01-14,352.3212890625,23.25
2021-01-15,349.75177001953125,24.34000015258789
2021-01-19,352.49810791015625,23.239999771118164
2021-01-20,357.376220703125,21.579999923706055
2021-01-21,357.7020568847656,21.31999969482422
2021-01-22,356.43597412109375,21.90999984741211
2021-01-25,357.8416748046875,23.190000534057617
2021-01-26,357.2831726074219,23.020000457763672
2021-01-27,348.5510559082031,37.209999084472656
2021-01-28,351.5486755371094,30.209999084472656
2021-01-29,344.51068115234375,33.09000015258789
2021-02-01,350.2452392578125,30.239999771118164
2021-02-02,355.1978454589844,25.559999465942383
2021-02-03,355.47711181640625,22.90999984741211
2021-02-04,359.5173645019531,21.770000457763672
2021-02-05,360.9324035644531,20.8700008392334
2021-02-08,363.5390625,21.239999771118164
2021-02-09,363.2969665527344,21.6299991607666
2021-02-10,363.13873291015625,21.989999771118164
2021-02-11,363.7252197265625,21.25
2021-02-12,365.5218811035156,19.969999313354492
2021-02-16,365.205322265625,21.459999084472656
2021-02-17,365.2892761230469,21.5
2021-02-18,363.7344970703125,22.489999771118164
2021-02-19,363.0921936035156,22.049999237060547
2021-02-22,360.29931640625,23.450000762939453
2021-02-23,360.73687744140625,23.110000610351562
2021-02-24,364.7119445800781,21.34000015258789
2021-02-25,355.9239807128906,28.889999389648438
2021-02-26,354.0899658203125,27.950000762939453
2021-03-01,362.6732177734375,23.350000381469727
2021-03-02,359.84320068359375,24.100000381469727
2021-03-03,355.0768127441406,26.670000076293945
2021-03-04,350.6828308105469,28.56999969482422
2021-03-05,357.1341552734375,24.65999984741211
2021-03-08,355.35614013671875,25.469999313354492
2021-03-09,360.4296569824219,24.030000686645508
2021-03-10,362.6732177734375,22.559999465942383
2021-03-11,366.350341796875,21.90999984741211
2021-03-12,366.8438415527344,20.690000534057617
2021-03-15,369.03155517578125,20.030000686645508
2021-03-16,368.5660095214844,19.790000915527344
2021-03-17,369.8228759765625,19.229999542236328
2021-03-18,364.4419860839844,21.579999923706055
2021-03-19,363.7676696777344,20.950000762939453
2021-03-22,366.6723937988281,18.8799991607666
2021-03-23,363.78631591796875,20.299999237060547
2021-03-24,361.93707275390625,21.200000762939453
2021-03-25,363.97314453125,19.809999465942383
2021-03-26,369.83856201171875,18.860000610351562
2021-03-29,369.6517639160156,20.739999771118164
2021-03-30,368.6710510253906,19.610000610351562
2021-03-31,370.1654968261719,19.399999618530273
2021-04-01,374.1628723144531,17.329999923706055
2021-04-05,379.53326416015625,17.90999984741211
2021-04-06,379.30914306640625,18.1200008392334
2021-04-07,379.7480773925781,17.15999984741211
2021-04-08,381.5506286621094,16.950000762939453
2021-04-09,384.3246154785156,16.690000534057617
2021-04-12,384.46478271484375,16.90999984741211
2021-04-13,385.6042175292969,16.649999618530273
2021-04-14,384.2872619628906,16.989999771118164
2021-04-15,388.4155578613281,16.56999969482422
2021-04-16,389.7137451171875,16.25
2021-04-19,387.7990417480469,17.290000915527344
2021-04-20,384.95977783203125,18.68000030517578
2021-04-21,388.6023254394531,17.5
2021-04-22,385.0531005859375,18.709999084472656
2021-04-23,389.22808837890625,17.329999923706055
2021-04-26,390.0406494140625,17.639999389648438
2021-04-27,389.9566345214844,17.559999465942383
2021-04-28,389.844482421875,17.280000686645508
2021-04-29,392.3288879394531,17.610000610351562
2021-04-30,389.7510681152344,18.610000610351562
2021-05-03,390.5916748046875,18.309999465942383
2021-05-04,388.1820373535156,19.479999542236328
2021-05-05,388.3034362792969,19.149999618530273
2021-05-06,391.4042053222656,18.389999389648438
2021-05-07,394.2528991699219,16.690000534057617
2021-05-10,390.3489074707031,19.65999984741211
2021-05-11,386.8651428222656,21.84000015258789
2021-05-12,378.6460266113281,27.59000015258789
2021-05-13,383.19451904296875,23.1299991607666
2021-05-14,389.0785217285156,18.809999465942383
2021-05-17,388.0885925292969,19.719999313354492
2021-05-18,384.74493408203125,21.34000015258789
2021-05-19,383.7362365722656,22.18000030517578
2021-05-20,387.8644104003906,20.670000076293945
2021-05-21,387.546875,20.149999618530273
2021-05-24,391.4976501464844,18.399999618530273
2021-05-25,390.6290283203125,18.84000015258789
2021-05-26,391.4042053222656,17.360000610351562
2021-05-27,391.60968017578125,16.739999771118164
2021-05-28,392.3102722167969,16.760000228881836
2021-06-01,391.9646301269531,17.899999618530273
2021-06-02,392.58099365234375,17.479999542236328
2021-06-03,391.1240539550781,18.040000915527344
2021-06-04,394.701171875,16.420000076293945
2021-06-07,394.3182678222656,16.420000076293945
2021-06-08,394.4023132324219,17.06999969482422
2021-06-09,393.8139343261719,17.889999389648438
2021-06-10,395.64453125,16.100000381469727
2021-06-11,396.2983093261719,15.649999618530273
2021-06-14,397.18560791015625,16.389999389648438
2021-06-15,396.4571228027344,17.020000457763672
2021-06-16,394.2435302734375,18.149999618530273
2021-06-17,394.11285400390625,17.75
2021-06-18,388.7960510253906,20.700000762939453
2021-06-21,394.362060546875,17.889999389648438
2021-06-22,396.47039794921875,16.65999984741211
2021-06-23,395.9924621582031,16.31999969482422
2021-06-24,398.3351135253906,15.970000267028809
2021-06-25,399.7499694824219,15.619999885559082
2021-06-28,400.555908203125,15.760000228881836
2021-06-29,400.7713928222656,16.020000457763672
2021-06-30,401.10870361328125,15.829999923706055
2021-07-01,403.32958984375,15.479999542236328
2021-07-02,406.41241455078125,15.069999694824219
2021-07-06,405.6720886230469,16.440000534057617
2021-07-07,407.10577392578125,16.200000762939453
2021-07-08,403.7886962890625,19.0
2021-07-09,408.0990295410156,16.18000030517578
2021-07-12,409.56085205078125,16.170000076293945
2021-07-13,408.1646423339844,17.1200008392334
2021-07-14,408.7736511230469,16.329999923706055
2021-07-15,407.37750244140625,17.010000228881836
2021-07-16,404.1822509765625,18.450000762939453
2021-07-19,398.2133483886719,22.5
2021-07-20,403.9198303222656,19.729999542236328
2021-07-21,407.1900939941406,17.90999984741211
2021-07-22,408.0428161621094,17.690000534057617
2021-07-23,412.24072265625,17.200000762939453
2021-07-26,413.252685546875,17.579999923706055
2021-07-27,411.3692932128906,19.360000610351562
2021-07-28,411.2005920410156,18.309999465942383
2021-07-29,412.90606689453125,17.700000762939453
2021-07-30,410.9007568359375,18.239999771118164
2021-08-02,410.0386657714844,19.459999084472656
2021-08-03,413.3745422363281,18.040000915527344
2021-08-04,411.3412170410156,17.969999313354492
2021-08-05,413.9461364746094,17.280000686645508
2021-08-06,414.63018798828125,16.149999618530273
2021-08-09,414.2928161621094,16.719999313354492
2021-08-10,414.8082580566406,16.790000915527344
2021-08-11,415.8389892578125,16.170000076293945
2021-08-12,417.0851745605469,15.59000015258789
2021-08-13,417.8442687988281,15.449999809265137
2021-08-16,418.828125,16.1200008392334
2021-08-17,416.0826416015625,17.90999984741211
2021-08-18,411.528564453125,21.56999969482422
2021-08-19,412.165771484375,21.670000076293945
2021-08-20,415.4454345703125,18.559999465942383
2021-08-23,419.099853515625,17.149999618530273
2021-08-24,419.76519775390625,17.219999313354492
2021-08-25,420.64599609375,16.790000915527344
2021-08-26,418.162841796875,18.84000015258789
2021-08-27,421.901611328125,16.389999389648438
2021-08-30,423.7569580078125,16.190000534057617
2021-08-31,423.1291198730469,16.479999542236328
2021-09-01,423.35406494140625,16.110000610351562
2021-09-02,424.6564636230469,16.40999984741211
2021-09-03,424.5534362792969,16.40999984741211
2021-09-07,423.03546142578125,18.139999389648438
2021-09-08,422.52001953125,17.959999084472656
2021-09-09,420.7116394042969,18.799999237060547
2021-09-10,417.3945007324219,20.950000762939453
2021-09-13,418.4626159667969,19.3700008392334
2021-09-14,416.2044372558594,19.459999084472656
2021-09-15,419.68084716796875,18.18000030517578
2021-09-16,419.015625,18.690000534057617
2021-09-17,414.93389892578125,20.809999465942383
2021-09-20,408.01519775390625,25.709999084472656
2021-09-21,407.6297912597656,24.360000610351562
2021-09-22,411.6061706542969,20.8700008392334
2021-09-23,416.6072082519531,18.6299991607666
2021-09-24,417.29339599609375,17.75
2021-09-27,416.099609375,18.760000228881836
2021-09-28,407.7143249511719,23.25
2021-09-29,408.4006042480469,22.559999465942383
2021-09-30,403.4090576171875,23.139999389648438
2021-10-01,408.20318603515625,21.100000381469727
2021-10-04,402.9389953613281,22.959999084472656
2021-10-05,407.1315002441406,21.299999237060547
2021-10-06,408.8236999511719,21.0
2021-10-07,412.35821533203125,19.540000915527344
2021-10-08,411.6061706542969,18.770000457763672
2021-10-11,408.6262512207031,20.0
2021-10-12,407.6203308105469,19.850000381469727
2021-10-13,409.08685302734375,18.639999389648438
2021-10-14,415.9679260253906,16.860000610351562
2021-10-15,419.1358337402344,16.299999237060547
2021-10-18,420.37677001953125,16.309999465942383
2021-10-19,423.619873046875,15.699999809265137
2021-10-20,425.2837219238281,15.489999771118164
2021-10-21,426.3929443359375,15.010000228881836
2021-10-22,425.9512023925781,15.430000305175781
2021-10-25,428.2354431152344,15.239999771118164
2021-10-26,428.6209411621094,15.979999542236328
2021-10-27,426.72198486328125,16.979999542236328
2021-10-28,430.8394775390625,16.530000686645508
2021-10-29,431.7136535644531,16.260000228881836
2021-11-01,432.456298828125,16.40999984741211
2021-11-02,434.2046813964844,16.030000686645508
2021-11-03,436.8556823730469,15.100000381469727
2021-11-04,438.91424560546875,15.4399995803833
2021-11-05,440.43719482421875,16.479999542236328
2021-11-08,440.8132019042969,17.219999313354492
2021-11-09,439.35614013671875,17.780000686645508
2021-11-10,435.8216247558594,18.729999542236328
2021-11-11,435.962646484375,17.65999984741211
2021-11-12,439.252685546875,16.290000915527344
2021-11-15,439.4031677246094,16.489999771118164
2021-11-16,441.1422119140625,16.3700008392334
2021-11-17,440.07061767578125,17.110000610351562
2021-11-18,441.56524658203125,17.59000015258789
2021-11-19,440.7756042480469,17.90999984741211
2021-11-22,439.53472900390625,19.170000076293945
2021-11-23,440.1175842285156,19.3799991607666
2021-11-24,441.2926330566406,18.579999923706055
2021-11-26,431.45037841796875,28.6200008392334
2021-11-29,436.7427978515625,22.959999084472656
2021-11-30,428.2448425292969,27.190000534057617
2021-12-01,423.48822021484375,31.1200008392334
2021-12-02,429.97454833984375,27.950000762939453
2021-12-03,426.2331848144531,30.670000076293945
2021-12-06,431.28118896484375,27.18000030517578
2021-12-07,440.2021789550781,21.889999389648438
2021-12-08,441.3678283691406,19.899999618530273
2021-12-09,438.38787841796875,21.579999923706055
2021-12-10,442.5146484375,18.690000534057617
2021-12-13,438.5947570800781,20.309999465942383
2021-12-14,435.5771789550781,21.889999389648438
2021-12-15,442.38311767578125,19.290000915527344
2021-12-16,438.4818420410156,20.56999969482422
2021-12-17,433.815185546875,21.56999969482422
2021-12-20,429.2022399902344,22.8700008392334
2021-12-21,436.8244323730469,21.010000228881836
2021-12-22,441.19219970703125,18.6299991607666
2021-12-23,443.9372863769531,17.959999084472656
2021-12-27,450.2199401855469,17.68000030517578
2021-12-28,449.8519592285156,17.540000915527344
2021-12-29,450.42742919921875,16.950000762939453
2021-12-30,449.1822814941406,17.329999923706055
2021-12-31,448.05023193359375,17.219999313354492
2022-01-03,450.6444091796875,16.600000381469727
2022-01-04,450.4934997558594,16.90999984741211
2022-01-05,441.84307861328125,19.729999542236328
2022-01-06,441.427978515625,19.610000610351562
2022-01-07,439.6827697753906,18.760000228881836
2022-01-10,439.1355895996094,19.399999618530273
2022-01-11,443.1354675292969,18.40999984741211
2022-01-12,444.3335266113281,17.6200008392334
2022-01-13,438.2112121582031,20.309999465942383
2022-01-14,438.3904724121094,19.190000534057617
2022-01-18,430.62664794921875,22.790000915527344
2022-01-19,426.1552429199219,23.850000381469727
2022-01-20,421.43853759765625,25.59000015258789
2022-01-21,413.16546630859375,28.850000381469727
2022-01-24,414.9200439453125,29.899999618530273
2022-01-25,409.8542785644531,31.15999984741211
2022-01-26,408.82611083984375,31.959999084472656
2022-01-27,406.8072509765625,30.489999771118164
2022-01-28,416.9105224609375,27.65999984741211
2022-01-31,424.41943359375,24.829999923706055
2022-02-01,427.28729248046875,21.959999084472656
2022-02-02,431.4379577636719,22.09000015258789
2022-02-03,421.2970886230469,24.350000381469727
2022-02-04,423.278076171875,23.219999313354492
2022-02-07,421.91961669921875,22.860000610351562
2022-02-08,425.3912048339844,21.440000534057617
2022-02-09,431.61724853515625,19.959999084472656
2022-02-10,423.8629150390625,23.90999984741211
2022-02-11,415.5049743652344,27.360000610351562
2022-02-14,414.1464538574219,28.329999923706055
2022-02-15,420.8253479003906,25.700000762939453
2022-02-16,421.2970886230469,24.290000915527344
2022-02-17,412.29754638671875,28.110000610351562
2022-02-18,409.6279296875,27.75
2022-02-22,405.2319030761719,28.809999465942383
2022-02-23,398.043701171875,31.020000457763672
2022-02-24,404.0338134765625,30.31999969482422
2022-02-25,412.94842529296875,27.59000015258789
2022-02-28,411.89190673828125,30.149999618530273
2022-03-01,405.6186218261719,33.31999969482422
2022-03-02,413.0804748535156,30.739999771118164
2022-03-03,411.0240173339844,30.479999542236328
2022-03-04,407.6845703125,31.979999542236328
2022-03-07,395.6663818359375,36.45000076293945
2022-03-08,392.66656494140625,35.130001068115234
2022-03-09,403.1942443847656,32.45000076293945
2022-03-10,401.3736267089844,30.229999542236328
2022-03-11,396.2701110839844,30.75
2022-03-14,393.3740539550781,31.770000457763672
2022-03-15,402.0245056152344,29.829999923706055
2022-03-16,410.93914794921875,26.670000076293945
2022-03-17,416.08026123046875,25.670000076293945
2022-03-18,420.6375427246094,23.8700008392334
2022-03-21,420.5146179199219,23.530000686645508
2022-03-22,425.4352111816406,22.940000534057617
2022-03-23,419.956298828125,23.56999969482422
2022-03-24,426.286865234375,21.670000076293945
2022-03-25,428.36859130859375,20.809999465942383
2022-03-28,431.4156799316406,19.6299991607666
2022-03-29,436.75262451171875,18.899999618530273
2022-03-30,434.05572509765625,19.329999923706055
2022-03-31,427.3751525878906,20.559999465942383
2022-04-01,428.5863037109375,19.6299991607666
2022-04-04,432.25787353515625,18.56999969482422
2022-04-05,426.7978210449219,21.030000686645508
2022-04-06,422.5300598144531,22.100000381469727
2022-04-07,424.65924072265625,21.549999237060547
2022-04-08,423.5237731933594,21.15999984741211
2022-04-11,416.28472900390625,24.3700008392334
2022-04-12,414.7423095703125,24.260000228881836
2022-04-13,419.4925842285156,21.81999969482422
2022-04-14,414.26922607421875,22.700000762939453
2022-04-18,414.4394836425781,22.170000076293945
2022-04-19,421.1296691894531,21.3700008392334
2022-04-20,420.8173522949219,20.31999969482422
2022-04-21,414.524658203125,22.68000030517578
2022-04-22,403.1505126953125,28.209999084472656
2022-04-25,405.48773193359375,27.020000457763672
2022-04-26,393.7445068359375,33.52000045776367
2022-04-27,394.8516540527344,31.600000381469727
2022-04-28,404.82537841796875,29.989999771118164
2022-04-29,389.86474609375,33.400001525878906
2022-05-02,392.2115783691406,32.34000015258789
2022-05-03,394.0094909667969,29.25
2022-05-04,406.0082092285156,25.420000076293945
2022-05-05,391.5775451660156,31.200000762939453
2022-05-06,389.2402038574219,30.190000534057617
2022-05-09,376.77777099609375,34.75
2022-05-10,377.6484069824219,32.9900016784668
2022-05-11,371.6490478515625,32.560001373291016
2022-05-12,371.2609558105469,31.770000457763672
2022-05-13,380.1370544433594,28.8700008392334
2022-05-16,378.5946350097656,27.469999313354492
2022-05-17,386.3824462890625,26.100000381469727
2022-05-18,370.80682373046875,30.959999084472656
2022-05-19,368.53582763671875,29.350000381469727
2022-05-20,368.6966247558594,29.43000030517578
2022-05-23,375.59503173828125,28.479999542236328
2022-05-24,372.7277526855469,29.450000762939453
2022-05-25,376.0208740234375,28.3700008392334
2022-05-26,383.53424072265625,27.5
2022-05-27,392.9496154785156,25.719999313354492
2022-05-31,390.7447814941406,26.190000534057617
2022-06-01,387.584228515625,25.690000534057617
2022-06-02,394.9652404785156,24.719999313354492
2022-06-03,388.4833068847656,24.790000915527344
2022-06-06,389.66607666015625,25.06999969482422
2022-06-07,393.4038391113281,24.020000457763672
2022-06-08,389.12664794921875,23.959999084472656
2022-06-09,379.8721618652344,26.09000015258789
2022-06-10,368.8574523925781,27.75
2022-06-13,354.8526916503906,34.02000045776367
2022-06-14,353.7833557128906,32.689998626708984
2022-06-15,358.8270263671875,29.6200008392334
2022-06-16,346.9512023925781,32.95000076293945
2022-06-17,347.69921875,31.1299991607666
2022-06-21,356.4519958496094,30.190000534057617
2022-06-22,355.8057556152344,28.950000762939453
2022-06-23,359.2935791015625,29.049999237060547
2022-06-24,370.7169494628906,27.229999542236328
2022-06-27,369.3009338378906,26.950000762939453
2022-06-28,361.7550354003906,28.360000610351562
2022-06-29,361.46038818359375,28.15999984741211
2022-06-30,358.5237731933594,28.709999084472656
2022-07-01,362.31573486328125,26.700000762939453
2022-07-05,363.0000305175781,27.540000915527344
2022-07-06,364.2259826660156,26.729999542236328
2022-07-07,369.68109130859375,26.079999923706055
2022-07-08,369.3769226074219,24.639999389648438
2022-07-11,365.1573181152344,26.170000076293945
2022-07-12,361.92608642578125,27.290000915527344
2022-07-13,360.0253601074219,26.81999969482422
2022-07-14,359.15106201171875,26.399999618530273
2022-07-15,366.0126647949219,24.229999542236328
2022-07-18,362.9905090332031,25.299999237060547
2022-07-19,372.7981872558594,24.5
2022-07-20,375.1741943359375,23.8799991607666
2022-07-21,378.99456787109375,23.110000610351562
2022-07-22,375.47821044921875,23.030000686645508
2022-07-25,375.9344482421875,23.360000610351562
2022-07-26,371.48681640625,24.690000534057617
2022-07-27,381.1329345703125,23.239999771118164
2022-07-28,385.9132080078125,22.329999923706055
2022-07-29,391.53936767578125,21.329999923706055
2022-08-01,390.3799133300781,22.84000015258789
2022-08-02,387.8044738769531,23.93000030517578
2022-08-03,393.877197265625,21.950000762939453
2022-08-04,393.6112060546875,21.440000534057617
2022-08-05,392.9459228515625,21.149999618530273
2022-08-08,392.4897155761719,21.290000915527344
2022-08-09,390.93115234375,21.770000457763672
2022-08-10,399.14227294921875,19.739999771118164
2022-08-11,399.14227294921875,20.200000762939453
2022-08-12,405.8993225097656,19.530000686645508
2022-08-15,407.5718994140625,19.950000762939453
2022-08-16,408.37030029296875,19.690000534057617
2022-08-17,405.4716796875,19.899999618530273
2022-08-18,406.6501159667969,19.559999465942383
2022-08-19,401.1855773925781,20.600000381469727
2022-08-22,392.83184814453125,23.799999237060547
2022-08-23,391.8814697265625,24.110000610351562
2022-08-24,393.135986328125,22.81999969482422
2022-08-25,398.68609619140625,21.780000686645508
2022-08-26,385.19091796875,25.559999465942383
2022-08-29,382.6440124511719,26.209999084472656
2022-08-30,378.44342041015625,26.209999084472656
2022-08-31,375.5638427734375,25.8700008392334
2022-09-01,376.7422790527344,25.559999465942383
2022-09-02,372.7697448730469,25.469999313354492
2022-09-06,371.3631896972656,26.90999984741211
2022-09-07,378.0348205566406,24.639999389648438
2022-09-08,380.50567626953125,23.610000610351562
2022-09-09,386.41693115234375,22.790000915527344
2022-09-12,390.570068359375,23.8700008392334
2022-09-13,373.5870666503906,27.270000457763672
2022-09-14,375.0125427246094,26.15999984741211
2022-09-15,370.7549743652344,26.270000457763672
2022-09-16,367.926513671875,26.299999237060547
2022-09-19,370.77984619140625,25.760000228881836
2022-09-20,366.5237121582031,27.15999984741211
2022-09-21,360.130126953125,27.989999771118164
2022-09-22,357.10516357421875,27.350000381469727
2022-09-23,351.1219482421875,29.920000076293945
2022-09-26,347.64837646484375,32.2599983215332
2022-09-27,346.7609558105469,32.599998474121094
2022-09-28,353.5839538574219,30.18000030517578
2022-09-29,346.19793701171875,31.84000015258789
2022-09-30,340.8444519042969,31.6200008392334
2022-10-03,349.84320068359375,30.100000381469727
2022-10-04,360.6836853027344,29.06999969482422
2022-10-05,359.8438720703125,28.549999237060547
2022-10-06,356.13177490234375,30.520000457763672
2022-10-07,346.19793701171875,31.360000610351562
2022-10-10,343.5545959472656,32.45000076293945
2022-10-11,341.37884521484375,33.630001068115234
2022-10-12,340.25286865234375,33.56999969482422
2022-10-13,349.2324523925781,31.940000534057617
2022-10-14,341.27386474609375,32.02000045776367
2022-10-17,350.0436096191406,31.3700008392334
2022-10-18,354.156494140625,30.5
2022-10-19,351.646728515625,30.760000228881836
2022-10-20,348.6981201171875,29.979999542236328
2022-10-21,357.1719970703125,29.690000534057617
2022-10-24,361.54248046875,29.850000381469727
2022-10-25,367.3157958984375,28.459999084472656
2022-10-26,364.5484313964844,27.280000686645508
2022-10-27,362.60174560546875,27.389999389648438
2022-10-28,371.228271484375,25.75
2022-10-31,368.5467834472656,25.8799991607666
2022-11-01,366.9340515136719,25.809999465942383
2022-11-02,357.7254638671875,25.860000610351562
2022-11-03,354.0419616699219,25.299999237060547
2022-11-04,359.1377258300781,24.549999237060547
2022-11-07,362.5730895996094,24.350000381469727
2022-11-08,364.5293273925781,25.540000915527344
2022-11-09,357.019287109375,26.09000015258789
2022-11-10,376.6389465332031,23.530000686645508
2022-11-11,380.28424072265625,22.520000457763672
2022-11-14,377.0492858886719,23.729999542236328
2022-11-15,380.2651672363281,24.540000915527344
2022-11-16,377.3642578125,24.110000610351562
2022-11-17,376.2096252441406,23.93000030517578
2022-11-18,377.9176330566406,23.1200008392334
2022-11-21,376.54345703125,22.360000610351562
2022-11-22,381.61065673828125,21.290000915527344
2022-11-23,384.0154724121094,20.350000381469727
2022-11-25,383.9295654296875,20.5
2022-11-28,377.8031921386719,22.209999084472656
2022-11-29,377.154296875,21.889999389648438
2022-11-30,389.0348205566406,20.579999923706055
2022-12-01,388.7485656738281,19.84000015258789
2022-12-02,388.3000793457031,19.059999465942383
2022-12-05,381.3149108886719,20.75
2022-12-06,375.8183288574219,22.170000076293945
2022-12-07,375.178955078125,22.68000030517578
2022-12-08,378.1180725097656,22.290000915527344
2022-12-09,375.2934875488281,22.829999923706055
2022-12-12,380.70416259765625,25.0
2022-12-13,383.58599853515625,22.549999237060547
2022-12-14,381.1335754394531,21.139999389648438
2022-12-15,371.81036376953125,22.829999923706055
2022-12-16,367.4207763671875,22.6200008392334
2022-12-19,364.30511474609375,22.420000076293945
2022-12-20,364.8036193847656,21.479999542236328
2022-12-21,370.2583923339844,20.06999969482422
2022-12-22,364.9762268066406,21.969999313354492
2022-12-23,367.07562255859375,20.8700008392334
2022-12-27,365.6280517578125,21.649999618530273
2022-12-28,361.0841369628906,22.139999389648438
2022-12-29,367.583740234375,21.440000534057617
2022-12-30,366.615478515625,21.670000076293945
2023-01-03,365.072021484375,22.899999618530273
2023-01-04,367.8904724121094,22.010000228881836
2023-01-05,363.69158935546875,22.459999084472656
2023-01-06,372.0318298339844,21.1299991607666
2023-01-09,371.82086181640625,21.969999313354492
2023-01-10,374.42840576171875,20.579999923706055
2023-01-11,379.1641845703125,21.09000015258789
2023-01-12,380.54461669921875,18.829999923706055
2023-01-13,382.0209655761719,18.350000381469727
2023-01-17,381.3211364746094,19.360000610351562
2023-01-18,375.3008117675781,20.34000015258789
2023-01-19,372.5686340332031,20.520000457763672
2023-01-20,379.50927734375,19.850000381469727
2023-01-23,384.06292724609375,19.809999465942383
2023-01-24,383.650634765625,19.200000762939453
2023-01-25,383.7944030761719,19.079999923706055
2023-01-26,388.0124816894531,18.729999542236328
2023-01-27,388.9040222167969,18.510000228881836
2023-01-30,384.0245666503906,19.940000534057617
2023-01-31,389.6709899902344,19.399999618530273
2023-02-01,393.81231689453125,17.8700008392334
2023-02-02,399.5450134277344,18.729999542236328
2023-02-03,395.2982177734375,18.329999923706055
2023-02-06,392.8824157714844,19.43000030517578
2023-02-07,398.02081298828125,18.65999984741211
2023-02-08,393.66851806640625,19.6299991607666
2023-02-09,390.25567626953125,20.709999084472656
2023-02-10,391.16644287109375,20.530000686645508
2023-02-13,395.75830078125,20.34000015258789
2023-02-14,395.5762939453125,18.90999984741211
2023-02-15,396.86077880859375,18.229999542236328
2023-02-16,391.396484375,20.170000076293945
2023-02-17,390.418701171875,20.020000457763672
2023-02-21,382.5865173339844,22.8700008392334
2023-02-22,382.0592956542969,22.290000915527344
2023-02-23,384.09161376953125,21.139999389648438
2023-02-24,379.9885559082031,21.670000076293945
2023-02-27,381.2828063964844,20.950000762939453
2023-02-28,379.8735656738281,20.700000762939453
2023-03-01,378.41644287109375,20.579999923706055
2023-03-02,381.35943603515625,19.59000015258789
2023-03-03,387.47564697265625,18.489999771118164
2023-03-06,387.74407958984375,18.610000610351562
2023-03-07,381.8004455566406,19.59000015258789
2023-03-08,382.423583984375,19.110000610351562
2023-03-09,375.36798095703125,22.610000610351562
2023-03-10,369.95159912109375,24.799999237060547
2023-03-13,369.42431640625,26.520000457763672
2023-03-14,375.5308837890625,23.729999542236328
2023-03-15,373.1822204589844,26.139999389648438
2023-03-16,379.729736328125,22.989999771118164
2023-03-17,375.2896728515625,25.510000228881836
2023-03-20,378.8983154296875,24.149999618530273
2023-03-21,383.87347412109375,21.3799991607666
2023-03-22,377.32977294921875,22.260000228881836
2023-03-23,378.3498840332031,22.610000610351562
2023-03-24,380.8326416015625,21.739999771118164
2023-03-27,381.5447082519531,20.600000381469727
2023-03-28,380.6882629394531,19.969999313354492
2023-03-29,386.22149658203125,19.1200008392334
2023-03-30,388.4829406738281,19.020000457763672
2023-03-31,393.9584655761719,18.700000762939453
2023-04-03,395.4596862792969,18.549999237060547
2023-04-04,393.2655944824219,19.0
2023-04-05,392.2359924316406,19.079999923706055
2023-04-06,393.7660217285156,18.399999618530273
2023-04-10,394.1701354980469,18.969999313354492
2023-04-11,394.2760009765625,19.100000381469727
2023-04-12,392.6689453125,19.09000015258789
2023-04-13,397.8846740722656,17.799999237060547
2023-04-14,396.9126892089844,17.06999969482422
2023-04-17,398.3369140625,16.950000762939453
2023-04-18,398.59674072265625,16.829999923706055
2023-04-19,398.5294494628906,16.459999084472656
2023-04-20,396.3545837402344,17.170000076293945
2023-04-21,396.6624755859375,16.770000457763672
2023-04-24,397.07635498046875,16.889999389648438
2023-04-25,390.773193359375,18.760000228881836
2023-04-26,389.1180114746094,18.84000015258789
2023-04-27,396.8646545410156,17.030000686645508
2023-04-28,400.25189208984375,15.779999732971191
2023-05-01,399.8477478027344,16.079999923706055
2023-05-02,395.353759765625,17.780000686645508
2023-05-03,392.6401062011719,18.34000015258789
2023-05-04,389.85906982421875,20.09000015258789
2023-05-05,397.07635498046875,17.190000534057617
2023-05-08,397.1821594238281,16.979999542236328
2023-05-09,395.4403991699219,17.709999084472656
2023-05-10,397.28802490234375,16.940000534057617
2023-05-11,396.59515380859375,16.93000030517578
2023-05-12,396.0755615234375,17.030000686645508
2023-05-15,397.4419860839844,17.1200008392334
2023-05-16,394.7860107421875,17.989999771118164
2023-05-17,399.57830810546875,16.8700008392334
2023-05-18,403.4276123046875,16.049999237060547
2023-05-19,402.8404846191406,16.809999465942383
2023-05-22,403.004150390625,17.209999084472656
2023-05-23,398.4812316894531,18.530000686645508
2023-05-24,395.59429931640625,20.030000686645508
2023-05-25,399.0201721191406,19.139999389648438
2023-05-26,404.187744140625,17.950000762939453
2023-05-30,404.34173583984375,17.459999084472656
2023-05-31,402.099609375,17.940000534057617
2023-06-01,405.91986083984375,15.649999618530273
2023-06-02,411.7900085449219,14.600000381469727
2023-06-05,411.0008544921875,14.729999542236328
2023-06-06,411.8958435058594,13.960000038146973
2023-06-07,410.4715576171875,13.9399995803833
2023-06-08,412.9543762207031,13.649999618530273
2023-06-09,413.6952819824219,13.829999923706055
2023-06-12,417.44830322265625,15.010000228881836
2023-06-13,420.20050048828125,14.609999656677246
2023-06-14,420.700927734375,13.880000114440918
2023-06-15,425.9166564941406,14.5
2023-06-16,424.4658508300781,13.539999961853027
2023-06-20,422.263671875,13.880000114440918
2023-06-21,420.10003662109375,13.199999809265137
2023-06-22,421.616455078125,12.90999984741211
2023-06-23,418.4291076660156,13.4399995803833
2023-06-26,416.7195129394531,14.25
2023-06-27,421.28814697265625,13.739999771118164
2023-06-28,421.5006103515625,13.430000305175781
2023-06-29,423.1618957519531,13.539999961853027
2023-06-30,428.1554870605469,13.59000015258789
2023-07-03,428.648193359375,13.569999694824219
2023-07-05,428.0107116699219,14.180000305175781
2023-07-06,424.6590270996094,15.4399995803833
2023-07-07,423.58685302734375,14.829999923706055
2023-07-10,424.6590270996094,15.069999694824219
2023-07-11,427.3634948730469,14.84000015258789
2023-07-12,430.8020324707031,13.539999961853027
2023-07-13,434.22125244140625,13.609999656677246
2023-07-14,433.9507751464844,13.34000015258789
2023-07-17,435.4575500488281,13.479999542236328
2023-07-18,438.69329833984375,13.300000190734863
2023-07-19,439.6688232421875,13.760000228881836
2023-07-20,436.7518615722656,13.989999771118164
2023-07-21,436.7518615722656,13.600000381469727
2023-07-24,438.7029724121094,13.90999984741211
2023-07-25,439.9006652832031,13.859999656677246
2023-07-26,439.96820068359375,13.1899995803833
2023-07-27,437.0513000488281,14.40999984741211
2023-07-28,441.33013916015625,13.329999923706055
2023-07-31,442.1704406738281,13.630000114440918
2023-08-01,440.90509033203125,13.930000305175781
2023-08-02,434.7718200683594,16.09000015258789
2023-08-03,433.52581787109375,15.920000076293945
2023-08-04,431.5650939941406,17.100000381469727
2023-08-07,435.3320007324219,15.770000457763672
2023-08-08,433.4388732910156,15.989999771118164
2023-08-09,430.54119873046875,15.960000038146973
2023-08-10,430.6958312988281,15.850000381469727
2023-08-11,430.44464111328125,14.84000015258789
2023-08-14,432.8207702636719,14.819999694824219
2023-08-15,427.7788391113281,16.459999084472656
2023-08-16,424.6397705078125,16.780000686645508
2023-08-17,421.4040222167969,17.889999389648438
2023-08-18,421.6067810058594,17.299999237060547
2023-08-21,424.3499755859375,17.1299991607666
2023-08-22,423.2005310058594,16.969999313354492
2023-08-23,427.9140625,15.979999542236328
2023-08-24,421.98358154296875,17.200000762939453
2023-08-25,424.9584045410156,15.680000305175781
2023-08-28,427.65325927734375,15.079999923706055
2023-08-29,433.83489990234375,14.449999809265137
2023-08-30,435.6217956542969,13.880000114440918
2023-08-31,434.9843444824219,13.569999694824219
2023-09-01,435.7956237792969,13.09000015258789
2023-09-05,433.91217041015625,14.010000228881836
2023-09-06,430.99517822265625,14.449999809265137
2023-09-07,429.6719665527344,14.399999618530273
2023-09-08,430.3190612792969,13.84000015258789
2023-09-11,433.1491394042969,13.800000190734863
2023-09-12,430.7730407714844,14.229999542236328
2023-09-13,431.27532958984375,13.479999542236328
2023-09-14,434.99395751953125,12.819999694824219
2023-09-15,429.7530517578125,13.789999961853027
2023-09-18,430.0050354003906,14.0
2023-09-19,429.11328125,14.109999656677246
2023-09-20,425.1683044433594,15.140000343322754
2023-09-21,418.1409606933594,17.540000915527344
2023-09-22,417.20074462890625,17.200000762939453
2023-09-25,418.9551696777344,16.899999618530273
2023-09-26,412.8001708984375,18.940000534057617
2023-09-27,412.9649658203125,18.219999313354492
2023-09-28,415.3591003417969,17.34000015258789
2023-09-29,414.35101318359375,17.520000457763672
2023-10-02,414.1862487792969,17.610000610351562
2023-10-03,408.6418762207031,19.780000686645508
2023-10-04,411.6176452636719,18.579999923706055
2023-10-05,411.4625244140625,18.489999771118164
2023-10-06,416.3477783203125,17.450000762939453
2023-10-09,419.0133361816406,17.700000762939453
2023-10-10,421.1942138671875,17.030000686645508
2023-10-11,422.9195861816406,16.09000015258789
2023-10-12,420.3412170410156,16.690000534057617
2023-10-13,418.2475891113281,19.31999969482422
2023-10-16,422.64813232421875,17.209999084472656
2023-10-17,422.6287536621094,17.8799991607666
2023-10-18,416.9971618652344,19.219999313354492
2023-10-19,413.3332824707031,21.399999618530273
2023-10-20,408.2541809082031,21.709999084472656
2023-10-23,407.546630859375,20.3700008392334
2023-10-24,410.6192626953125,18.969999313354492
2023-10-25,404.7259826660156,20.190000534057617
2023-10-26,399.8795166015625,20.68000030517578
2023-10-27,398.0669860839844,21.270000457763672
2023-10-30,402.8262023925781,19.75
2023-10-31,405.3561096191406,18.139999389648438
2023-11-01,409.6790466308594,16.8700008392334
2023-11-02,417.53033447265625,15.65999984741211
2023-11-03,421.339599609375,14.90999984741211
2023-11-06,422.3088684082031,14.890000343322754
2023-11-07,423.51080322265625,14.8100004196167
2023-11-08,423.82098388671875,14.449999809265137
2023-11-09,420.5157165527344,15.289999961853027
2023-11-10,427.0777587890625,14.170000076293945
2023-11-13,426.670654296875,14.760000228881836
2023-11-14,434.94842529296875,14.15999984741211
2023-11-15,435.8691711425781,14.180000305175781
2023-11-16,436.4023132324219,14.319999694824219
2023-11-17,436.9451904296875,13.800000190734863
2023-11-20,440.30853271484375,13.40999984741211
2023-11-21,439.34893798828125,13.350000381469727
2023-11-22,441.045166015625,12.850000381469727
2023-11-24,441.3165588378906,12.460000038146973
2023-11-27,440.52178955078125,12.6899995803833
2023-11-28,440.9579772949219,12.6899995803833
2023-11-29,440.6478271484375,12.979999542236328
2023-11-30,442.3828125,12.920000076293945
2023-12-01,444.9998779296875,12.630000114440918
2023-12-04,442.6639404296875,13.079999923706055
2023-12-05,442.57666015625,12.850000381469727
2023-12-06,440.793212890625,12.970000267028809
2023-12-07,444.1565856933594,13.0600004196167
2023-12-08,446.0661315917969,12.350000381469727
2023-12-11,447.8011169433594,12.630000114440918
2023-12-12,449.8463439941406,12.069999694824219
2023-12-13,456.04974365234375,12.1899995803833
2023-12-14,457.513427734375,12.479999542236328
2023-12-15,456.7601013183594,12.279999732971191
2023-12-18,459.32940673828125,12.5600004196167
2023-12-19,462.12255859375,12.529999732971191
2023-12-20,455.71881103515625,13.670000076293945
2023-12-21,460.0399169921875,13.649999618530273
2023-12-22,460.9643859863281,13.029999732971191
2023-12-26,462.910888671875,12.989999771118164
2023-12-27,463.7478332519531,12.430000305175781
2023-12-28,463.9229736328125,12.470000267028809
2023-12-29,462.5799560546875,12.449999809265137
2024-01-02,459.9912109375,13.199999809265137
2024-01-03,456.2345886230469,14.039999961853027
2024-01-04,454.7650146484375,14.130000114440918
2024-01-05,455.3879089355469,13.350000381469727
2024-01-08,461.88897705078125,13.079999923706055
2024-01-09,461.18829345703125,12.760000228881836
2024-01-10,463.7965393066406,12.6899995803833
2024-01-11,463.5921630859375,12.4399995803833
2024-01-12,463.9132385253906,12.699999809265137
2024-01-16,462.2101135253906,13.84000015258789
2024-01-17,459.6408386230469,14.789999961853027
2024-01-18,463.7283630371094,14.130000114440918
2024-01-19,469.50927734375,13.300000190734863
2024-01-22,470.50201416015625,13.1899995803833
2024-01-23,471.87420654296875,12.550000190734863
2024-01-24,472.3900451660156,13.140000343322754
2024-01-25,474.9592590332031,13.449999809265137
2024-01-26,474.35589599609375,13.260000228881836
2024-01-29,478.1125793457031,13.600000381469727
2024-01-30,477.74273681640625,13.3100004196167
2024-01-31,469.9472351074219,14.350000381469727
2024-02-01,476.09796142578125,13.880000114440918
2024-02-02,481.1100769042969,13.850000381469727
2024-02-05,479.3582763671875,13.670000076293945
2024-02-06,480.7499084472656,13.0600004196167
2024-02-07,484.75958251953125,12.829999923706055
2024-02-08,484.97369384765625,12.789999961853027
2024-02-09,487.776611328125,12.930000305175781
2024-02-12,487.56243896484375,13.930000305175781
2024-02-13,480.8472595214844,15.850000381469727
2024-02-14,485.21697998046875,14.380000114440918
2024-02-15,488.5649108886719,14.010000228881836
2024-02-16,486.1318054199219,14.239999771118164
2024-02-20,483.45550537109375,15.420000076293945
2024-02-21,483.8934631347656,15.34000015258789
2024-02-22,493.9078674316406,14.539999961853027
2024-02-23,494.2484436035156,13.75
2024-02-26,492.4382629394531,13.739999771118164
2024-02-27,493.3531188964844,13.430000305175781
2024-02-28,492.7010803222656,13.84000015258789
2024-02-29,494.4722595214844,13.399999618530273
2024-03-01,499.1145324707031,13.109999656677246
2024-03-04,498.5792541503906,13.489999771118164
2024-03-05,493.596435546875,14.460000038146973
2024-03-06,496.0975646972656,14.5
2024-03-07,501.0220642089844,14.4399995803833
2024-03-08,498.01483154296875,14.739999771118164
2024-03-11,497.5866394042969,15.220000267028809
2024-03-12,502.9393005371094,13.84000015258789
2024-03-13,502.1510009765625,13.75
2024-03-14,501.1583251953125,14.399999618530273
2024-03-15,497.71710205078125,14.40999984741211
2024-03-18,500.675048828125,14.329999923706055
2024-03-19,503.4573974609375,13.819999694824219
2024-03-20,508.11407470703125,13.039999961853027
2024-03-21,509.7930908203125,12.920000076293945
2024-03-22,508.8266906738281,13.0600004196167
2024-03-25,507.4209289550781,13.1899995803833
2024-03-26,506.4837646484375,13.239999771118164
2024-03-27,510.7402038574219,12.779999732971191
2024-03-28,510.64251708984375,13.010000228881836
2024-04-01,509.7539978027344,13.649999618530273
2024-04-02,506.5130310058594,14.609999656677246
2024-04-03,507.0694274902344,14.329999923706055
2024-04-04,500.8800964355469,16.350000381469727
2024-04-05,506.1127014160156,16.030000686645508
2024-04-08,506.3958435058594,15.1899995803833
2024-04-09,506.9815673828125,14.979999542236328
2024-04-10,501.9051513671875,15.800000190734863
2024-04-11,505.69293212890625,14.90999984741211
2024-04-12,498.71282958984375,17.309999465942383
2024-04-15,492.4648742675781,19.229999542236328
2024-04-16,491.5667724609375,18.399999618530273
2024-04-17,488.6575622558594,18.209999084472656
2024-04-18,487.6519775390625,18.0
2024-04-19,483.3955993652344,18.709999084472656
2024-04-22,487.8473205566406,16.940000534057617
2024-04-23,493.63641357421875,15.6899995803833
2024-04-24,493.402099609375,15.970000267028809
2024-04-25,491.5276794433594,15.369999885559082
2024-04-26,496.18438720703125,15.029999732971191
2024-04-29,497.9416198730469,14.670000076293945
2024-04-30,490.0535888671875,15.649999618530273
2024-05-01,488.4623107910156,15.390000343322754
2024-05-02,493.0310974121094,14.680000305175781
2024-05-03,499.14239501953125,13.489999771118164
2024-05-06,504.2969055175781,13.489999771118164
2024-05-07,504.8533935546875,13.229999542236328
2024-05-08,504.9021911621094,13.0
2024-05-09,507.81134033203125,12.6899995803833
2024-05-10,508.4654846191406,12.550000190734863
2024-05-13,508.5338439941406,13.600000381469727
2024-05-14,510.8670959472656,13.420000076293945
2024-05-15,517.193115234375,12.449999809265137
2024-05-16,516.1290283203125,12.420000076293945
2024-05-17,516.8709716796875,11.989999771118164
2024-05-20,517.4663696289062,12.149999618530273
2024-05-21,518.7355346679688,11.859999656677246
2024-05-22,517.2418823242188,12.289999961853027
2024-05-23,513.4639282226562,12.770000457763672
2024-05-24,516.8612060546875,11.930000305175781
2024-05-28,517.2223510742188,12.920000076293945
2024-05-29,513.6005249023438,14.279999732971191
2024-05-30,510.1934814453125,14.470000267028809
2024-05-31,514.84033203125,12.920000076293945
2024-06-03,515.2601318359375,13.109999656677246
2024-06-04,515.8360595703125,13.15999984741211
2024-06-05,521.966796875,12.630000114440918
2024-06-06,521.9570922851562,12.579999923706055
2024-06-07,521.3226928710938,12.220000267028809
2024-06-10,522.9334106445312,12.739999771118164
2024-06-11,524.1926879882812,12.850000381469727
2024-06-12,528.4979858398438,12.039999961853027
2024-06-13,529.56201171875,11.9399995803833
2024-06-14,529.88427734375,12.65999984741211
2024-06-17,534.1015014648438,12.75
2024-06-18,535.4586181640625,12.300000190734863
2024-06-20,534.0039672851562,13.279999732971191
2024-06-21,533.2880249023438,13.199999809265137
2024-06-24,531.554443359375,13.329999923706055
2024-06-25,533.6015625,12.84000015258789
2024-06-26,534.2674560546875,12.550000190734863
2024-06-27,535.109619140625,12.239999771118164
2024-06-28,533.0040283203125,12.4399995803833
2024-07-01,534.1009521484375,12.220000267028809
2024-07-02,537.6953125,12.029999732971191
2024-07-03,540.0947875976562,12.09000015258789
2024-07-05,543.2093505859375,12.479999542236328
2024-07-08,543.8361206054688,12.369999885559082
2024-07-09,544.364990234375,12.510000228881836
2024-07-10,549.7515869140625,12.850000381469727
2024-07-11,545.0113525390625,12.920000076293945
2024-07-12,548.4490356445312,12.460000038146973
2024-07-15,549.957275390625,13.119999885559082
2024-07-16,553.2185668945312,13.1899995803833
2024-07-17,545.4618530273438,14.479999542236328
2024-07-18,541.2699584960938,15.930000305175781
2024-07-19,537.67578125,16.520000457763672
2024-07-22,543.2190551757812,14.90999984741211
2024-07-23,542.366943359375,14.720000267028809
2024-07-24,530.0756225585938,18.040000915527344
2024-07-25,527.3137817382812,18.459999084472656
2024-07-26,533.219482421875,16.389999389648438
2024-07-29,533.5328369140625,16.600000381469727
2024-07-30,530.8297729492188,17.690000534057617
2024-07-31,539.458251953125,16.360000610351562
2024-08-01,531.8189086914062,18.59000015258789
2024-08-02,521.9173583984375,23.389999389648438
2024-08-05,506.7171325683594,38.56999969482422
2024-08-06,511.388916015625,27.709999084472656
2024-08-07,507.9707336425781,27.850000381469727
2024-08-08,519.7136840820312,23.790000915527344
2024-08-09,522.0054321289062,20.3700008392334
2024-08-12,522.2797241210938,20.709999084472656
2024-08-13,530.868896484375,18.1200008392334
2024-08-14,532.543701171875,16.190000534057617
2024-08-15,541.671630859375,15.229999542236328
2024-08-16,542.8860473632812,14.800000190734863
2024-08-19,548.0768432617188,14.649999618530273
2024-08-20,547.185546875,15.880000114440918
2024-08-21,549.0660400390625,16.270000457763672
2024-08-22,544.7566528320312,17.549999237060547
2024-08-23,550.5448608398438,15.859999656677246
2024-08-26,549.2325439453125,16.149999618530273
2024-08-27,549.9866943359375,15.430000305175781
2024-08-28,546.7938842773438,17.110000610351562
2024-08-29,546.8428344726562,15.649999618530273
2024-08-30,552.0629272460938,15.0
2024-09-03,540.7019653320312,20.719999313354492
2024-09-04,539.5953369140625,21.31999969482422
2024-09-05,538.2828979492188,19.899999618530273
2024-09-06,529.2235107421875,22.3799991607666
2024-09-09,535.1488647460938,19.450000762939453
2024-09-10,537.479736328125,19.079999923706055
2024-09-11,542.9937744140625,17.690000534057617
2024-09-12,547.567626953125,17.06999969482422
2024-09-13,550.4274291992188,16.559999465942383
2024-09-16,551.2402954101562,17.139999389648438
2024-09-17,551.4656372070312,17.610000610351562
2024-09-18,549.8299560546875,18.229999542236328
2024-09-19,559.2125244140625,16.329999923706055
2024-09-20,558.245849609375,16.149999618530273
2024-09-23,559.6408081054688,15.890000343322754
2024-09-24,561.2421264648438,15.390000343322754
2024-09-25,560.0043334960938,15.40999984741211
2024-09-26,562.2245483398438,15.369999885559082
2024-09-27,561.4090576171875,16.959999084472656
2024-09-30,563.6588134765625,16.729999542236328
2024-10-01,558.6092529296875,19.260000228881836
2024-10-02,558.8450317382812,18.899999618530273
2024-10-03,557.8234252929688,20.489999771118164
2024-10-04,562.8925170898438,19.209999084472656
2024-10-07,557.8037719726562,22.639999389648438
2024-10-08,563.0791625976562,21.420000076293945
2024-10-09,566.9793701171875,20.860000610351562
2024-10-10,565.987060546875,20.93000030517578
2024-10-11,569.3764038085938,20.459999084472656
2024-10-14,574.0328369140625,19.700000762939453
2024-10-15,569.5728759765625,20.639999389648438
2024-10-16,572.0484619140625,19.579999923706055
2024-10-17,572.0975341796875,19.110000610351562
2024-10-18,574.2981567382812,18.030000686645508
2024-10-21,573.3551025390625,18.3700008392334
2024-10-22,573.050537109375,18.200000762939453
2024-10-23,567.8143310546875,19.239999771118164
2024-10-24,569.0423583984375,19.079999923706055
2024-10-25,568.8458251953125,20.329999923706055
2024-10-28,570.6043701171875,19.799999237060547
2024-10-29,571.52783203125,19.34000015258789
2024-10-30,569.798828125,20.350000381469727
2024-10-31,558.6289672851562,23.15999984741211
2024-11-01,560.9866943359375,21.8799991607666
2024-11-04,559.7783813476562,21.979999542236328
2024-11-05,566.5469970703125,20.489999771118164
2024-11-06,580.6346435546875,16.270000457763672
2024-11-07,585.1241455078125,15.199999809265137
2024-11-08,587.6588134765625,14.9399995803833
2024-11-11,588.2186279296875,14.970000267028809
2024-11-12,586.3914794921875,14.710000038146973
2024-11-13,586.6763305664062,14.020000457763672
2024-11-14,582.9039306640625,14.3100004196167
2024-11-15,575.437744140625,16.139999389648438
2024-11-18,577.7954711914062,15.579999923706055
2024-11-19,579.90771484375,16.350000381469727
2024-11-20,580.1041870117188,17.15999984741211
2024-11-21,583.21826171875,16.8700008392334
2024-11-22,585.02587890625,15.239999771118164
2024-11-25,587.0104370117188,14.600000381469727
2024-11-26,590.075439453125,14.100000381469727
2024-11-27,588.2874755859375,14.100000381469727
2024-11-29,591.9419555664062,13.510000228881836
2024-12-02,593.0029296875,13.34000015258789
2024-12-03,593.2779541015625,13.300000190734863
2024-12-04,596.9619140625,13.449999809265137
2024-12-05,595.9796142578125,13.539999961853027
2024-12-06,597.1093139648438,12.770000457763672
2024-12-09,594.034423828125,14.1899995803833
2024-12-10,592.1875610351562,14.180000305175781
2024-12-11,596.7655639648438,13.579999923706055
2024-12-12,593.690673828125,13.920000076293945
2024-12-13,593.57275390625,13.8100004196167
2024-12-16,596.1072998046875,14.6899995803833
2024-12-17,593.6513671875,15.869999885559082
2024-12-18,575.9584350585938,27.6200008392334
2024-12-19,575.7815551757812,24.09000015258789
2024-12-20,582.697265625,18.360000610351562
2024-12-23,586.1865844726562,16.780000686645508
2024-12-24,592.7020263671875,14.270000457763672
2024-12-26,592.7415771484375,14.729999542236328
2024-12-27,586.5020141601562,15.949999809265137
2024-12-30,579.8091430664062,17.399999618530273
2024-12-31,577.6997680664062,17.350000381469727
2025-01-02,576.2803344726562,17.93000030517578
2025-01-03,583.48583984375,16.1299991607666
2025-01-06,586.8469848632812,16.040000915527344
2025-01-07,580.2132568359375,17.81999969482422
2025-01-08,581.0609741210938,17.700000762939453
2025-01-10,572.1896362304688,19.540000915527344
2025-01-13,573.0768432617188,19.190000534057617
2025-01-14,573.8652954101562,18.709999084472656
2025-01-15,584.303955078125,16.1200008392334
2025-01-16,583.1802368164062,16.600000381469727
2025-01-17,589.0353393554688,15.970000267028809
2025-01-21,594.4270629882812,15.0600004196167
2025-01-22,597.7686157226562,15.100000381469727
2025-01-23,601.03125,15.020000457763672
2025-01-24,599.2766723632812,14.850000381469727
2025-01-27,590.7997436523438,17.899999618530273
2025-01-28,595.8760986328125,16.40999984741211
2025-01-29,593.2048950195312,16.559999465942383
2025-01-30,596.388671875,15.84000015258789
2025-01-31,593.2146606445312,16.43000030517578
2025-02-03,589.2225952148438,18.6200008392334
2025-02-04,593.1752319335938,17.209999084472656
2025-02-05,595.580322265625,15.770000457763672
2025-02-06,597.6503295898438,15.5
2025-02-07,592.1797485351562,16.540000915527344
2025-02-10,596.2012939453125,15.8100004196167
2025-02-11,596.6548461914062,16.020000457763672
2025-02-12,594.7326049804688,15.890000343322754
2025-02-13,601.0115356445312,15.100000381469727
2025-02-14,600.9819946289062,14.770000457763672
2025-02-18,602.746337890625,15.350000381469727
2025-02-19,604.1658325195312,15.270000457763672
2025-02-20,601.6522827148438,15.65999984741211
2025-02-21,591.361572265625,18.209999084472656
2025-02-24,588.670654296875,18.979999542236328
2025-02-25,585.7430419921875,19.43000030517578
2025-02-26,586.0387573242188,19.100000381469727
2025-02-27,576.6844482421875,21.1299991607666
2025-02-28,585.6838989257812,19.6299991607666
2025-03-03,575.4227294921875,22.780000686645508
2025-03-04,568.611572265625,23.510000228881836
2025-03-05,574.7229614257812,21.93000030517578
2025-03-06,564.52099609375,24.8700008392334
2025-03-07,567.6849975585938,23.3700008392334
2025-03-10,552.5643920898438,27.860000610351562
2025-03-11,547.970947265625,26.920000076293945
2025-03-12,550.8788452148438,24.229999542236328
2025-03-13,543.5353393554688,24.65999984741211
2025-03-14,554.762451171875,21.770000457763672
2025-03-17,559.0404052734375,20.510000228881836
2025-03-18,552.9981079101562,21.700000762939453
2025-03-19,559.0206909179688,19.899999618530273
2025-03-20,557.4041748046875,19.799999237060547
2025-03-21,557.5880737304688,19.280000686645508
2025-03-24,567.5736694335938,17.479999542236328
2025-03-25,568.9379272460938,17.149999618530273
2025-03-26,562.1458129882812,18.329999923706055
2025-03-27,560.6528930664062,18.690000534057617
2025-03-28,549.3623657226562,21.649999618530273
2025-03-31,553.0501098632812,22.280000686645508
2025-04-01,554.6121826171875,21.770000457763672
2025-04-02,558.1220092773438,21.510000228881836
2025-04-03,530.6173095703125,30.020000457763672
2025-04-04,499.5533447265625,45.310001373291016
2025-04-07,498.6635437011719,46.97999954223633
2025-04-08,490.8531188964844,52.33000183105469
2025-04-09,542.4021606445312,33.619998931884766
2025-04-10,518.6345825195312,40.720001220703125
2025-04-11,527.888427734375,37.560001373291016
2025-04-14,533.009765625,30.889999389648438
2025-04-15,531.5169067382812,30.1200008392334
2025-04-16,519.7022705078125,32.63999938964844
2025-04-17,520.44384765625,29.649999618530273
2025-04-21,508.0558776855469,33.81999969482422
2025-04-22,521.2743530273438,30.56999969482422
2025-04-23,529.3517456054688,28.450000762939453
2025-04-24,540.4940795898438,26.469999313354492
2025-04-25,544.3992919921875,24.84000015258789
2025-04-28,544.6068725585938,25.149999618530273
2025-04-29,548.0375366210938,24.170000076293945
2025-04-30,548.2550048828125,24.700000762939453
2025-05-01,552.1405029296875,24.600000381469727
2025-05-02,560.3365478515625,22.68000030517578
2025-05-05,557.1233520507812,23.639999389648438
2025-05-06,552.4667358398438,24.760000228881836
2025-05-07,554.7901611328125,23.549999237060547
2025-05-08,558.6558837890625,22.479999542236328
2025-05-09,557.9439697265625,21.899999618530273
2025-05-12,576.3826293945312,18.389999389648438
2025-05-13,580.1890258789062,18.219999313354492
2025-05-14,580.9304809570312,18.6200008392334
2025-05-15,583.7679443359375,17.829999923706055
2025-05-16,587.4655151367188,17.239999771118164
2025-05-19,588.108154296875,18.139999389648438
2025-05-20,586.130859375,18.09000015258789
2025-05-21,576.2540893554688,20.8700008392334
2025-05-22,576.4815063476562,20.280000686645508
2025-05-23,572.5465087890625,22.290000915527344
2025-05-27,584.4501342773438,18.959999084472656
2025-05-28,581.0689086914062,19.309999465942383
2025-05-29,583.3626098632812,19.18000030517578
2025-05-30,582.7100830078125,18.56999969482422
2025-06-02,585.992431640625,18.360000610351562
2025-06-03,589.3341064453125,17.690000534057617
2025-06-04,589.1759643554688,17.610000610351562
2025-06-05,586.32861328125,18.479999542236328
2025-06-06,592.3495483398438,16.770000457763672
2025-06-09,592.8834228515625,17.15999984741211
2025-06-10,596.2449340820312,16.950000762939453
2025-06-11,594.54443359375,17.260000228881836
2025-06-12,596.9072875976562,18.020000457763672
2025-06-13,590.2338256835938,20.81999969482422
2025-06-16,595.8494262695312,19.110000610351562
2025-06-17,590.7578735351562,21.600000381469727
2025-06-18,590.6688232421875,20.139999389648438
2025-06-20,589.2816772460938,20.6200008392334
2025-06-23,595.1021728515625,19.829999923706055
2025-06-24,601.6764526367188,17.479999542236328
2025-06-25,602.0135498046875,16.760000228881836
2025-06-26,606.7236938476562,16.59000015258789
2025-06-27,609.7380981445312,16.31999969482422
2025-06-30,612.6533203125,16.729999542236328
2025-07-01,612.455078125,16.829999923706055
2025-07-02,615.2315063476562,16.639999389648438
2025-07-03,620.0804443359375,16.3799991607666
2025-07-07,615.4595336914062,17.790000915527344
2025-07-08,615.1224365234375,16.809999465942383
2025-07-09,618.8110961914062,15.9399995803833
2025-07-10,620.5562744140625,15.779999732971191
2025-07-11,618.3748168945312,16.399999618530273
2025-07-14,619.5548095703125,17.200000762939453
2025-07-15,616.9072875976562,17.3799991607666
2025-07-16,618.9697265625,17.15999984741211
2025-07-17,622.7576293945312,16.520000457763672
2025-07-18,622.301513671875,16.40999984741211
2025-07-21,623.4815063476562,16.649999618530273
2025-07-22,623.5707397460938,16.5
2025-07-23,628.875732421875,15.369999885559082
2025-07-24,629.083984375,15.390000343322754
2025-07-25,631.7413940429688,14.930000305175781
2025-07-28,631.5828247070312,15.029999732971191
2025-07-29,629.9169311523438,15.979999542236328
2025-07-30,629.1236572265625,15.479999542236328
2025-07-31,626.763671875,16.719999313354492
2025-08-01,616.4907836914062,20.3799991607666
2025-08-04,625.8612670898438,17.520000457763672
2025-08-05,622.688232421875,17.850000381469727
2025-08-06,627.4578247070312,16.770000457763672
2025-08-07,626.9322509765625,16.56999969482422
2025-08-08,631.82080078125,15.149999618530273
2025-08-11,630.5713500976562,16.25
2025-08-12,637.284423828125,14.729999542236328
2025-08-13,639.4659423828125,14.489999771118164
2025-08-14,639.5254516601562,14.829999923706055
2025-08-15,638.0281372070312,15.09000015258789
2025-08-18,637.8893432617188,14.989999771118164
2025-08-19,634.4286499023438,15.569999694824219
2025-08-20,632.742919921875,15.6899995803833
2025-08-21,630.2044677734375,16.600000381469727
2025-08-22,639.8823852539062,14.220000267028809
2025-08-25,637.0662231445312,14.789999961853027
2025-08-26,639.733642578125,14.619999885559082
2025-08-27,641.1912841796875,14.850000381469727
2025-08-28,643.4620361328125,14.430000305175781
2025-08-29,639.6245727539062,15.359999656677246
2025-09-02,634.884765625,17.170000076293945
2025-09-03,638.3255615234375,16.350000381469727
2025-09-04,643.660400390625,15.300000190734863
2025-09-05,641.7960815429688,15.180000305175781
2025-09-08,643.3728637695312,15.109999656677246
2025-09-09,644.8601684570312,15.039999961853027
2025-09-10,646.724365234375,15.350000381469727
2025-09-11,652.0987548828125,14.710000038146973
2025-09-12,651.8805541992188,14.760000228881836
2025-09-15,655.3511962890625,15.6899995803833
2025-09-16,654.4488525390625,16.360000610351562
2025-09-17,653.6357421875,15.720000267028809
2025-09-18,656.6898193359375,15.699999809265137
2025-09-19,659.9423217773438,15.449999809265137
2025-09-22,663.0645141601562,16.100000381469727
2025-09-23,659.4551391601562,16.639999389648438
2025-09-24,657.3569946289062,16.18000030517578
2025-09-25,654.3242797851562,16.739999771118164
2025-09-26,658.072998046875,15.289999961853027
2025-09-29,659.9224243164062,16.1200008392334
2025-09-30,662.4082641601562,16.280000686645508
2025-10-01,664.6654663085938,16.290000915527344
2025-10-02,665.4309692382812,16.6299991607666
2025-10-03,665.421142578125,16.649999618530273
2025-10-06,667.8074951171875,16.3700008392334
2025-10-07,665.3316040039062,17.239999771118164
2025-10-08,669.2990112304688,16.299999237060547
2025-10-09,667.3600463867188,16.43000030517578
2025-10-10,649.32275390625,21.65999984741211
2025-10-13,659.2860107421875,19.030000686645508
2025-10-14,658.4805908203125,20.809999465942383
2025-10-15,661.4039916992188,20.639999389648438
2025-10-16,656.899658203125,25.309999465942383
2025-10-17,660.62841796875,20.780000686645508
2025-10-20,667.499267578125,18.229999542236328
2025-10-21,667.4892578125,17.8700008392334
2025-10-22,664.0191040039062,18.600000381469727
2025-10-23,667.9566650390625,17.299999237060547
2025-10-24,673.4155883789062,16.3700008392334
2025-10-27,681.3603515625,15.789999961853027
2025-10-28,683.1700439453125,16.420000076293945
2025-10-29,683.4981689453125,16.920000076293945
2025-10-30,675.98095703125,16.90999984741211
2025-10-31,678.1983642578125,17.440000534057617
2025-11-03,679.4711303710938,17.170000076293945
2025-11-04,671.4169921875,19.0
2025-11-05,673.7437133789062,18.010000228881836
2025-11-06,666.514892578125,19.5
2025-11-07,667.1710815429688,19.079999923706055
2025-11-10,677.5819091796875,17.600000381469727
2025-11-11,679.1329956054688,17.280000686645508
2025-11-12,679.5108642578125,17.510000228881836
2025-11-13,668.2350463867188,20.0
2025-11-14,668.125732421875,19.829999923706055
2025-11-17,661.901123046875,22.3799991607666
2025-11-18,656.3428344726562,24.690000534057617
2025-11-19,658.87841796875,23.65999984741211
2025-11-20,648.8355712890625,26.420000076293945
2025-11-21,655.2987670898438,23.43000030517578
2025-11-24,664.9437866210938,20.520000457763672
2025-11-25,671.1981811523438,18.559999465942383
2025-11-26,675.8318481445312,17.190000534057617
2025-11-28,679.5208129882812,16.350000381469727
2025-12-01,676.4185180664062,17.239999771118164
2025-12-02,677.67138671875,16.59000015258789
2025-12-03,680.0180053710938,16.079999923706055
2025-12-04,680.51513671875,15.779999732971191
2025-12-05,681.8078002929688,15.40999984741211
2025-12-08,679.7594604492188,16.65999984741211
2025-12-09,679.1727294921875,16.93000030517578
2025-12-10,683.6771850585938,15.770000457763672
2025-12-11,685.26806640625,14.850000381469727
2025-12-12,677.9000244140625,15.739999771118164
2025-12-15,676.8758544921875,16.5
2025-12-16,675.0264282226562,16.479999542236328
2025-12-17,667.5986938476562,17.6200008392334
2025-12-18,672.6399536132812,16.8700008392334
2025-12-19,678.7363891601562,14.90999984741211
2025-12-22,682.96484375,14.079999923706055
2025-12-23,686.0863037109375,14.0
2025-12-24,688.4996948242188,13.470000267028809
2025-12-26,688.4298706054688,13.600000381469727
2025-12-29,685.9765625,14.199999809265137
2025-12-30,685.138916015625,14.329999923706055
2025-12-31,680.062744140625,14.949999809265137
