Date,SPY,^VIX
1993-02-01,24.28476333618164,12.329999923706055
1993-02-02,24.33620834350586,12.25
1993-02-03,24.593460083007812,12.119999885559082
1993-02-04,24.696374893188477,12.289999961853027
1993-02-05,24.679229736328125,12.899999618530273
1993-02-08,24.679229736328125,13.220000267028809
1993-02-09,24.507728576660156,13.479999542236328
1993-02-10,24.542024612426758,13.430000305175781
1993-02-11,24.662071228027344,12.6899995803833
1993-02-12,24.473413467407227,12.380000114440918
1993-02-16,23.856016159057617,15.760000228881836
1993-02-17,23.838857650756836,15.899999618530273
1993-02-18,23.821704864501953,15.5600004196167
1993-02-19,23.907468795776367,15.020000457763672
1993-02-22,23.993209838867188,14.699999809265137
1993-02-23,23.97606086730957,15.039999961853027
1993-02-24,24.28476333618164,14.720000267028809
1993-02-25,24.33620834350586,13.760000228881836
1993-02-26,24.370521545410156,13.15999984741211
1993-03-01,24.301923751831055,13.600000381469727
1993-03-02,24.662071228027344,12.489999771118164
1993-03-03,24.764968872070312,13.130000114440918
1993-03-04,24.627761840820312,13.4399995803833
1993-03-05,24.559162139892578,14.079999923706055
1993-03-08,25.10797882080078,16.219999313354492
1993-03-09,25.022226333618164,14.170000076293945
1993-03-10,25.073678970336914,13.90999984741211
1993-03-11,25.005081176757812,14.260000228881836
1993-03-12,24.747817993164062,15.65999984741211
1993-03-15,24.86786651611328,14.739999771118164
1993-03-16,24.86786651611328,14.510000228881836
1993-03-17,24.713529586791992,14.529999732971191
1993-03-18,24.86786651611328,14.170000076293945
1993-03-19,24.830245971679688,13.229999542236328
1993-03-22,24.692380905151367,13.65999984741211
1993-03-23,24.744081497192383,13.020000457763672
1993-03-24,24.744081497192383,12.4399995803833
1993-03-25,24.899158477783203,12.079999923706055
1993-03-26,24.761316299438477,12.210000038146973
1993-03-29,24.864700317382812,12.630000114440918
1993-03-30,24.933610916137695,12.229999542236328
1993-03-31,24.916400909423828,12.529999732971191
1993-04-01,24.830245971679688,13.020000457763672
1993-04-02,24.31330108642578,14.5
1993-04-05,24.433914184570312,14.119999885559082
1993-04-06,24.3649845123291,14.239999771118164
1993-04-07,24.45115852355957,13.640000343322754
1993-04-08,24.416677474975586,12.829999923706055
1993-04-12,24.761316299438477,11.930000305175781
1993-04-13,24.813013076782227,11.699999809265137
1993-04-14,24.778532028198242,11.760000228881836
1993-04-15,24.778532028198242,10.960000038146973
1993-04-16,24.778532028198242,11.289999961853027
1993-04-19,24.67516326904297,12.0600004196167
1993-04-20,24.554533004760742,11.9399995803833
1993-04-21,24.537311553955078,12.109999656677246
1993-04-22,24.22714614868164,12.680000305175781
1993-04-23,24.123760223388672,13.359999656677246
1993-04-26,23.93421173095703,15.25
1993-04-27,24.192691802978516,13.930000305175781
1993-04-28,24.1409854888916,13.119999885559082
1993-04-29,24.2443790435791,12.800000190734863
1993-04-30,24.278837203979492,12.420000076293945
1993-05-03,24.433914184570312,12.899999618530273
1993-05-04,24.520063400268555,12.140000343322754
1993-05-05,24.58900260925293,12.380000114440918
1993-05-06,24.502826690673828,13.220000267028809
1993-05-07,24.45115852355957,13.010000228881836
1993-05-10,24.502826690673828,13.720000267028809
1993-05-11,24.606225967407227,13.350000381469727
1993-05-12,24.57176399230957,13.5600004196167
1993-05-13,24.278837203979492,14.760000228881836
1993-05-14,24.26161003112793,14.390000343322754
1993-05-17,24.34776496887207,14.130000114440918
1993-05-18,24.330547332763672,14.1899995803833
1993-05-19,24.830245971679688,14.289999961853027
1993-05-20,24.899158477783203,13.979999542236328
1993-05-21,24.67516326904297,14.510000228881836
1993-05-24,24.778532028198242,14.100000381469727
1993-05-25,24.830245971679688,14.039999961853027
1993-05-26,25.140411376953125,12.880000114440918
1993-05-27,25.05425262451172,13.100000381469727
1993-05-28,24.933610916137695,13.470000267028809
1993-06-01,25.17486000061035,13.670000076293945
1993-06-02,25.140411376953125,13.479999542236328
1993-06-03,25.05425262451172,13.539999961853027
1993-06-04,24.968080520629883,12.859999656677246
1993-06-07,24.881929397583008,14.069999694824219
1993-06-08,24.657934188842773,14.739999771118164
1993-06-09,24.744081497192383,13.960000038146973
1993-06-10,24.761316299438477,13.3100004196167
1993-06-11,24.864700317382812,12.710000038146973
1993-06-14,24.830245971679688,12.329999923706055
1993-06-15,24.778532028198242,11.989999771118164
1993-06-16,24.830245971679688,11.869999885559082
1993-06-17,24.916400909423828,11.65999984741211
1993-06-18,24.71120834350586,12.239999771118164
1993-06-21,24.763275146484375,12.25
1993-06-22,24.780622482299805,11.649999618530273
1993-06-23,24.555025100708008,12.039999961853027
1993-06-24,24.884735107421875,12.25
1993-06-25,24.86738395690918,11.25
1993-06-28,25.145038604736328,11.109999656677246
1993-06-29,25.023582458496094,11.289999961853027
1993-06-30,25.023582458496094,11.260000228881836
1993-07-01,24.95414924621582,11.510000228881836
1993-07-02,24.815340042114258,11.329999923706055
1993-07-06,24.555025100708008,13.869999885559082
1993-07-07,24.624454498291016,13.050000190734863
1993-07-08,24.902082443237305,12.239999771118164
1993-07-09,24.97150230407715,10.800000190734863
1993-07-12,24.95414924621582,10.850000381469727
1993-07-13,24.93679428100586,11.020000457763672
1993-07-14,25.023582458496094,10.779999732971191
1993-07-15,24.919452667236328,10.600000381469727
1993-07-16,24.850034713745117,10.960000038146973
1993-07-19,24.832691192626953,11.460000038146973
1993-07-20,24.902082443237305,11.050000190734863
1993-07-21,24.884735107421875,11.970000267028809
1993-07-22,24.71120834350586,11.6899995803833
1993-07-23,24.832691192626953,11.319999694824219
1993-07-26,24.97150230407715,11.319999694824219
1993-07-27,24.95414924621582,11.34000015258789
1993-07-28,24.902082443237305,11.369999885559082
1993-07-29,25.04091453552246,11.25
1993-07-30,24.902082443237305,11.729999542236328
1993-08-02,24.97150230407715,11.470000267028809
1993-08-03,24.988868713378906,11.489999771118164
1993-08-04,24.988868713378906,11.710000038146973
1993-08-05,24.93679428100586,12.029999732971191
1993-08-06,24.97150230407715,12.329999923706055
1993-08-09,25.110322952270508,12.390000343322754
1993-08-10,25.09299087524414,12.3100004196167
1993-08-11,25.09299087524414,12.069999694824219
1993-08-12,25.023582458496094,12.380000114440918
1993-08-13,25.058271408081055,12.1899995803833
1993-08-16,25.19710922241211,12.010000228881836
1993-08-17,25.283876419067383,11.59000015258789
1993-08-18,25.422685623168945,11.520000457763672
1993-08-19,25.422685623168945,11.630000114440918
1993-08-20,25.440053939819336,11.619999885559082
1993-08-23,25.38799285888672,12.149999618530273
1993-08-24,25.6656494140625,11.800000190734863
1993-08-25,25.682994842529297,12.100000381469727
1993-08-26,25.700342178344727,12.140000343322754
1993-08-27,25.682994842529297,11.90999984741211
1993-08-30,25.787111282348633,11.739999771118164
1993-08-31,25.856536865234375,11.850000381469727
1993-09-01,25.82181167602539,11.479999542236328
1993-09-02,25.73505210876465,11.869999885559082
1993-09-03,25.752403259277344,11.15999984741211
1993-09-07,25.578882217407227,12.899999618530273
1993-09-08,25.49212074279785,13.239999771118164
1993-09-09,25.544178009033203,12.670000076293945
1993-09-10,25.76976776123047,11.699999809265137
1993-09-13,25.787111282348633,12.15999984741211
1993-09-14,25.682994842529297,13.149999618530273
1993-09-15,25.752403259277344,12.699999809265137
1993-09-16,25.64828872680664,13.359999656677246
1993-09-17,25.59856414794922,13.390000343322754
1993-09-20,25.389009475708008,14.600000381469727
1993-09-21,25.301719665527344,17.299999237060547
1993-09-22,25.51125717163086,13.75
1993-09-23,25.65095329284668,13.359999656677246
1993-09-24,25.581085205078125,12.470000267028809
1993-09-27,25.860469818115234,12.489999771118164
1993-09-28,25.808095932006836,12.1899995803833
1993-09-29,25.720788955688477,12.630000114440918
1993-09-30,25.668399810791016,12.989999771118164
1993-10-01,25.79062843322754,11.829999923706055
1993-10-04,25.825559616088867,12.850000381469727
1993-10-05,25.79062843322754,12.970000267028809
1993-10-06,25.773164749145508,12.680000305175781
1993-10-07,25.70334243774414,13.140000343322754
1993-10-08,25.738256454467773,12.039999961853027
1993-10-11,25.79062843322754,12.260000228881836
1993-10-12,25.825559616088867,12.40999984741211
1993-10-13,25.825559616088867,11.380000114440918
1993-10-14,26.157323837280273,11.0
1993-10-15,26.297016143798828,10.869999885559082
1993-10-18,26.227184295654297,11.329999923706055
1993-10-19,26.035099029541016,11.609999656677246
1993-10-20,26.070011138916016,11.319999694824219
1993-10-21,26.035099029541016,11.199999809265137
1993-10-22,25.912857055664062,11.479999542236328
1993-10-25,25.982711791992188,11.829999923706055
1993-10-26,25.96524429321289,11.829999923706055
1993-10-27,25.982711791992188,12.010000228881836
1993-10-28,26.17479705810547,11.880000114440918
1993-10-29,26.17479705810547,11.460000038146973
1993-11-01,26.244640350341797,11.779999732971191
1993-11-02,26.227184295654297,11.739999771118164
1993-11-03,25.895401000976562,13.260000228881836
1993-11-04,25.616018295288086,14.680000305175781
1993-11-05,25.738256454467773,14.970000267028809
1993-11-08,25.773164749145508,14.3100004196167
1993-11-09,25.79062843322754,13.9399995803833
1993-11-10,25.982711791992188,13.720000267028809
1993-11-11,25.912857055664062,13.880000114440918
1993-11-12,26.035099029541016,13.329999923706055
1993-11-15,26.01764678955078,14.460000038146973
1993-11-16,26.139881134033203,15.109999656677246
1993-11-17,26.000179290771484,15.569999694824219
1993-11-18,25.930330276489258,14.649999618530273
1993-11-19,25.87794303894043,15.029999732971191
1993-11-22,25.720788955688477,15.899999618530273
1993-11-23,25.860469818115234,14.270000457763672
1993-11-24,25.96524429321289,13.510000228881836
1993-11-26,25.982711791992188,13.770000457763672
1993-11-29,25.87794303894043,14.119999885559082
1993-11-30,25.895401000976562,13.760000228881836
1993-12-01,25.930330276489258,13.829999923706055
1993-12-02,26.000179290771484,13.510000228881836
1993-12-03,26.10494041442871,12.6899995803833
1993-12-06,26.192241668701172,12.84000015258789
1993-12-07,26.17479705810547,12.40999984741211
1993-12-08,26.17479705810547,12.460000038146973
1993-12-09,26.08748435974121,12.430000305175781
1993-12-10,26.035099029541016,12.600000381469727
1993-12-13,26.192241668701172,10.979999542236328
1993-12-14,26.000179290771484,11.130000114440918
1993-12-15,25.96524429321289,11.029999732971191
1993-12-16,26.052549362182617,10.899999618530273
1993-12-17,26.195741653442383,11.079999923706055
1993-12-20,26.23089599609375,10.75
1993-12-21,26.142995834350586,10.079999923706055
1993-12-22,26.31882667541504,9.3100004196167
1993-12-23,26.301223754882812,9.479999542236328
1993-12-27,26.44186782836914,9.699999809265137
1993-12-28,26.494619369506836,9.819999694824219
1993-12-29,26.45946502685547,10.460000038146973
1993-12-30,26.35396957397461,10.6899995803833
1993-12-31,26.213335037231445,11.65999984741211
1994-01-03,26.142995834350586,12.569999694824219
1994-01-04,26.24848175048828,11.90999984741211
1994-01-05,26.301223754882812,10.9399995803833
1994-01-06,26.301223754882812,11.270000457763672
1994-01-07,26.45946502685547,10.960000038146973
1994-01-10,26.77591323852539,10.739999771118164
1994-01-11,26.723169326782227,11.289999961853027
1994-01-12,26.635278701782227,11.649999618530273
1994-01-13,26.5649356842041,12.079999923706055
1994-01-14,26.670421600341797,11.149999618530273
1994-01-17,26.670421600341797,11.880000114440918
1994-01-18,26.70560073852539,11.630000114440918
1994-01-19,26.635278701782227,11.760000228881836
1994-01-20,26.70560073852539,11.15999984741211
1994-01-21,26.6528377532959,11.09000015258789
1994-01-24,26.547351837158203,11.600000381469727
1994-01-25,26.547351837158203,11.380000114440918
1994-01-26,26.617687225341797,11.170000076293945
1994-01-27,26.863819122314453,10.300000190734863
1994-01-28,26.93413734436035,9.9399995803833
1994-01-31,27.12753677368164,10.630000114440918
1994-02-01,26.986886978149414,10.649999618530273
1994-02-02,27.16271209716797,10.609999656677246
1994-02-03,27.039615631103516,10.75
1994-02-04,26.42430877685547,15.25
1994-02-07,26.547351837158203,13.960000038146973
1994-02-08,26.5649356842041,13.65999984741211
1994-02-09,26.670421600341797,13.300000190734863
1994-02-10,26.44186782836914,14.239999771118164
1994-02-11,26.52978515625,14.460000038146973
1994-02-14,26.5649356842041,14.279999732971191
1994-02-15,26.70560073852539,13.399999618530273
1994-02-16,26.688007354736328,13.130000114440918
1994-02-17,26.52978515625,13.789999961853027
1994-02-18,26.371543884277344,14.699999809265137
1994-02-22,26.635278701782227,13.520000457763672
1994-02-23,26.5649356842041,13.90999984741211
1994-02-24,26.213335037231445,15.960000038146973
1994-02-25,26.336381912231445,14.800000190734863
1994-02-28,26.336381912231445,14.869999885559082
1994-03-01,26.23089599609375,15.829999923706055
1994-03-02,26.26605796813965,16.079999923706055
1994-03-03,26.195741653442383,16.360000610351562
1994-03-04,26.26605796813965,16.0
1994-03-07,26.40671730041504,14.260000228881836
1994-03-08,26.301223754882812,16.229999542236328
1994-03-09,26.42430877685547,14.40999984741211
1994-03-10,26.213335037231445,16.549999237060547
1994-03-11,26.35396957397461,14.869999885559082
1994-03-14,26.389131546020508,16.610000610351562
1994-03-15,26.371543884277344,14.779999732971191
1994-03-16,26.582534790039062,14.510000228881836
1994-03-17,26.582534790039062,12.760000228881836
1994-03-18,26.57672882080078,13.319999694824219
1994-03-21,26.505979537963867,14.34000015258789
1994-03-22,26.57672882080078,13.390000343322754
1994-03-23,26.559036254882812,12.3100004196167
1994-03-24,26.24076271057129,13.430000305175781
1994-03-25,25.993183135986328,13.670000076293945
1994-03-28,26.028564453125,14.899999618530273
1994-03-29,25.515766143798828,16.489999771118164
1994-03-30,25.16212272644043,18.59000015258789
1994-03-31,25.232866287231445,20.450000762939453
1994-04-04,24.84384536743164,23.8700008392334
1994-04-05,25.35662841796875,18.1299991607666
1994-04-06,25.35662841796875,17.3799991607666
1994-04-07,25.480411529541016,16.979999542236328
1994-04-08,25.285911560058594,16.920000076293945
1994-04-11,25.39199447631836,16.610000610351562
1994-04-12,25.35662841796875,16.420000076293945
1994-04-13,25.224010467529297,17.020000457763672
1994-04-14,25.232866287231445,16.270000457763672
1994-04-15,25.232866287231445,15.979999542236328
1994-04-18,25.06486701965332,17.219999313354492
1994-04-19,25.100236892700195,16.93000030517578
1994-04-20,25.073715209960938,17.010000228881836
1994-04-21,25.40967559814453,14.930000305175781
1994-04-22,25.383161544799805,14.9399995803833
1994-04-25,25.648386001586914,14.260000228881836
1994-04-26,25.621868133544922,13.800000190734863
1994-04-28,25.436199188232422,14.510000228881836
1994-04-29,25.515766143798828,13.770000457763672
1994-05-02,25.6749210357666,14.109999656677246
1994-05-03,25.648386001586914,13.8100004196167
1994-05-04,25.604209899902344,14.289999961853027
1994-05-05,25.568819046020508,14.5600004196167
1994-05-06,25.32126235961914,15.079999923706055
1994-05-09,25.100236892700195,16.15999984741211
1994-05-10,25.294742584228516,15.1899995803833
1994-05-11,25.06486701965332,15.550000190734863
1994-05-12,25.18864631652832,15.460000038146973
1994-05-13,25.18864631652832,14.539999961853027
1994-05-16,25.197484970092773,14.670000076293945
1994-05-17,25.568819046020508,14.079999923706055
1994-05-18,25.754478454589844,12.550000190734863
1994-05-19,25.878263473510742,12.329999923706055
1994-05-20,25.781015396118164,12.789999961853027
1994-05-23,25.73680877685547,13.489999771118164
1994-05-24,25.84290313720703,12.729999542236328
1994-05-25,25.913633346557617,12.430000305175781
1994-05-26,25.931324005126953,12.5
1994-05-27,25.957828521728516,12.489999771118164
1994-05-31,25.922460556030273,13.029999732971191
1994-06-01,26.037397384643555,12.720000267028809
1994-06-02,26.01087760925293,12.729999542236328
1994-06-03,26.161178588867188,12.1899995803833
1994-06-06,26.15234375,13.029999732971191
1994-06-07,26.116975784301758,13.050000190734863
1994-06-08,25.904783248901367,13.319999694824219
1994-06-09,26.046239852905273,13.210000038146973
1994-06-10,26.090469360351562,12.6899995803833
1994-06-13,26.12582778930664,11.920000076293945
1994-06-14,26.32917022705078,11.600000381469727
1994-06-15,26.22307777404785,11.520000457763672
1994-06-16,26.276132583618164,11.220000267028809
1994-06-17,26.12944984436035,12.3100004196167
1994-06-20,25.906957626342773,13.960000038146973
1994-06-21,25.684480667114258,14.699999809265137
1994-06-22,25.78236198425293,14.020000457763672
1994-06-23,25.631074905395508,14.119999885559082
1994-06-24,25.097091674804688,16.719999313354492
1994-06-27,25.533178329467773,15.529999732971191
1994-06-28,25.408578872680664,15.039999961853027
1994-06-29,25.48867416381836,14.420000076293945
1994-06-30,25.3284854888916,14.970000267028809
1994-07-01,25.38187599182129,14.359999656677246
1994-07-05,25.515380859375,14.920000076293945
1994-07-06,25.479785919189453,14.699999809265137
1994-07-07,25.586589813232422,14.010000228881836
1994-07-08,25.577669143676758,13.260000228881836
1994-07-11,25.48867416381836,13.829999923706055
1994-07-12,25.524272918701172,13.399999618530273
1994-07-13,25.568790435791016,12.420000076293945
1994-07-14,25.844663619995117,11.640000343322754
1994-07-15,25.853553771972656,11.279999732971191
1994-07-18,25.898054122924805,11.4399995803833
1994-07-19,25.844663619995117,11.649999618530273
1994-07-20,25.728984832763672,11.699999809265137
1994-07-21,25.78236198425293,11.649999618530273
1994-07-22,25.826862335205078,11.220000267028809
1994-07-25,25.86246109008789,11.460000038146973
1994-07-26,25.835765838623047,11.65999984741211
1994-07-27,25.835765838623047,11.930000305175781
1994-07-28,25.889175415039062,12.029999732971191
1994-07-29,26.147253036499023,11.130000114440918
1994-08-01,26.27184295654297,11.170000076293945
1994-08-02,26.307464599609375,11.270000457763672
1994-08-03,26.31634521484375,11.350000381469727
1994-08-04,26.165054321289062,12.180000305175781
1994-08-05,26.076053619384766,12.34000015258789
1994-08-08,26.138349533081055,12.40999984741211
1994-08-09,26.182857513427734,12.539999961853027
1994-08-10,26.28074073791504,11.90999984741211
1994-08-11,26.182857513427734,12.130000114440918
1994-08-12,26.387535095214844,11.09000015258789
1994-08-15,26.378637313842773,12.0600004196167
1994-08-16,26.56553840637207,11.390000343322754
1994-08-17,26.547740936279297,11.539999961853027
1994-08-18,26.458763122558594,12.069999694824219
1994-08-19,26.44094467163086,12.829999923706055
1994-08-22,26.414243698120117,12.619999885559082
1994-08-23,26.56553840637207,11.75
1994-08-24,26.850322723388672,11.569999694824219
1994-08-25,26.77912139892578,12.020000457763672
1994-08-26,27.161828994750977,12.1899995803833
1994-08-29,27.14400863647461,11.819999694824219
1994-08-30,27.215213775634766,11.229999542236328
1994-08-31,27.14400863647461,11.970000267028809
1994-09-01,27.055011749267578,11.859999656677246
1994-09-02,26.939329147338867,11.399999618530273
1994-09-06,26.948219299316406,11.6899995803833
1994-09-07,26.921525955200195,11.8100004196167
1994-09-08,27.055011749267578,11.859999656677246
1994-09-09,26.770254135131836,13.119999885559082
1994-09-12,26.690134048461914,14.010000228881836
1994-09-13,26.770254135131836,13.770000457763672
1994-09-14,26.796932220458984,13.09000015258789
1994-09-15,27.135116577148438,11.880000114440918
1994-09-16,26.941984176635742,12.800000190734863
1994-09-19,26.96886444091797,13.0600004196167
1994-09-20,26.458492279052734,14.449999809265137
1994-09-21,26.458492279052734,14.489999771118164
1994-09-22,26.39581871032715,13.890000343322754
1994-09-23,26.30628204345703,14.529999732971191
1994-09-26,26.440584182739258,14.5600004196167
1994-09-27,26.42268180847168,14.130000114440918
1994-09-28,26.628620147705078,13.25
1994-09-29,26.494293212890625,13.970000267028809
1994-09-30,26.458492279052734,14.279999732971191
1994-10-03,26.39581871032715,15.4399995803833
1994-10-04,26.001853942871094,16.65999984741211
1994-10-05,26.010801315307617,15.920000076293945
1994-10-06,25.93022918701172,16.239999771118164
1994-10-07,26.0466365814209,14.920000076293945
1994-10-10,26.324188232421875,14.720000267028809
1994-10-11,26.718156814575195,13.550000190734863
1994-10-12,26.753976821899414,14.510000228881836
1994-10-13,26.843502044677734,14.899999618530273
1994-10-14,26.959909439086914,13.319999694824219
1994-10-17,26.906190872192383,14.760000228881836
1994-10-18,26.843502044677734,14.59000015258789
1994-10-19,26.96886444091797,15.130000114440918
1994-10-20,26.7897891998291,15.989999771118164
1994-10-21,26.68232536315918,15.90999984741211
1994-10-24,26.458492279052734,16.969999313354492
1994-10-25,26.485370635986328,16.1299991607666
1994-10-26,26.58383560180664,15.699999809265137
1994-10-27,26.74500846862793,15.670000076293945
1994-10-28,27.30910301208496,14.5600004196167
1994-10-31,27.210613250732422,14.5600004196167
1994-11-01,26.906190872192383,14.84000015258789
1994-11-02,26.753976821899414,15.34000015258789
1994-11-03,26.897232055664062,15.579999923706055
1994-11-04,26.548025131225586,16.75
1994-11-07,26.628620147705078,17.3700008392334
1994-11-08,26.834550857543945,16.299999237060547
1994-11-09,26.87932777404785,16.420000076293945
1994-11-10,26.691293716430664,16.0
1994-11-11,26.592805862426758,16.5
1994-11-14,26.843502044677734,16.68000030517578
1994-11-15,26.753976821899414,16.65999984741211
1994-11-16,26.843502044677734,15.5600004196167
1994-11-17,26.664424896240234,15.90999984741211
1994-11-18,26.628620147705078,16.0
1994-11-21,26.3599853515625,16.1299991607666
1994-11-22,25.786962509155273,17.239999771118164
1994-11-23,25.93022918701172,18.40999984741211
1994-11-25,26.055566787719727,17.440000534057617
1994-11-28,26.171977996826172,16.829999923706055
1994-11-29,26.163021087646484,16.149999618530273
1994-11-30,26.127180099487305,15.949999809265137
1994-12-01,25.86754035949707,16.690000534057617
1994-12-02,26.109291076660156,16.549999237060547
1994-12-05,26.136154174804688,16.100000381469727
1994-12-06,26.154077529907227,16.049999237060547
1994-12-07,25.966053009033203,16.280000686645508
1994-12-08,25.71532440185547,18.149999618530273
1994-12-09,25.813827514648438,16.040000915527344
1994-12-12,25.98394203186035,15.460000038146973
1994-12-13,26.08243751525879,14.479999542236328
1994-12-14,26.21674346923828,13.029999732971191
1994-12-15,26.29732894897461,12.869999885559082
1994-12-16,26.425764083862305,12.789999961853027
1994-12-19,26.461870193481445,13.020000457763672
1994-12-20,26.380640029907227,12.979999542236328
1994-12-21,26.66042709350586,12.050000190734863
1994-12-22,26.579206466674805,12.420000076293945
1994-12-23,26.606273651123047,11.819999694824219
1994-12-27,26.75068473815918,12.069999694824219
1994-12-28,26.61528968811035,12.8100004196167
1994-12-29,26.633346557617188,12.859999656677246
1994-12-30,26.317481994628906,13.199999809265137
1995-01-03,26.443830490112305,14.25
1995-01-04,26.570178985595703,13.529999732971191
1995-01-05,26.570178985595703,13.5
1995-01-06,26.597248077392578,13.130000114440918
1995-01-09,26.624343872070312,13.329999923706055
1995-01-10,26.651397705078125,12.520000457763672
1995-01-11,26.669450759887695,12.149999618530273
1995-01-12,26.678485870361328,12.829999923706055
1995-01-13,26.994367599487305,11.100000381469727
1995-01-16,27.156814575195312,11.140000343322754
1995-01-17,27.165851593017578,11.789999961853027
1995-01-18,27.138757705688477,11.569999694824219
1995-01-19,26.985326766967773,11.859999656677246
1995-01-20,26.886064529418945,12.149999618530273
1995-01-23,26.967288970947266,12.789999961853027
1995-01-24,27.003389358520508,11.9399995803833
1995-01-25,27.07559585571289,11.460000038146973
1995-01-26,27.1026611328125,11.25
1995-01-27,27.210960388183594,11.25
1995-01-30,27.09364128112793,12.260000228881836
1995-01-31,27.201923370361328,11.960000038146973
1995-02-01,27.19292449951172,11.729999542236328
1995-02-02,27.355369567871094,11.130000114440918
1995-02-03,27.743471145629883,10.979999542236328
1995-02-06,27.860790252685547,11.220000267028809
1995-02-07,27.896894454956055,11.170000076293945
1995-02-08,27.896894454956055,11.420000076293945
1995-02-09,27.896894454956055,11.630000114440918
1995-02-10,27.9329833984375,11.279999732971191
1995-02-13,27.942001342773438,11.40999984741211
1995-02-14,27.978105545043945,11.430000305175781
1995-02-15,28.13153076171875,11.520000457763672
1995-02-16,28.095428466796875,11.609999656677246
1995-02-17,27.987125396728516,11.710000038146973
1995-02-21,27.978105545043945,12.050000190734863
1995-02-22,28.18568992614746,11.390000343322754
1995-02-23,28.230810165405273,11.149999618530273
1995-02-24,28.30301856994629,10.84000015258789
1995-02-27,28.077383041381836,12.510000228881836
1995-02-28,28.312042236328125,11.75
1995-03-01,28.13153076171875,11.649999618530273
1995-03-02,28.16762351989746,12.020000457763672
1995-03-03,28.17664909362793,11.449999809265137
1995-03-06,28.19471549987793,12.170000076293945
1995-03-07,27.978105545043945,14.220000267028809
1995-03-08,28.05030059814453,13.720000267028809
1995-03-09,28.041292190551758,13.359999656677246
1995-03-10,28.45644760131836,12.380000114440918
1995-03-13,28.42937469482422,12.149999618530273
1995-03-14,28.636940002441406,12.100000381469727
1995-03-15,28.58279037475586,12.420000076293945
1995-03-16,28.75428581237793,11.949999809265137
1995-03-17,28.78287696838379,11.800000190734863
1995-03-20,28.78287696838379,11.34000015258789
1995-03-21,28.71027946472168,11.529999732971191
1995-03-22,28.73749542236328,11.289999961853027
1995-03-23,28.755661010742188,11.430000305175781
1995-03-24,29.163984298706055,11.1899995803833
1995-03-27,29.281940460205078,11.829999923706055
1995-03-28,29.281940460205078,11.329999923706055
1995-03-29,29.27287483215332,12.510000228881836
1995-03-30,29.21842384338379,12.619999885559082
1995-03-31,29.100467681884766,13.369999885559082
1995-04-03,29.17306137084961,13.5
1995-04-04,29.363603591918945,12.619999885559082
1995-04-05,29.363603591918945,12.960000038146973
1995-04-06,29.472503662109375,12.8100004196167
1995-04-07,29.445283889770508,12.850000381469727
1995-04-10,29.49972152709961,12.789999961853027
1995-04-11,29.399904251098633,12.729999542236328
1995-04-12,29.49972152709961,12.039999961853027
1995-04-13,29.663055419921875,11.479999542236328
1995-04-17,29.490633010864258,12.329999923706055
1995-04-18,29.390846252441406,12.960000038146973
1995-04-19,29.363603591918945,13.09000015258789
1995-04-20,29.40898323059082,12.100000381469727
1995-04-21,29.55417823791504,11.859999656677246
1995-04-24,29.89898681640625,11.920000076293945
1995-04-25,29.81730842590332,12.40999984741211
1995-04-26,29.84453582763672,12.279999732971191
1995-04-27,29.91712760925293,11.930000305175781
1995-04-28,29.96251678466797,11.75
1995-05-01,29.88083839416504,12.140000343322754
1995-05-02,29.94434356689453,11.880000114440918
1995-05-03,30.36174964904785,11.6899995803833
1995-05-04,30.343610763549805,12.640000343322754
1995-05-05,30.307302474975586,12.0600004196167
1995-05-08,30.525094985961914,12.220000267028809
1995-05-09,30.49787139892578,12.75
1995-05-10,30.534168243408203,13.079999923706055
1995-05-11,30.615819931030273,12.979999542236328
1995-05-12,30.63397979736328,11.84000015258789
1995-05-15,30.779151916503906,12.380000114440918
1995-05-16,30.797317504882812,12.199999809265137
1995-05-17,30.67933464050293,12.359999656677246
1995-05-18,30.23472023010254,13.130000114440918
1995-05-19,30.252866744995117,12.8100004196167
1995-05-22,30.588605880737305,11.680000305175781
1995-05-23,30.869905471801758,11.550000190734863
1995-05-24,30.85175895690918,11.260000228881836
1995-05-25,30.878995895385742,11.630000114440918
1995-05-26,30.525094985961914,12.199999809265137
1995-05-30,30.516021728515625,12.520000457763672
1995-05-31,31.151199340820312,12.850000381469727
1995-06-01,31.069557189941406,12.210000038146973
1995-06-02,31.09676742553711,12.979999542236328
1995-06-05,31.287330627441406,13.449999809265137
1995-06-06,31.232868194580078,13.0
1995-06-07,31.069557189941406,12.84000015258789
1995-06-08,30.99695587158203,12.890000343322754
1995-06-09,30.81548500061035,12.760000228881836
1995-06-12,30.98786735534668,11.90999984741211
1995-06-13,31.3236083984375,11.289999961853027
1995-06-14,31.296398162841797,11.289999961853027
1995-06-15,31.4325008392334,11.229999542236328
1995-06-16,31.525833129882812,10.75
1995-06-19,31.881790161132812,11.210000038146973
1995-06-20,31.79962158203125,11.15999984741211
1995-06-21,31.781373977661133,11.319999694824219
1995-06-22,32.20124053955078,11.4399995803833
1995-06-23,32.13735580444336,11.119999885559082
1995-06-26,31.754016876220703,11.800000190734863
1995-06-27,31.690114974975586,12.369999885559082
1995-06-28,31.854394912719727,11.739999771118164
1995-06-29,31.79962158203125,11.59000015258789
1995-06-30,31.781373977661133,11.380000114440918
1995-07-03,31.90003204345703,11.569999694824219
1995-07-05,32.01870346069336,12.100000381469727
1995-07-06,32.429420471191406,11.520000457763672
1995-07-07,32.575443267822266,11.770000457763672
1995-07-10,32.593727111816406,12.1899995803833
1995-07-11,32.43854522705078,12.25
1995-07-12,32.84014892578125,12.3100004196167
1995-07-13,32.76714324951172,12.5600004196167
1995-07-14,32.73975372314453,12.079999923706055
1995-07-17,32.92231369018555,12.260000228881836
1995-07-18,32.639366149902344,12.680000305175781
1995-07-19,32.283382415771484,13.489999771118164
1995-07-20,32.40205764770508,12.779999732971191
1995-07-21,32.365543365478516,12.369999885559082
1995-07-24,32.60283279418945,12.550000190734863
1995-07-25,32.84929275512695,12.770000457763672
1995-07-26,32.8218994140625,13.180000305175781
1995-07-27,33.095726013183594,13.180000305175781
1995-07-28,32.88578414916992,13.180000305175781
1995-07-31,32.803646087646484,13.489999771118164
1995-08-01,32.7489013671875,13.5600004196167
1995-08-02,32.67586135864258,13.65999984741211
1995-08-03,32.66674041748047,13.779999732971191
1995-08-04,32.703243255615234,13.210000038146973
1995-08-07,32.77626419067383,13.100000381469727
1995-08-08,32.77626419067383,13.0600004196167
1995-08-09,32.76714324951172,12.75
1995-08-10,32.694114685058594,13.0
1995-08-11,32.51156997680664,12.899999618530273
1995-08-14,32.803646087646484,13.239999771118164
1995-08-15,32.73975372314453,12.350000381469727
1995-08-16,32.83102798461914,12.449999809265137
1995-08-17,32.77626419067383,12.130000114440918
1995-08-18,32.81277847290039,12.029999732971191
1995-08-21,32.72148895263672,13.420000076293945
1995-08-22,32.785400390625,12.600000381469727
1995-08-23,32.66674041748047,13.170000076293945
1995-08-24,32.703243255615234,12.9399995803833
1995-08-25,32.88578414916992,12.329999923706055
1995-08-28,32.76714324951172,12.479999542236328
1995-08-29,32.84929275512695,12.649999618530273
1995-08-30,32.92231369018555,12.029999732971191
1995-08-31,32.94968032836914,11.520000457763672
1995-09-01,33.095726013183594,11.289999961853027
1995-09-05,33.406063079833984,11.649999618530273
1995-09-06,33.46992874145508,11.649999618530273
1995-09-07,33.48817825317383,11.850000381469727
1995-09-08,33.61598587036133,11.15999984741211
1995-09-11,33.70724868774414,11.510000228881836
1995-09-12,33.86241912841797,11.460000038146973
1995-09-13,34.0175895690918,11.350000381469727
1995-09-14,34.327919006347656,11.100000381469727
1995-09-15,34.31843948364258,11.579999923706055
1995-09-18,34.18997573852539,12.34000015258789
1995-09-19,34.35513687133789,12.670000076293945
1995-09-20,34.52030563354492,12.350000381469727
1995-09-21,34.235836029052734,12.5
1995-09-22,34.24502182006836,12.460000038146973
1995-09-25,34.18997573852539,13.220000267028809
1995-09-26,34.1807975769043,12.899999618530273
1995-09-27,34.15326690673828,12.899999618530273
1995-09-28,34.41019821166992,12.460000038146973
1995-09-29,34.34598159790039,12.739999771118164
1995-10-02,34.171627044677734,13.949999809265137
1995-10-03,34.208316802978516,14.5
1995-10-04,34.171627044677734,14.859999656677246
1995-10-05,34.272560119628906,15.739999771118164
1995-10-06,34.300106048583984,13.979999542236328
1995-10-09,34.015621185302734,14.850000381469727
1995-10-10,33.997276306152344,14.970000267028809
1995-10-11,34.107383728027344,14.569999694824219
1995-10-12,34.31843948364258,14.239999771118164
1995-10-13,34.42854690551758,13.670000076293945
1995-10-16,34.263370513916016,14.619999885559082
1995-10-17,34.49279022216797,14.029999732971191
1995-10-18,34.593719482421875,14.050000190734863
1995-10-19,34.75889205932617,13.550000190734863
1995-10-20,34.54783630371094,13.460000038146973
1995-10-23,34.47441482543945,14.170000076293945
1995-10-24,34.511146545410156,13.850000381469727
1995-10-25,34.2266960144043,14.489999771118164
1995-10-26,33.91469192504883,15.59000015258789
1995-10-27,34.171627044677734,14.630000114440918
1995-10-30,34.39185333251953,14.260000228881836
1995-10-31,34.24502182006836,13.829999923706055
1995-11-01,34.52030563354492,13.40999984741211
1995-11-02,34.74052047729492,13.1899995803833
1995-11-03,34.786407470703125,12.260000228881836
1995-11-06,34.667137145996094,12.739999771118164
1995-11-07,34.538658142089844,13.050000190734863
1995-11-08,34.850643157958984,12.15999984741211
1995-11-09,34.9791145324707,12.460000038146973
1995-11-10,34.96076202392578,12.970000267028809
1995-11-13,34.92405319213867,13.199999809265137
1995-11-14,34.694664001464844,13.380000114440918
1995-11-15,35.043357849121094,12.949999809265137
1995-11-16,35.23604965209961,12.569999694824219
1995-11-17,35.346160888671875,12.489999771118164
1995-11-20,35.16264724731445,12.369999885559082
1995-11-21,35.44709777832031,11.739999771118164
1995-11-22,35.336978912353516,11.8100004196167
1995-11-24,35.42873764038086,11.869999885559082
1995-11-27,35.43791961669922,12.430000305175781
1995-11-28,35.81413650512695,11.569999694824219
1995-11-29,35.850852966308594,11.649999618530273
1995-11-30,35.76826095581055,11.579999923706055
1995-12-01,35.81413650512695,11.109999656677246
1995-12-04,36.25459289550781,10.65999984741211
1995-12-05,36.493167877197266,11.649999618530273
1995-12-06,36.57574462890625,12.699999809265137
1995-12-07,36.3830451965332,12.739999771118164
1995-12-08,36.50232696533203,11.119999885559082
1995-12-11,36.6583366394043,11.0600004196167
1995-12-12,36.5482063293457,10.630000114440918
1995-12-13,36.777626037597656,10.359999656677246
1995-12-14,36.51150894165039,11.069999694824219
1995-12-15,36.5248908996582,11.4399995803833
1995-12-18,35.82320022583008,14.550000190734863
1995-12-19,36.20172882080078,13.15999984741211
1995-12-20,35.85090255737305,12.199999809265137
1995-12-21,36.035552978515625,10.770000457763672
1995-12-22,36.164798736572266,11.510000228881836
1995-12-26,36.34023666381836,11.489999771118164
1995-12-27,36.32175827026367,11.979999542236328
1995-12-28,36.28484344482422,12.25
1995-12-29,36.33100128173828,12.520000457763672
1996-01-02,36.71878433227539,12.1899995803833
1996-01-03,36.82032775878906,12.100000381469727
1996-01-04,36.46950912475586,13.779999732971191
1996-01-05,36.3956184387207,13.579999923706055
1996-01-08,36.53412628173828,13.109999656677246
1996-01-09,35.90629196166992,15.210000038146973
1996-01-10,35.4354133605957,16.399999618530273
1996-01-11,35.64776611328125,14.6899995803833
1996-01-12,35.59237289428711,14.229999542236328
1996-01-15,35.51852798461914,14.989999771118164
1996-01-16,35.95244598388672,14.09000015258789
1996-01-17,35.841670989990234,14.25
1996-01-18,35.96169662475586,13.579999923706055
1996-01-19,36.20172882080078,12.699999809265137
1996-01-22,36.210968017578125,13.34000015258789
1996-01-23,36.294071197509766,13.5600004196167
1996-01-24,36.58952331542969,12.539999961853027
1996-01-25,36.46026611328125,12.9399995803833
1996-01-26,36.77416229248047,12.0
1996-01-29,36.92189407348633,12.1899995803833
1996-01-30,37.235809326171875,12.420000076293945
1996-01-31,37.62358856201172,12.529999732971191
1996-02-01,37.7620735168457,12.649999618530273
1996-02-02,37.605098724365234,13.229999542236328
1996-02-05,37.909812927246094,13.460000038146973
1996-02-06,38.269866943359375,14.59000015258789
1996-02-07,38.491451263427734,14.109999656677246
1996-02-08,38.906951904296875,13.890000343322754
1996-02-09,38.8977165222168,14.630000114440918
1996-02-12,39.193153381347656,14.6899995803833
1996-02-13,39.110042572021484,14.9399995803833
1996-02-14,38.768436431884766,15.59000015258789
1996-02-15,38.52838897705078,16.1299991607666
1996-02-16,38.371456146240234,15.369999885559082
1996-02-20,37.99291229248047,16.799999237060547
1996-02-21,38.46377944946289,14.470000267028809
1996-02-22,39.0731201171875,14.5600004196167
1996-02-23,38.962318420410156,14.779999732971191
1996-02-26,38.40836715698242,16.3799991607666
1996-02-27,38.28834533691406,16.6299991607666
1996-02-28,38.11289596557617,16.719999313354492
1996-02-29,37.743621826171875,17.040000915527344
1996-03-01,38.3437385559082,16.719999313354492
1996-03-04,38.56532287597656,16.670000076293945
1996-03-05,38.9254035949707,16.100000381469727
1996-03-06,38.583805084228516,16.559999465942383
1996-03-07,38.777687072753906,16.489999771118164
1996-03-08,37.52200698852539,20.700000762939453
1996-03-11,37.95595169067383,19.399999618530273
1996-03-12,37.6605224609375,19.09000015258789
1996-03-13,37.91903305053711,18.1299991607666
1996-03-14,38.085205078125,16.93000030517578
1996-03-15,38.059635162353516,16.540000915527344
1996-03-18,38.792266845703125,17.309999465942383
1996-03-19,38.70881271362305,18.350000381469727
1996-03-20,38.662418365478516,18.65999984741211
1996-03-21,38.56968307495117,17.739999771118164
1996-03-22,38.67169952392578,17.049999237060547
1996-03-25,38.597503662109375,17.84000015258789
1996-03-26,38.78297805786133,17.799999237060547
1996-03-27,38.430580139160156,17.889999389648438
1996-03-28,38.578941345214844,18.15999984741211
1996-03-29,38.39347839355469,18.8799991607666
1996-04-01,38.838623046875,17.899999618530273
1996-04-02,38.912837982177734,16.450000762939453
1996-04-03,38.912837982177734,16.329999923706055
1996-04-04,38.8849983215332,16.18000030517578
1996-04-08,38.2172966003418,18.719999313354492
1996-04-09,38.06888961791992,17.31999969482422
1996-04-10,37.391910552978516,20.219999313354492
1996-04-11,37.34553527832031,19.649999618530273
1996-04-12,37.81850814819336,17.3799991607666
1996-04-15,38.13384246826172,16.829999923706055
1996-04-16,38.2451057434082,16.450000762939453
1996-04-17,38.15236282348633,17.06999969482422
1996-04-18,38.2080078125,16.40999984741211
1996-04-19,38.3007698059082,15.119999885559082
1996-04-22,38.597503662109375,15.380000114440918
1996-04-23,38.718055725097656,15.010000228881836
1996-04-24,38.578941345214844,14.90999984741211
1996-04-25,38.75516891479492,14.720000267028809
1996-04-26,38.838623046875,14.75
1996-04-29,38.838623046875,15.449999809265137
1996-04-30,38.810821533203125,15.829999923706055
1996-05-01,38.8942756652832,16.06999969482422
1996-05-02,38.22654724121094,18.6200008392334
1996-05-03,38.170928955078125,16.700000762939453
1996-05-06,38.13384246826172,16.920000076293945
1996-05-07,37.976165771484375,16.8700008392334
1996-05-08,38.44915771484375,15.779999732971191
1996-05-09,38.421302795410156,16.989999771118164
1996-05-10,38.801536560058594,15.609999656677246
1996-05-13,39.385765075683594,15.15999984741211
1996-05-14,39.626888275146484,14.899999618530273
1996-05-15,39.58052444458008,15.59000015258789
1996-05-16,39.66400146484375,15.710000038146973
1996-05-17,39.87728500366211,15.130000114440918
1996-05-20,40.14622497558594,15.800000190734863
1996-05-21,40.090579986572266,16.0
1996-05-22,40.47080993652344,15.5
1996-05-23,40.30389404296875,16.170000076293945
1996-05-24,40.4615364074707,15.539999961853027
1996-05-28,40.053497314453125,16.920000076293945
1996-05-29,39.78453826904297,17.149999618530273
1996-05-30,39.98857116699219,16.020000457763672
1996-05-31,39.691802978515625,16.06999969482422
1996-06-03,39.803104400634766,16.860000610351562
1996-06-04,40.081321716308594,16.18000030517578
1996-06-05,40.4337158203125,16.040000915527344
1996-06-06,40.13695526123047,16.84000015258789
1996-06-07,40.13695526123047,16.100000381469727
1996-06-10,40.00712203979492,16.780000686645508
1996-06-11,39.97003936767578,16.68000030517578
1996-06-12,39.89583206176758,17.0
1996-06-13,39.89583206176758,17.1200008392334
1996-06-14,39.72891616821289,18.639999389648438
1996-06-17,39.701080322265625,17.459999084472656
1996-06-18,39.37651824951172,17.450000762939453
1996-06-19,39.552703857421875,17.540000915527344
1996-06-20,39.524898529052734,16.969999313354492
1996-06-21,39.864837646484375,15.800000190734863
1996-06-24,39.939422607421875,15.90999984741211
1996-06-25,39.89280319213867,15.430000305175781
1996-06-26,39.62241744995117,15.229999542236328
1996-06-27,39.90211868286133,14.1899995803833
1996-06-28,40.041996002197266,13.680000305175781
1996-07-01,40.38692855834961,13.779999732971191
1996-07-02,40.23776626586914,14.1899995803833
1996-07-03,40.15385818481445,14.210000038146973
1996-07-05,39.12834930419922,16.09000015258789
1996-07-08,38.96984100341797,16.420000076293945
1996-07-09,39.12834930419922,15.489999771118164
1996-07-10,39.286827087402344,15.510000228881836
1996-07-11,38.494380950927734,17.809999465942383
1996-07-12,38.52234649658203,17.09000015258789
1996-07-15,37.38493728637695,20.110000610351562
1996-07-16,37.47815704345703,20.100000381469727
1996-07-17,37.925662994384766,19.219999313354492
1996-07-18,38.44775390625,17.93000030517578
1996-07-19,38.16807174682617,17.260000228881836
1996-07-22,37.888389587402344,20.40999984741211
1996-07-23,37.403564453125,21.549999237060547
1996-07-24,37.47815704345703,21.440000534057617
1996-07-25,37.81379318237305,19.389999389648438
1996-07-26,38.01889419555664,17.450000762939453
1996-07-29,37.59937286376953,20.09000015258789
1996-07-30,37.962974548339844,20.530000686645508
1996-07-31,38.242645263671875,19.459999084472656
1996-08-01,38.87661361694336,18.760000228881836
1996-08-02,39.71567153930664,16.190000534057617
1996-08-05,39.48260498046875,17.360000610351562
1996-08-06,39.60380554199219,16.93000030517578
1996-08-07,39.70635223388672,16.239999771118164
1996-08-08,39.641109466552734,16.040000915527344
1996-08-09,39.51057434082031,15.770000457763672
1996-08-12,39.799591064453125,15.569999694824219
1996-08-13,39.48260498046875,16.40999984741211
1996-08-14,39.62241744995117,15.960000038146973
1996-08-15,39.547874450683594,15.460000038146973
1996-08-16,39.88349151611328,14.8100004196167
1996-08-19,39.90211868286133,15.270000457763672
1996-08-20,39.87417221069336,14.729999542236328
1996-08-21,39.73432922363281,14.520000457763672
1996-08-22,40.107234954833984,13.710000038146973
1996-08-23,39.89280319213867,14.180000305175781
1996-08-26,39.69703674316406,15.380000114440918
1996-08-27,39.84621047973633,15.109999656677246
1996-08-28,39.780948638916016,15.100000381469727
1996-08-29,39.389366149902344,16.219999313354492
1996-08-30,38.97915267944336,17.010000228881836
1996-09-03,39.23089599609375,18.469999313354492
1996-09-04,39.26816940307617,18.639999389648438
1996-09-05,38.79269790649414,20.510000228881836
1996-09-06,39.342735290527344,17.100000381469727
1996-09-09,39.808895111083984,16.360000610351562
1996-09-10,39.790245056152344,16.25
1996-09-11,40.01401138305664,16.059999465942383
1996-09-12,40.293704986572266,15.970000267028809
1996-09-13,40.90901565551758,15.199999809265137
1996-09-16,41.05818176269531,15.430000305175781
1996-09-17,40.964935302734375,15.739999771118164
1996-09-18,40.862403869628906,15.859999656677246
1996-09-19,41.0208854675293,16.030000686645508
1996-09-20,41.16640853881836,15.649999618530273
1996-09-23,41.15702819824219,16.459999084472656
1996-09-24,41.14764404296875,16.450000762939453
1996-09-25,41.17576217651367,16.219999313354492
1996-09-26,41.15702819824219,16.110000610351562
1996-09-27,41.19450759887695,16.100000381469727
1996-09-30,41.15702819824219,16.950000762939453
1996-10-01,41.38191223144531,17.049999237060547
1996-10-02,41.66304397583008,16.780000686645508
1996-10-03,41.62556076049805,16.770000457763672
1996-10-04,42.187808990478516,14.800000190734863
1996-10-07,42.234676361083984,15.109999656677246
1996-10-08,42.066017150878906,15.579999923706055
1996-10-09,41.7380256652832,16.09000015258789
1996-10-10,41.653682708740234,16.260000228881836
1996-10-11,42.16908645629883,15.069999694824219
1996-10-14,42.225303649902344,15.130000114440918
1996-10-15,42.16908645629883,15.829999923706055
1996-10-16,42.37523651123047,15.600000381469727
1996-10-17,42.487701416015625,15.40999984741211
1996-10-18,42.71260452270508,15.079999923706055
1996-10-21,42.656368255615234,15.979999542236328
1996-10-22,42.356502532958984,16.399999618530273
1996-10-23,42.49706268310547,16.450000762939453
1996-10-24,42.13161087036133,16.889999389648438
1996-10-25,42.16908645629883,17.290000915527344
1996-10-28,41.88795471191406,18.34000015258789
1996-10-29,42.225303649902344,18.280000686645508
1996-10-30,42.084747314453125,18.479999542236328
1996-10-31,42.487701416015625,18.110000610351562
1996-11-01,42.33776092529297,17.889999389648438
1996-11-04,42.61888122558594,18.040000915527344
1996-11-05,42.86253356933594,17.649999618530273
1996-11-06,43.687171936035156,16.969999313354492
1996-11-07,43.79025650024414,17.209999084472656
1996-11-08,44.033905029296875,15.779999732971191
1996-11-11,43.98704528808594,14.039999961853027
1996-11-12,43.85585403442383,15.359999656677246
1996-11-13,44.05261993408203,14.890000343322754
1996-11-14,44.343116760253906,13.789999961853027
1996-11-15,44.39933776855469,14.359999656677246
1996-11-18,44.40871810913086,15.119999885559082
1996-11-19,44.727333068847656,15.229999542236328
1996-11-20,44.80231475830078,15.9399995803833
1996-11-21,44.7366943359375,15.770000457763672
1996-11-22,45.083431243896484,14.920000076293945
1996-11-25,45.65504837036133,15.90999984741211
1996-11-26,45.5051383972168,16.969999313354492
1996-11-27,45.4207649230957,16.959999084472656
1996-11-29,45.589473724365234,17.139999389648438
1996-12-02,45.608192443847656,17.93000030517578
1996-12-03,44.830421447753906,18.68000030517578
1996-12-04,44.95224380493164,17.93000030517578
1996-12-05,44.830421447753906,18.139999389648438
1996-12-06,44.56803894042969,18.81999969482422
1996-12-09,45.2239990234375,17.75
1996-12-10,45.00845718383789,17.8799991607666
1996-12-11,44.59614562988281,19.68000030517578
1996-12-12,43.85585403442383,20.450000762939453
1996-12-13,43.968292236328125,21.09000015258789
1996-12-16,43.40604782104492,21.989999771118164
1996-12-17,43.75277328491211,20.770000457763672
1996-12-18,44.0994873046875,19.420000076293945
1996-12-19,45.00845718383789,18.770000457763672
1996-12-20,45.10723114013672,18.850000381469727
1996-12-23,44.99421691894531,19.5
1996-12-24,45.323822021484375,18.68000030517578
1996-12-26,45.67224884033203,18.59000015258789
1996-12-27,45.7287483215332,19.1299991607666
1996-12-30,45.33322525024414,19.510000228881836
1996-12-31,44.50453567504883,20.920000076293945
1997-01-02,44.6175422668457,21.139999389648438
1997-01-03,45.25790786743164,19.1299991607666
1997-01-06,44.862396240234375,19.889999389648438
1997-01-07,45.4085693359375,19.350000381469727
1997-01-08,45.01306915283203,20.239999771118164
1997-01-09,45.38972854614258,20.90999984741211
1997-01-10,45.87943649291992,19.6299991607666
1997-01-13,45.81348419189453,19.84000015258789
1997-01-14,46.3879280090332,19.270000457763672
1997-01-15,46.27492141723633,19.399999618530273
1997-01-16,46.4632568359375,19.610000610351562
1997-01-17,46.74578094482422,18.6299991607666
1997-01-20,46.80229568481445,18.600000381469727
1997-01-21,47.178958892822266,17.809999465942383
1997-01-22,47.51799392700195,17.09000015258789
1997-01-23,46.8587646484375,18.469999313354492
1997-01-24,46.256103515625,19.329999923706055
1997-01-27,46.124267578125,20.15999984741211
1997-01-28,46.256103515625,20.739999771118164
1997-01-29,46.708133697509766,20.229999542236328
1997-01-30,47.31079864501953,19.469999313354492
1997-01-31,47.25426483154297,19.469999313354492
1997-02-03,47.395538330078125,19.579999923706055
1997-02-04,47.68748092651367,19.43000030517578
1997-02-05,46.7928581237793,21.059999465942383
1997-02-06,47.103633880615234,20.15999984741211
1997-02-07,47.74397277832031,18.899999618530273
1997-02-10,47.2919807434082,20.649999618530273
1997-02-11,47.83812713623047,19.969999313354492
1997-02-12,48.51618957519531,19.479999542236328
1997-02-13,49.04352951049805,19.229999542236328
1997-02-14,48.93050765991211,19.18000030517578
1997-02-18,49.3448600769043,19.700000762939453
1997-02-19,49.01526641845703,20.610000610351562
1997-02-20,48.4220085144043,21.40999984741211
1997-02-21,48.44084167480469,20.549999237060547
1997-02-24,49.01526641845703,19.84000015258789
1997-02-25,49.05293273925781,19.979999542236328
1997-02-26,48.57265853881836,20.739999771118164
1997-02-27,47.847557067871094,21.079999923706055
1997-02-28,47.70633316040039,21.100000381469727
1997-03-03,48.02648162841797,20.889999389648438
1997-03-04,47.76282501220703,20.6200008392334
1997-03-05,48.57265853881836,19.489999771118164
1997-03-06,48.29017639160156,20.479999542236328
1997-03-07,48.72334289550781,19.31999969482422
1997-03-10,49.231876373291016,19.0
1997-03-11,48.968170166015625,19.25
1997-03-12,48.53499221801758,19.610000610351562
1997-03-13,47.781639099121094,19.790000915527344
1997-03-14,48.02648162841797,19.809999465942383
1997-03-17,48.15834426879883,20.950000762939453
1997-03-18,47.64040756225586,21.260000228881836
1997-03-19,47.48029708862305,21.739999771118164
1997-03-20,47.23546600341797,21.219999313354492
1997-03-21,47.454166412353516,19.690000534057617
1997-03-24,48.11586380004883,20.059999465942383
1997-03-25,47.64324188232422,19.260000228881836
1997-03-26,47.85121536254883,18.31999969482422
1997-03-27,46.58449172973633,20.5
1997-03-31,45.60136032104492,22.139999389648438
1997-04-01,45.89442825317383,20.84000015258789
1997-04-02,45.072021484375,21.299999237060547
1997-04-03,45.31779861450195,21.190000534057617
1997-04-04,45.884971618652344,19.229999542236328
1997-04-07,46.064579010009766,18.510000228881836
1997-04-08,46.395450592041016,18.440000534057617
1997-04-09,46.017311096191406,18.559999465942383
1997-04-10,45.8471565246582,19.010000228881836
1997-04-11,44.391353607177734,19.760000228881836
1997-04-14,44.9869270324707,19.09000015258789
1997-04-15,45.75263214111328,18.25
1997-04-16,46.28200912475586,17.639999389648438
1997-04-17,46.092918395996094,18.709999084472656
1997-04-18,46.319828033447266,18.75
1997-04-21,46.017311096191406,20.100000381469727
1997-04-22,47.028804779052734,19.520000457763672
1997-04-23,47.0760383605957,20.479999542236328
1997-04-24,46.83972930908203,20.829999923706055
1997-04-25,46.3009033203125,21.149999618530273
1997-04-28,46.7546501159668,21.34000015258789
1997-04-29,48.22931671142578,19.809999465942383
1997-04-30,48.45619583129883,20.059999465942383
1997-05-01,48.399452209472656,19.8700008392334
1997-05-02,49.26917266845703,17.510000228881836
1997-05-05,50.441322326660156,20.1299991607666
1997-05-06,50.40351104736328,20.850000381469727
1997-05-07,49.30697250366211,21.34000015258789
1997-05-08,49.647274017333984,21.260000228881836
1997-05-09,49.98759078979492,20.110000610351562
1997-05-12,50.819419860839844,20.25
1997-05-13,50.61148452758789,20.809999465942383
1997-05-14,50.706024169921875,21.09000015258789
1997-05-15,51.046321868896484,19.90999984741211
1997-05-16,50.3467903137207,21.56999969482422
1997-05-19,50.498050689697266,21.479999542236328
1997-05-20,51.10301971435547,19.260000228881836
1997-05-21,50.98958206176758,19.280000686645508
1997-05-22,50.819419860839844,18.770000457763672
1997-05-23,51.29208755493164,18.079999923706055
1997-05-27,51.50005340576172,19.360000610351562
1997-05-28,51.4905891418457,19.280000686645508
1997-05-29,51.188114166259766,19.020000457763672
1997-05-30,51.51897048950195,19.190000534057617
1997-06-02,51.29208755493164,20.850000381469727
1997-06-03,51.12195587158203,20.010000228881836
1997-06-04,51.06524658203125,20.100000381469727
1997-06-05,51.25428771972656,20.360000610351562
1997-06-06,52.25632095336914,18.940000534057617
1997-06-09,52.52098846435547,19.459999084472656
1997-06-10,52.68166732788086,19.040000915527344
1997-06-11,52.804569244384766,18.850000381469727
1997-06-12,53.82552719116211,18.510000228881836
1997-06-13,54.279266357421875,19.270000457763672
1997-06-16,54.29813003540039,19.770000457763672
1997-06-17,54.222530364990234,20.170000076293945
1997-06-18,54.03348159790039,20.450000762939453
1997-06-19,54.591182708740234,20.100000381469727
1997-06-20,54.40522766113281,20.200000762939453
1997-06-23,53.08612823486328,21.190000534057617
1997-06-24,54.43368148803711,20.739999771118164
1997-06-25,54.05406188964844,21.5
1997-06-26,53.78837966918945,21.81999969482422
1997-06-27,53.997154235839844,21.219999313354492
1997-06-30,53.63654708862305,21.530000686645508
1997-07-01,54.26285171508789,21.0
1997-07-02,55.154876708984375,19.700000762939453
1997-07-03,55.91405487060547,17.81999969482422
1997-07-07,55.34469223022461,19.1299991607666
1997-07-08,55.92359161376953,18.760000228881836
1997-07-09,55.306724548339844,20.399999618530273
1997-07-10,55.553470611572266,19.920000076293945
1997-07-11,55.74327087402344,19.059999465942383
1997-07-14,55.91405487060547,19.579999923706055
1997-07-15,56.198787689208984,19.0
1997-07-16,56.938987731933594,19.360000610351562
1997-07-17,56.654296875,20.540000915527344
1997-07-18,55.449073791503906,22.280000686645508
1997-07-21,55.458553314208984,23.510000228881836
1997-07-22,56.929481506347656,21.770000457763672
1997-07-23,56.88203811645508,21.299999237060547
1997-07-24,57.14778518676758,20.959999084472656
1997-07-25,57.109806060791016,20.81999969482422
1997-07-28,57.07182693481445,21.84000015258789
1997-07-29,57.26164627075195,22.020000457763672
1997-07-30,57.94489669799805,21.389999389648438
1997-07-31,57.887962341308594,21.479999542236328
1997-08-01,57.660179138183594,22.290000915527344
1997-08-04,57.81204605102539,21.940000534057617
1997-08-05,57.850006103515625,20.639999389648438
1997-08-06,58.32450866699219,20.049999237060547
1997-08-07,57.887962341308594,19.770000457763672
1997-08-08,56.71123504638672,22.459999084472656
1997-08-11,57.12879180908203,22.770000457763672
1997-08-12,56.21772766113281,23.75
1997-08-13,56.046939849853516,24.520000457763672
1997-08-14,56.25572204589844,23.110000610351562
1997-08-15,54.52854919433594,24.450000762939453
1997-08-18,55.74327087402344,24.3700008392334
1997-08-19,56.38860321044922,22.639999389648438
1997-08-20,57.24269104003906,21.09000015258789
1997-08-21,56.23673629760742,23.829999923706055
1997-08-22,56.21772766113281,24.739999771118164
1997-08-25,56.00897979736328,24.100000381469727
1997-08-26,55.18336868286133,24.729999542236328
1997-08-27,55.515506744384766,24.260000228881836
1997-08-28,54.67091369628906,24.510000228881836
1997-08-29,54.889190673828125,24.760000228881836
1997-09-02,56.673255920410156,24.530000686645508
1997-09-03,56.36958312988281,24.950000762939453
1997-09-04,56.73021697998047,25.270000457763672
1997-09-05,56.568870544433594,24.309999465942383
1997-09-08,56.81563186645508,24.399999618530273
1997-09-09,56.84408950805664,23.889999389648438
1997-09-10,55.66733932495117,24.639999389648438
1997-09-11,55.382667541503906,25.989999771118164
1997-09-12,56.274688720703125,25.170000076293945
1997-09-15,56.179805755615234,25.739999771118164
1997-09-16,57.58430480957031,23.770000457763672
1997-09-17,57.58430480957031,24.100000381469727
1997-09-18,57.831016540527344,23.479999542236328
1997-09-19,57.92887496948242,22.739999771118164
1997-09-22,58.252662658691406,22.079999923706055
1997-09-23,57.98600769042969,22.0
1997-09-24,57.50979995727539,22.639999389648438
1997-09-25,57.109745025634766,22.959999084472656
1997-09-26,57.58599853515625,22.260000228881836
1997-09-29,58.13840866088867,22.229999542236328
1997-09-30,57.528831481933594,22.90999984741211
1997-10-01,58.29081344604492,22.31999969482422
1997-10-02,58.614654541015625,22.270000457763672
1997-10-03,58.90989685058594,21.540000915527344
1997-10-06,59.30044174194336,21.610000610351562
1997-10-07,59.85285949707031,20.290000915527344
1997-10-08,59.43377685546875,20.770000457763672
1997-10-09,59.22422409057617,22.309999465942383
1997-10-10,59.05276870727539,19.75
1997-10-13,59.10990524291992,20.260000228881836
1997-10-14,59.128971099853516,19.989999771118164
1997-10-15,58.99560546875,20.049999237060547
1997-10-16,58.06220245361328,20.530000686645508
1997-10-17,57.471702575683594,21.690000534057617
1997-10-20,58.29081344604492,20.719999313354492
1997-10-21,59.424198150634766,19.530000686645508
1997-10-22,59.03372573852539,19.860000610351562
1997-10-23,57.8716926574707,22.989999771118164
1997-10-24,57.30023193359375,23.170000076293945
1997-10-27,53.14750289916992,31.1200008392334
1997-10-28,56.21443557739258,31.219999313354492
1997-10-29,56.06202697753906,33.75
1997-10-30,54.823822021484375,38.20000076293945
1997-10-31,56.1191520690918,35.09000015258789
1997-11-03,57.30023193359375,32.09000015258789
1997-11-04,57.30023193359375,32.2400016784668
1997-11-05,57.49074172973633,32.18000030517578
1997-11-06,57.27167510986328,32.56999969482422
1997-11-07,56.652565002441406,36.27000045776367
1997-11-10,56.30970001220703,36.630001068115234
1997-11-11,56.32871627807617,36.380001068115234
1997-11-12,55.166725158691406,37.84000015258789
1997-11-13,55.966793060302734,36.63999938964844
1997-11-14,56.728759765625,33.65999984741211
1997-11-17,57.776466369628906,31.579999923706055
1997-11-18,57.4145622253418,31.549999237060547
1997-11-19,57.7003059387207,29.93000030517578
1997-11-20,58.5765266418457,27.31999969482422
1997-11-21,58.97655487060547,26.649999618530273
1997-11-24,57.909828186035156,29.799999237060547
1997-11-25,58.06220245361328,28.950000762939453
1997-11-26,58.23362350463867,28.950000762939453
1997-11-28,58.29081344604492,27.43000030517578
1997-12-01,59.79570388793945,26.010000228881836
1997-12-02,59.43377685546875,25.65999984741211
1997-12-03,59.60518264770508,23.920000076293945
1997-12-04,59.54802703857422,23.84000015258789
1997-12-05,60.31003189086914,22.649999618530273
1997-12-08,60.13858413696289,23.219999313354492
1997-12-09,59.776611328125,23.360000610351562
1997-12-10,59.26233673095703,24.549999237060547
1997-12-11,58.252662658691406,27.6299991607666
1997-12-12,58.36698532104492,27.920000076293945
1997-12-15,58.95750045776367,27.3700008392334
1997-12-16,59.319461822509766,26.110000610351562
1997-12-17,59.014652252197266,26.329999923706055
1997-12-18,58.443206787109375,27.190000534057617
1997-12-19,58.00638198852539,29.18000030517578
1997-12-22,58.37932586669922,28.559999465942383
1997-12-23,57.336997985839844,29.860000610351562
1997-12-24,57.16486740112305,30.270000457763672
1997-12-26,57.39434051513672,29.270000457763672
1997-12-29,58.52276611328125,26.790000915527344
1997-12-30,59.44075393676758,24.3799991607666
1997-12-31,59.40250778198242,24.010000228881836
1998-01-02,59.708473205566406,23.420000076293945
1998-01-05,59.84237289428711,24.360000610351562
1998-01-06,58.88613510131836,25.65999984741211
1998-01-07,59.03912353515625,25.06999969482422
1998-01-08,58.52276611328125,26.010000228881836
1998-01-09,56.495479583740234,28.690000534057617
1998-01-12,57.52824401855469,28.020000457763672
1998-01-13,58.33150100708008,25.170000076293945
1998-01-14,58.599246978759766,23.75
1998-01-15,58.111549377441406,23.450000762939453
1998-01-16,58.943511962890625,21.649999618530273
1998-01-20,59.899776458740234,21.649999618530273
1998-01-21,59.3260498046875,22.530000686645508
1998-01-22,58.800086975097656,23.15999984741211
1998-01-23,58.7139778137207,23.31999969482422
1998-01-26,58.67575454711914,23.969999313354492
1998-01-27,59.26862716674805,22.270000457763672
1998-01-28,59.804134368896484,22.059999465942383
1998-01-29,60.12925720214844,21.649999618530273
1998-01-30,60.16750717163086,21.469999313354492
1998-02-02,61.16201400756836,21.360000610351562
1998-02-03,61.62102127075195,20.670000076293945
1998-02-04,61.54451370239258,20.549999237060547
1998-02-05,61.50627517700195,21.290000915527344
1998-02-06,62.19475555419922,20.510000228881836
1998-02-09,61.98439407348633,21.549999237060547
1998-02-10,62.5772705078125,20.65999984741211
1998-02-11,62.51988983154297,20.3799991607666
1998-02-12,62.787635803222656,19.729999542236328
1998-02-13,62.42425537109375,19.84000015258789
1998-02-17,62.73029327392578,20.760000228881836
1998-02-18,63.30400466918945,19.65999984741211
1998-02-19,62.96933364868164,19.8799991607666
1998-02-20,63.437904357910156,19.0
1998-02-23,63.68653869628906,18.989999771118164
1998-02-24,63.189273834228516,19.350000381469727
1998-02-25,63.97339630126953,18.6200008392334
1998-02-26,64.3367691040039,18.6299991607666
1998-02-27,64.3367691040039,18.549999237060547
1998-03-02,64.202880859375,19.190000534057617
1998-03-03,64.5662612915039,19.040000915527344
1998-03-04,64.1455078125,19.579999923706055
1998-03-05,63.55261993408203,20.93000030517578
1998-03-06,64.83403015136719,19.139999389648438
1998-03-09,64.60452270507812,20.229999542236328
1998-03-10,65.21652221679688,19.43000030517578
1998-03-11,65.52251434326172,18.889999389648438
1998-03-12,65.79027557373047,18.25
1998-03-13,65.54167938232422,18.709999084472656
1998-03-16,66.249267578125,18.510000228881836
1998-03-17,66.44056701660156,18.65999984741211
1998-03-18,66.68917846679688,18.290000915527344
1998-03-19,66.8613052368164,17.760000228881836
1998-03-20,67.43700408935547,18.690000534057617
1998-03-23,67.28355407714844,19.979999542236328
1998-03-24,67.85896301269531,20.510000228881836
1998-03-25,67.60962677001953,22.540000915527344
1998-03-26,67.57125091552734,22.809999465942383
1998-03-27,67.28355407714844,23.469999313354492
1998-03-30,67.24519348144531,24.65999984741211
1998-03-31,67.4753646850586,24.219999313354492
1998-04-01,68.0219497680664,23.3700008392334
1998-04-02,68.76042175292969,21.979999542236328
1998-04-03,69.10565948486328,21.81999969482422
1998-04-06,68.54945373535156,22.469999313354492
1998-04-07,68.0891342163086,23.65999984741211
1998-04-08,67.70550537109375,23.170000076293945
1998-04-09,68.24259185791016,21.510000228881836
1998-04-13,68.05078887939453,22.770000457763672
1998-04-14,68.62617492675781,21.610000610351562
1998-04-15,68.81797790527344,20.889999389648438
1998-04-16,68.01238250732422,22.059999465942383
1998-04-17,68.9138412475586,20.760000228881836
1998-04-20,68.89468383789062,20.389999389648438
1998-04-21,69.22073364257812,19.90999984741211
1998-04-22,69.41254425048828,19.440000534057617
1998-04-23,68.74122619628906,20.600000381469727
1998-04-24,68.01238250732422,21.969999313354492
1998-04-27,66.72732543945312,26.09000015258789
1998-04-28,66.6314468383789,24.170000076293945
1998-04-29,67.09173583984375,22.780000686645508
1998-04-30,68.33847045898438,21.18000030517578
1998-05-01,69.10565948486328,19.34000015258789
1998-05-04,68.93302917480469,20.31999969482422
1998-05-05,68.45356750488281,21.459999084472656
1998-05-06,67.64800262451172,22.790000915527344
1998-05-07,67.11095428466797,23.389999389648438
1998-05-08,68.20421600341797,20.56999969482422
1998-05-11,67.97400665283203,21.049999237060547
1998-05-12,68.70288848876953,20.979999542236328
1998-05-13,68.87554168701172,20.440000534057617
1998-05-14,68.53026580810547,19.639999389648438
1998-05-15,68.14665985107422,20.440000534057617
1998-05-18,67.87812042236328,21.690000534057617
1998-05-19,68.33847045898438,20.389999389648438
1998-05-20,68.99055480957031,19.889999389648438
1998-05-21,68.54945373535156,19.3799991607666
1998-05-22,68.2809066772461,18.989999771118164
1998-05-26,67.18768310546875,22.06999969482422
1998-05-27,67.28355407714844,22.59000015258789
1998-05-28,67.59041595458984,20.739999771118164
1998-05-29,66.91915893554688,21.31999969482422
1998-06-01,67.22600555419922,22.829999923706055
1998-06-02,67.28355407714844,22.0
1998-06-03,66.20948028564453,22.850000381469727
1998-06-04,67.43700408935547,21.219999313354492
1998-06-05,68.74122619628906,19.780000686645508
1998-06-08,68.66451263427734,20.579999923706055
1998-06-09,68.87554168701172,20.520000457763672
1998-06-10,68.43435668945312,21.479999542236328
1998-06-11,67.14927673339844,23.56999969482422
1998-06-12,67.78228759765625,22.780000686645508
1998-06-15,65.99850463867188,25.940000534057617
1998-06-16,67.0150375366211,24.799999237060547
1998-06-17,68.41516876220703,22.889999389648438
1998-06-18,68.1082534790039,22.399999618530273
1998-06-19,67.76705932617188,21.920000076293945
1998-06-22,68.09413146972656,21.940000534057617
1998-06-23,68.9022445678711,20.170000076293945
1998-06-24,69.82583618164062,20.020000457763672
1998-06-25,69.71041107177734,20.25
1998-06-26,69.9990234375,19.360000610351562
1998-06-29,70.24913024902344,19.56999969482422
1998-06-30,69.76805877685547,19.709999084472656
1998-07-01,70.57623291015625,18.0
1998-07-02,70.71092224121094,17.670000076293945
1998-07-06,71.42282104492188,18.6299991607666
1998-07-07,71.2881851196289,18.6200008392334
1998-07-08,71.8076400756836,17.81999969482422
1998-07-09,71.32661437988281,18.15999984741211
1998-07-10,71.71141815185547,17.920000076293945
1998-07-13,71.73069763183594,18.260000228881836
1998-07-14,72.53883361816406,17.8799991607666
1998-07-15,72.4041519165039,17.889999389648438
1998-07-16,72.90445709228516,16.969999313354492
1998-07-17,73.00060272216797,16.229999542236328
1998-07-20,73.00060272216797,17.34000015258789
1998-07-21,71.73069763183594,20.100000381469727
1998-07-22,71.73069763183594,20.31999969482422
1998-07-23,70.30687713623047,23.010000228881836
1998-07-24,70.24913024902344,23.010000228881836
1998-07-27,70.7494125366211,23.1299991607666
1998-07-28,69.55644989013672,25.25
1998-07-29,69.28707885742188,24.790000915527344
1998-07-30,70.32608795166016,22.65999984741211
1998-07-31,68.8253173828125,24.799999237060547
1998-08-03,68.53668975830078,25.979999542236328
1998-08-04,65.8814468383789,31.059999465942383
1998-08-05,66.78572845458984,29.829999923706055
1998-08-06,67.0743179321289,28.200000762939453
1998-08-07,67.1897964477539,27.020000457763672
1998-08-10,66.8049545288086,28.75
1998-08-11,65.80443572998047,31.90999984741211
1998-08-12,66.92042541503906,28.549999237060547
1998-08-13,66.1123275756836,29.920000076293945
1998-08-14,65.34266662597656,34.34000015258789
1998-08-17,66.72801208496094,31.860000610351562
1998-08-18,67.95948028564453,28.399999618530273
1998-08-19,67.78630065917969,28.690000534057617
1998-08-20,67.3822021484375,30.0
1998-08-21,66.84346771240234,33.13999938964844
1998-08-24,67.26676177978516,31.799999237060547
1998-08-25,67.42073822021484,30.329999923706055
1998-08-26,67.03589630126953,31.139999389648438
1998-08-27,63.88033676147461,38.54999923706055
1998-08-28,63.64942932128906,39.599998474121094
1998-08-31,59.10857009887695,44.279998779296875
1998-09-01,61.6098747253418,36.47999954223633
1998-09-02,61.16733932495117,36.7599983215332
1998-09-03,60.686336517333984,41.43000030517578
1998-09-04,60.18606948852539,43.310001373291016
1998-09-08,63.418540954589844,37.900001525878906
1998-09-09,61.87925338745117,39.65999984741211
1998-09-10,60.64786911010742,45.290000915527344
1998-09-11,62.61041259765625,43.7400016784668
1998-09-14,63.68793869018555,38.56999969482422
1998-09-15,64.07276916503906,36.58000183105469
1998-09-16,64.64996337890625,35.939998626708984
1998-09-17,62.8028450012207,39.22999954223633
1998-09-18,63.08257293701172,38.630001068115234
1998-09-21,63.0439453125,38.58000183105469
1998-09-22,63.56528854370117,36.619998931884766
1998-09-23,66.11408996582031,32.470001220703125
1998-09-24,64.49211883544922,34.65999984741211
1998-09-25,64.4149169921875,34.54999923706055
1998-09-28,64.99418640136719,34.869998931884766
1998-09-29,64.83973693847656,36.08000183105469
1998-09-30,62.87019348144531,40.95000076293945
1998-10-01,61.05512619018555,43.47999954223633
1998-10-02,62.23298645019531,40.470001220703125
1998-10-05,60.9779167175293,42.810001373291016
1998-10-06,60.91997146606445,41.20000076293945
1998-10-07,60.01247024536133,43.5099983215332
1998-10-08,59.68416976928711,45.7400016784668
1998-10-09,60.881343841552734,42.20000076293945
1998-10-12,61.76958465576172,40.06999969482422
1998-10-13,61.55721664428711,40.22999954223633
1998-10-14,62.136436462402344,38.959999084472656
1998-10-15,65.47689819335938,33.34000015258789
1998-10-16,65.49620819091797,34.81999969482422
1998-10-19,65.72792053222656,33.130001068115234
1998-10-20,66.11408996582031,33.11000061035156
1998-10-21,65.88237762451172,33.209999084472656
1998-10-22,66.86714935302734,31.530000686645508
1998-10-23,66.017578125,32.27000045776367
1998-10-26,66.5002670288086,32.380001068115234
1998-10-27,66.11408996582031,32.95000076293945
1998-10-28,65.99822998046875,32.41999816894531
1998-10-29,67.60091400146484,29.5
1998-10-30,67.96780395507812,28.049999237060547
1998-11-02,69.12631225585938,27.260000228881836
1998-11-03,68.62431335449219,27.760000228881836
1998-11-04,69.35800170898438,27.3700008392334
1998-11-05,70.30416870117188,26.010000228881836
1998-11-06,70.51656341552734,25.700000762939453
1998-11-09,70.01449584960938,28.09000015258789
1998-11-10,69.82144927978516,28.170000076293945
1998-11-11,69.35800170898438,28.469999313354492
1998-11-12,69.2807846069336,29.280000686645508
1998-11-13,69.95663452148438,29.030000686645508
1998-11-16,70.4779281616211,28.899999618530273
1998-11-17,70.4779281616211,27.950000762939453
1998-11-18,70.90275573730469,27.1299991607666
1998-11-19,71.52064514160156,25.5
1998-11-20,72.061279296875,22.469999313354492
1998-11-23,73.76050567626953,21.84000015258789
1998-11-24,73.29707336425781,23.280000686645508
1998-11-25,73.29707336425781,22.149999618530273
1998-11-27,73.83772277832031,22.09000015258789
1998-11-30,71.75235748291016,26.010000228881836
1998-12-01,72.67915344238281,24.969999313354492
1998-12-02,72.4667739868164,25.43000030517578
1998-12-03,71.26961517333984,28.700000762939453
1998-12-04,73.14258575439453,25.309999465942383
1998-12-07,73.49015045166016,24.899999618530273
1998-12-08,73.16194915771484,25.579999923706055
1998-12-09,73.29707336425781,25.65999984741211
1998-12-10,72.22542572021484,26.809999465942383
1998-12-11,72.3702392578125,27.719999313354492
1998-12-14,70.28484344482422,31.309999465942383
1998-12-15,72.09992218017578,29.420000076293945
1998-12-16,72.00331115722656,29.959999084472656
1998-12-17,73.1522445678711,27.959999084472656
1998-12-18,73.46305084228516,25.040000915527344
1998-12-21,74.48983764648438,23.860000610351562
1998-12-22,74.8191909790039,22.780000686645508
1998-12-23,76.38843536376953,20.209999084472656
1998-12-24,76.05908203125,21.479999542236328
1998-12-28,75.8653564453125,23.5
1998-12-29,77.0665054321289,22.18000030517578
1998-12-30,76.4465103149414,23.34000015258789
1998-12-31,76.4465103149414,24.420000076293945
1999-01-04,76.27217102050781,26.170000076293945
1999-01-05,77.14397430419922,24.459999084472656
1999-01-06,79.00384521484375,23.34000015258789
1999-01-07,78.61634063720703,24.3700008392334
1999-01-08,79.1975326538086,23.280000686645508
1999-01-11,78.4419937133789,25.459999084472656
1999-01-12,77.02774047851562,28.100000381469727
1999-01-13,76.48528289794922,30.110000610351562
1999-01-14,75.14852905273438,32.97999954223633
1999-01-15,77.10523223876953,29.239999771118164
1999-01-19,77.60894775390625,29.239999771118164
1999-01-20,78.2288589477539,28.600000381469727
1999-01-21,76.15593719482422,30.920000076293945
1999-01-22,75.9815673828125,31.950000762939453
1999-01-25,76.75650024414062,31.1299991607666
1999-01-26,78.15138244628906,29.229999542236328
1999-01-27,77.2408676147461,29.729999542236328
1999-01-28,78.53886413574219,28.110000610351562
1999-01-29,79.13938903808594,26.25
1999-02-01,78.67444610595703,27.670000076293945
1999-02-02,78.19009399414062,28.15999984741211
1999-02-03,78.98440551757812,27.8799991607666
1999-02-04,77.80265808105469,29.479999542236328
1999-02-05,76.91146087646484,29.670000076293945
1999-02-08,77.0665054321289,30.270000457763672
1999-02-09,75.34224700927734,31.360000610351562
1999-02-10,75.82662963867188,30.450000762939453
1999-02-11,77.57018280029297,27.420000076293945
1999-02-12,76.6402587890625,29.760000228881836
1999-02-16,76.17528533935547,29.649999618530273
1999-02-17,76.09780883789062,30.649999618530273
1999-02-18,76.69841003417969,30.450000762939453
1999-02-19,77.02774047851562,29.299999237060547
1999-02-22,79.081298828125,25.8700008392334
1999-02-23,79.04254913330078,26.489999771118164
1999-02-24,77.64767456054688,27.209999084472656
1999-02-25,76.91146087646484,28.010000228881836
1999-02-26,76.6015396118164,27.8799991607666
1999-03-01,76.81463623046875,28.3700008392334
1999-03-02,76.1365737915039,29.219999313354492
1999-03-03,76.54341888427734,29.040000915527344
1999-03-04,77.5120849609375,26.670000076293945
1999-03-05,79.07159423828125,24.079999923706055
1999-03-08,79.58501434326172,24.540000915527344
1999-03-09,79.39128875732422,25.020000457763672
1999-03-10,80.08870697021484,24.790000915527344
1999-03-11,80.9798583984375,24.3700008392334
1999-03-12,80.20492553710938,24.84000015258789
1999-03-15,81.34796905517578,25.239999771118164
1999-03-16,81.0379638671875,25.149999618530273
1999-03-17,80.68927764892578,25.56999969482422
1999-03-18,81.98727416992188,24.1299991607666
1999-03-19,80.59367370605469,24.31999969482422
1999-03-22,80.7490234375,25.0
1999-03-23,78.41859436035156,27.270000457763672
1999-03-24,78.86528778076172,26.600000381469727
1999-03-25,80.4771499633789,24.329999923706055
1999-03-26,79.89456939697266,24.040000915527344
1999-03-29,81.50643920898438,23.540000915527344
1999-03-30,81.07916259765625,22.729999542236328
1999-03-31,79.77802276611328,23.260000228881836
1999-04-01,80.38003540039062,22.059999465942383
1999-04-05,82.28324890136719,22.190000534057617
1999-04-06,82.08903503417969,22.649999618530273
1999-04-07,82.74930572509766,22.809999465942383
1999-04-08,83.79801940917969,22.59000015258789
1999-04-09,83.81744384765625,21.770000457763672
1999-04-12,84.71076965332031,21.93000030517578
1999-04-13,84.16696166992188,22.729999542236328
1999-04-14,82.74930572509766,24.940000534057617
1999-04-15,82.43858337402344,23.93000030517578
1999-04-16,81.73947143554688,23.899999618530273
1999-04-19,80.4771499633789,26.420000076293945
1999-04-20,81.48700714111328,25.020000457763672
1999-04-21,83.81744384765625,23.309999465942383
1999-04-22,84.61365509033203,22.6200008392334
1999-04-23,84.4000015258789,22.760000228881836
1999-04-26,84.88551330566406,23.530000686645508
1999-04-27,85.29335021972656,23.360000610351562
1999-04-28,84.12815856933594,24.399999618530273
1999-04-29,83.48728942871094,25.059999465942383
1999-04-30,82.80757141113281,25.06999969482422
1999-05-03,84.32235717773438,24.149999618530273
1999-05-04,83.11831665039062,25.6200008392334
1999-05-05,83.77857971191406,25.190000534057617
1999-05-06,83.26396942138672,27.440000534057617
1999-05-07,83.89510345458984,25.360000610351562
1999-05-10,83.47755432128906,26.6200008392334
1999-05-11,84.32235717773438,25.6200008392334
1999-05-12,84.98268127441406,26.1299991607666
1999-05-13,85.3516616821289,25.020000457763672
1999-05-14,83.13770294189453,26.860000610351562
1999-05-17,83.39019012451172,27.280000686645508
1999-05-18,83.2348403930664,27.260000228881836
1999-05-19,83.8368148803711,25.079999923706055
1999-05-20,83.33192443847656,24.459999084472656
1999-05-21,82.8658218383789,24.399999618530273
1999-05-24,81.48700714111328,27.6200008392334
1999-05-25,80.16642761230469,28.899999618530273
1999-05-26,81.05975341796875,27.56999969482422
1999-05-27,79.89456939697266,28.1200008392334
1999-05-28,80.91412353515625,25.389999389648438
1999-06-01,80.6325454711914,26.6200008392334
1999-06-02,80.71018981933594,26.209999084472656
1999-06-03,81.15686798095703,26.200000762939453
1999-06-04,82.7881088256836,23.43000030517578
1999-06-07,83.00178527832031,23.780000686645508
1999-06-08,82.1861343383789,24.020000457763672
1999-06-09,82.10846710205078,23.899999618530273
1999-06-10,81.35107421875,25.31999969482422
1999-06-11,80.67135620117188,25.899999618530273
1999-06-14,80.7490234375,26.510000228881836
1999-06-15,81.29279327392578,25.90999984741211
1999-06-16,82.84642028808594,22.399999618530273
1999-06-17,83.62322998046875,21.950000762939453
1999-06-18,83.71985626220703,21.75
1999-06-21,83.91458129882812,21.809999465942383
1999-06-22,83.33027648925781,21.700000762939453
1999-06-23,82.92120361328125,21.31999969482422
1999-06-24,82.29788208007812,23.059999465942383
1999-06-25,82.09336853027344,21.760000228881836
1999-06-28,83.09650421142578,22.6299991607666
1999-06-29,83.87567138671875,22.510000228881836
1999-06-30,85.39501953125,21.09000015258789
1999-07-01,86.03779602050781,19.690000534057617
1999-07-02,86.89488220214844,18.65999984741211
1999-07-06,86.87544250488281,20.729999542236328
1999-07-07,86.99230194091797,20.350000381469727
1999-07-08,87.06046295166016,20.239999771118164
1999-07-09,87.57662200927734,17.959999084472656
1999-07-12,87.18704986572266,19.729999542236328
1999-07-13,86.87544250488281,19.950000762939453
1999-07-14,87.36237335205078,19.709999084472656
1999-07-15,87.91751098632812,18.68000030517578
1999-07-16,88.39472198486328,17.420000076293945
1999-07-19,87.81031799316406,19.06999969482422
1999-07-20,86.00859832763672,21.790000915527344
1999-07-21,85.91119384765625,21.459999084472656
1999-07-22,84.78141784667969,23.049999237060547
1999-07-23,84.6158447265625,23.31999969482422
1999-07-26,83.99254608154297,24.979999542236328
1999-07-27,84.6937484741211,23.229999542236328
1999-07-28,84.96649169921875,22.850000381469727
1999-07-29,83.77825927734375,24.520000457763672
1999-07-30,82.74590301513672,24.639999389648438
1999-08-02,82.94068908691406,25.59000015258789
1999-08-03,82.5511474609375,26.270000457763672
1999-08-04,81.42132568359375,27.399999618530273
1999-08-05,82.16154479980469,27.010000228881836
1999-08-06,81.26553344726562,26.600000381469727
1999-08-09,81.0901870727539,27.65999984741211
1999-08-10,80.19415283203125,28.450000762939453
1999-08-11,81.16812133789062,25.389999389648438
1999-08-12,81.11942291259766,25.030000686645508
1999-08-13,82.9991226196289,22.309999465942383
1999-08-16,83.36922454833984,23.06999969482422
1999-08-17,83.91458129882812,21.670000076293945
1999-08-18,83.31079864501953,23.299999237060547
1999-08-19,82.62899780273438,24.389999389648438
1999-08-20,83.46663665771484,22.950000762939453
1999-08-23,85.06387329101562,22.549999237060547
1999-08-24,85.37552642822266,22.399999618530273
1999-08-25,86.25208282470703,20.959999084472656
1999-08-26,85.21971130371094,21.209999084472656
1999-08-27,84.18734741210938,21.829999923706055
1999-08-30,82.62899780273438,24.6299991607666
1999-08-31,82.31733703613281,24.450000762939453
1999-09-01,83.33027648925781,22.93000030517578
1999-09-02,82.3465576171875,24.530000686645508
1999-09-03,84.7522201538086,20.979999542236328
1999-09-07,84.44056701660156,23.440000534057617
1999-09-08,84.03146362304688,23.81999969482422
1999-09-09,83.99254608154297,23.010000228881836
1999-09-10,84.6937484741211,22.030000686645508
1999-09-13,84.119140625,22.889999389648438
1999-09-14,83.56401062011719,23.770000457763672
1999-09-15,82.23945617675781,24.559999465942383
1999-09-16,82.56086730957031,25.25
1999-09-17,83.6040267944336,23.299999237060547
1999-09-20,83.48680877685547,24.030000686645508
1999-09-21,81.728759765625,25.649999618530273
1999-09-22,81.64087677001953,25.190000534057617
1999-09-23,79.93173217773438,27.84000015258789
1999-09-24,79.85353088378906,27.790000915527344
1999-09-27,80.38093566894531,26.399999618530273
1999-09-28,80.22469329833984,26.059999465942383
1999-09-29,79.2675552368164,26.489999771118164
1999-09-30,80.47863006591797,25.40999984741211
1999-10-01,80.30284118652344,24.93000030517578
1999-10-04,81.728759765625,24.459999084472656
1999-10-05,81.65066528320312,24.790000915527344
1999-10-06,82.90083312988281,22.059999465942383
1999-10-07,82.43201446533203,23.579999923706055
1999-10-08,83.68220520019531,20.489999771118164
1999-10-11,83.54542541503906,20.6299991607666
1999-10-12,82.25618743896484,22.84000015258789
1999-10-13,80.1269760131836,25.959999084472656
1999-10-14,80.10746765136719,26.049999237060547
1999-10-15,78.05644226074219,28.75
1999-10-18,78.6229248046875,28.190000534057617
1999-10-19,79.38473510742188,26.559999465942383
1999-10-20,80.1661148071289,23.899999618530273
1999-10-21,80.63490295410156,24.020000457763672
1999-10-22,81.31859588623047,21.639999389648438
1999-10-25,80.90837860107422,23.600000381469727
1999-10-26,79.89263916015625,24.260000228881836
1999-10-27,81.338134765625,24.200000762939453
1999-10-28,84.11190032958984,21.34000015258789
1999-10-29,85.63553619384766,22.200000762939453
1999-11-01,84.73700714111328,22.09000015258789
1999-11-02,84.13143920898438,23.100000381469727
1999-11-03,84.69788360595703,23.15999984741211
1999-11-04,85.34256744384766,23.0
1999-11-05,86.18245697021484,21.65999984741211
1999-11-08,86.26057434082031,21.8700008392334
1999-11-09,85.44995880126953,22.700000762939453
1999-11-10,86.0848159790039,22.260000228881836
1999-11-11,86.57308959960938,22.06999969482422
1999-11-12,87.35449981689453,21.649999618530273
1999-11-15,87.55957794189453,22.739999771118164
1999-11-16,88.2920913696289,20.729999542236328
1999-11-17,88.52649688720703,20.959999084472656
1999-11-18,89.15156555175781,19.760000228881836
1999-11-19,89.07345581054688,19.110000610351562
1999-11-22,89.05391693115234,19.979999542236328
1999-11-23,88.27255249023438,21.0
1999-11-24,88.74132537841797,20.260000228881836
1999-11-26,88.40933227539062,22.329999923706055
1999-11-29,88.09677124023438,23.56999969482422
1999-11-30,87.06151580810547,24.18000030517578
1999-12-01,87.76465606689453,22.229999542236328
1999-12-02,88.2920913696289,21.770000457763672
1999-12-03,89.91337585449219,19.31999969482422
1999-12-06,89.24927520751953,20.579999923706055
1999-12-07,88.52649688720703,21.09000015258789
1999-12-08,87.96001434326172,21.25
1999-12-09,88.38980102539062,21.190000534057617
1999-12-10,88.68277740478516,21.479999542236328
1999-12-13,88.83901977539062,21.719999313354492
1999-12-14,87.97956848144531,23.059999465942383
1999-12-15,88.44841003417969,22.030000686645508
1999-12-16,88.83901977539062,21.90999984741211
1999-12-17,89.40956115722656,21.350000381469727
1999-12-20,88.76338195800781,23.780000686645508
1999-12-21,90.11454010009766,22.65999984741211
1999-12-22,90.34944152832031,22.43000030517578
1999-12-23,91.78871154785156,21.1200008392334
1999-12-27,91.66146087646484,23.06999969482422
1999-12-28,91.6026840209961,22.969999313354492
1999-12-29,91.99434661865234,23.09000015258789
1999-12-30,91.88665008544922,24.760000228881836
1999-12-31,92.03350830078125,24.639999389648438
2000-01-03,91.13273620605469,24.209999084472656
2000-01-04,87.56888580322266,27.010000228881836
2000-01-05,87.72555541992188,26.40999984741211
2000-01-06,86.3156509399414,25.729999542236328
2000-01-07,91.3285903930664,21.719999313354492
2000-01-10,91.64190673828125,21.709999084472656
2000-01-11,90.54534912109375,22.5
2000-01-12,89.64452362060547,22.84000015258789
2000-01-13,90.85860443115234,21.709999084472656
2000-01-14,92.09225463867188,19.65999984741211
2000-01-18,91.36772918701172,21.5
2000-01-19,92.11183166503906,21.719999313354492
2000-01-20,90.70195007324219,21.75
2000-01-21,90.50614166259766,20.81999969482422
2000-01-24,87.94092559814453,24.06999969482422
2000-01-25,88.93960571289062,23.020000457763672
2000-01-26,88.23468780517578,23.030000686645508
2000-01-27,87.8822250366211,23.540000915527344
2000-01-28,85.14077758789062,26.139999389648438
2000-01-31,87.45143127441406,24.950000762939453
2000-02-01,88.31299591064453,23.450000762939453
2000-02-02,88.3913345336914,23.1200008392334
2000-02-03,89.72286224365234,22.010000228881836
2000-02-04,89.35079193115234,21.540000915527344
2000-02-07,89.21378326416016,22.790000915527344
2000-02-08,90.42782592773438,21.25
2000-02-09,88.52836608886719,22.899999618530273
2000-02-10,88.70466613769531,23.06999969482422
2000-02-11,86.90313720703125,24.420000076293945
2000-02-14,87.4122543334961,24.3799991607666
2000-02-15,88.40110778808594,22.920000076293945
2000-02-16,87.09893798828125,23.510000228881836
2000-02-17,86.64859008789062,23.170000076293945
2000-02-18,84.78827667236328,26.0
2000-02-22,84.57295227050781,25.860000610351562
2000-02-23,85.57154846191406,23.889999389648438
2000-02-24,83.84837341308594,24.3799991607666
2000-02-25,83.54486846923828,25.200000762939453
2000-02-28,85.29743194580078,24.68000030517578
2000-02-29,86.11988067626953,23.3700008392334
2000-03-01,86.74649047851562,21.639999389648438
2000-03-02,86.80521392822266,21.059999465942383
2000-03-03,88.43048095703125,19.209999084472656
2000-03-06,87.56888580322266,21.5
2000-03-07,85.8750991821289,24.309999465942383
2000-03-08,85.76738739013672,23.81999969482422
2000-03-09,88.27376556396484,22.209999084472656
2000-03-10,87.80387878417969,21.239999771118164
2000-03-13,86.84437561035156,22.850000381469727
2000-03-14,85.61072540283203,24.40999984741211
2000-03-15,87.60808563232422,22.34000015258789
2000-03-16,91.70061492919922,20.770000457763672
2000-03-17,92.30670166015625,22.3700008392334
2000-03-20,91.83551788330078,22.959999084472656
2000-03-21,93.72016906738281,21.700000762939453
2000-03-22,94.2894058227539,21.489999771118164
2000-03-23,95.89923095703125,22.260000228881836
2000-03-24,96.46852111816406,23.309999465942383
2000-03-27,95.44770812988281,24.530000686645508
2000-03-28,94.89799499511719,24.860000610351562
2000-03-29,94.99613189697266,24.100000381469727
2000-03-30,93.40601348876953,25.469999313354492
2000-03-31,94.46609497070312,24.110000610351562
2000-04-03,95.0157699584961,24.030000686645508
2000-04-04,94.30908966064453,27.1200008392334
2000-04-05,93.72016906738281,28.40999984741211
2000-04-06,94.53482818603516,27.149999618530273
2000-04-07,95.13359832763672,24.389999389648438
2000-04-10,94.76060485839844,25.989999771118164
2000-04-11,94.48580932617188,27.25
2000-04-12,91.89442443847656,28.979999542236328
2000-04-13,90.618408203125,29.399999618530273
2000-04-14,85.43567657470703,33.4900016784668
2000-04-17,88.41969299316406,28.950000762939453
2000-04-18,90.75577545166016,26.1200008392334
2000-04-19,89.9116439819336,27.020000457763672
2000-04-20,90.34355926513672,25.850000381469727
2000-04-24,89.36195373535156,27.3700008392334
2000-04-25,93.072265625,25.239999771118164
2000-04-26,92.02198028564453,26.969999313354492
2000-04-27,91.7177505493164,26.190000534057617
2000-04-28,91.14842987060547,26.200000762939453
2000-05-01,92.38520812988281,25.8799991607666
2000-05-02,90.53985595703125,28.5
2000-05-03,88.41969299316406,31.6299991607666
2000-05-04,89.08710479736328,30.770000457763672
2000-05-05,90.1668701171875,27.530000686645508
2000-05-08,89.48958587646484,28.200000762939453
2000-05-09,88.77302551269531,28.93000030517578
2000-05-10,86.77064514160156,29.8700008392334
2000-05-11,88.75334167480469,27.760000228881836
2000-05-12,89.71533966064453,26.049999237060547
2000-05-15,91.26622009277344,24.860000610351562
2000-05-16,92.14967346191406,24.34000015258789
2000-05-17,91.18768310546875,23.979999542236328
2000-05-18,90.0687026977539,23.959999084472656
2000-05-19,88.6552505493164,25.440000534057617
2000-05-22,87.9877700805664,26.0
2000-05-23,86.69209289550781,25.8700008392334
2000-05-24,88.10557556152344,24.31999969482422
2000-05-25,86.59396362304688,24.579999923706055
2000-05-26,86.69209289550781,24.469999313354492
2000-05-30,89.51902770996094,23.6200008392334
2000-05-31,89.71533966064453,23.649999618530273
2000-06-01,91.28584289550781,22.360000610351562
2000-06-02,92.87600708007812,21.479999542236328
2000-06-05,92.42447662353516,22.709999084472656
2000-06-06,92.0121841430664,23.049999237060547
2000-06-07,92.65025329589844,22.479999542236328
2000-06-08,92.28701782226562,22.770000457763672
2000-06-09,92.0907211303711,22.139999389648438
2000-06-12,91.01099395751953,22.31999969482422
2000-06-13,92.71894073486328,21.670000076293945
2000-06-14,92.87600708007812,21.479999542236328
2000-06-15,93.072265625,20.68000030517578
2000-06-16,92.30753326416016,20.5
2000-06-19,93.48823547363281,20.6299991607666
2000-06-20,93.15372467041016,20.8799991607666
2000-06-21,93.11436462402344,20.610000610351562
2000-06-22,91.69756317138672,22.0
2000-06-23,90.91044616699219,22.34000015258789
2000-06-26,92.08120727539062,22.450000762939453
2000-06-27,91.4023666381836,21.799999237060547
2000-06-28,91.658203125,20.290000915527344
2000-06-29,90.79232788085938,19.700000762939453
2000-06-30,91.48108673095703,19.540000915527344
2000-07-03,92.74044036865234,19.829999923706055
2000-07-05,91.06787872314453,21.15999984741211
2000-07-06,91.7762680053711,20.940000534057617
2000-07-07,93.2520751953125,19.219999313354492
2000-07-10,93.09468078613281,20.329999923706055
2000-07-11,93.2914047241211,20.110000610351562
2000-07-12,93.90144348144531,20.030000686645508
2000-07-13,94.314697265625,20.030000686645508
2000-07-14,95.23948669433594,19.31999969482422
2000-07-17,95.08211517333984,19.450000762939453
2000-07-18,94.30479431152344,19.75
2000-07-19,93.5472640991211,19.649999618530273
2000-07-20,94.845947265625,18.940000534057617
2000-07-21,92.99624633789062,18.940000534057617
2000-07-24,92.46498107910156,19.920000076293945
2000-07-25,92.76013946533203,19.389999389648438
2000-07-26,91.85498809814453,19.670000076293945
2000-07-27,91.54010772705078,19.600000381469727
2000-07-28,89.47399139404297,20.84000015258789
2000-07-31,90.04464721679688,20.739999771118164
2000-08-01,90.59556579589844,20.549999237060547
2000-08-02,91.04821014404297,20.0
2000-08-03,91.67784881591797,19.989999771118164
2000-08-04,92.16981506347656,18.6200008392334
2000-08-07,93.27175903320312,19.030000686645508
2000-08-08,93.62593078613281,18.790000915527344
2000-08-09,92.83882904052734,19.18000030517578
2000-08-10,92.3862533569336,19.190000534057617
2000-08-11,92.81916046142578,18.549999237060547
2000-08-14,93.99983215332031,17.8799991607666
2000-08-15,93.9211196899414,17.979999542236328
2000-08-16,93.58663177490234,18.020000457763672
2000-08-17,94.57048034667969,17.479999542236328
2000-08-18,94.25563049316406,17.049999237060547
2000-08-21,94.76725769042969,17.350000381469727
2000-08-22,94.6098403930664,17.469999313354492
2000-08-23,94.98368072509766,17.3799991607666
2000-08-24,95.27889251708984,17.040000915527344
2000-08-25,95.23948669433594,16.530000686645508
2000-08-28,95.56423950195312,16.540000915527344
2000-08-29,95.58390808105469,16.889999389648438
2000-08-30,94.66887664794922,17.690000534057617
2000-08-31,95.92821502685547,16.84000015258789
2000-09-01,96.0265884399414,17.530000686645508
2000-09-05,95.25918579101562,19.81999969482422
2000-09-06,94.17694854736328,20.790000915527344
2000-09-07,94.98368072509766,19.420000076293945
2000-09-08,94.33432006835938,18.459999084472656
2000-09-11,94.19658660888672,18.399999618530273
2000-09-12,93.50788879394531,18.59000015258789
2000-09-13,93.75384521484375,18.31999969482422
2000-09-14,94.22608184814453,18.260000228881836
2000-09-15,92.16468048095703,18.520000457763672
2000-09-18,91.31639862060547,20.25
2000-09-19,92.14491271972656,19.540000915527344
2000-09-20,91.46434020996094,19.93000030517578
2000-09-21,90.07356262207031,20.18000030517578
2000-09-22,91.71092987060547,20.739999771118164
2000-09-25,91.0599594116211,21.40999984741211
2000-09-26,89.89602661132812,21.8799991607666
2000-09-27,90.3695068359375,21.670000076293945
2000-09-28,91.53335571289062,19.469999313354492
2000-09-29,90.66539001464844,20.56999969482422
2000-10-02,90.80347442626953,21.229999542236328
2000-10-03,89.95519256591797,21.850000381469727
2000-10-04,90.70484924316406,21.540000915527344
2000-10-05,91.02044677734375,21.030000686645508
2000-10-06,89.04776763916016,22.709999084472656
2000-10-09,88.3770523071289,24.020000457763672
2000-10-10,86.91726684570312,24.860000610351562
2000-10-11,86.1873779296875,26.56999969482422
2000-10-12,84.03712463378906,30.510000228881836
2000-10-13,86.8383560180664,27.600000381469727
2000-10-16,87.23290252685547,26.790000915527344
2000-10-17,85.06295013427734,27.84000015258789
2000-10-18,84.747314453125,28.719999313354492
2000-10-19,87.94305419921875,25.09000015258789
2000-10-20,88.31787109375,24.239999771118164
2000-10-23,88.71240997314453,24.690000534057617
2000-10-24,88.12059020996094,24.280000686645508
2000-10-25,86.04930877685547,26.649999618530273
2000-10-26,86.28597259521484,28.6200008392334
2000-10-27,87.92337036132812,26.469999313354492
2000-10-30,88.71240997314453,25.459999084472656
2000-10-31,90.24125671386719,23.6299991607666
2000-11-01,89.93547058105469,24.280000686645508
2000-11-02,90.08341217041016,23.920000076293945
2000-11-03,90.13279724121094,23.670000076293945
2000-11-06,90.76403045654297,24.520000457763672
2000-11-07,90.7442855834961,24.90999984741211
2000-11-08,88.73218536376953,25.65999984741211
2000-11-09,88.3968276977539,27.200000762939453
2000-11-10,86.24654388427734,28.530000686645508
2000-11-13,85.57585144042969,29.059999465942383
2000-11-14,87.82470703125,26.809999465942383
2000-11-15,88.10091400146484,26.149999618530273
2000-11-16,86.719970703125,25.049999237060547
2000-11-17,86.25640106201172,24.809999465942383
2000-11-20,85.02347564697266,27.43000030517578
2000-11-21,85.45745086669922,26.6200008392334
2000-11-22,83.41571044921875,27.709999084472656
2000-11-24,85.12211608886719,26.0
2000-11-27,85.87168884277344,26.93000030517578
2000-11-28,84.39225006103516,27.639999389648438
2000-11-29,84.23435974121094,27.489999771118164
2000-11-30,83.50450134277344,29.649999618530273
2000-12-01,83.46502685546875,27.479999542236328
2000-12-04,84.17523193359375,27.780000686645508
2000-12-05,86.93701934814453,24.989999771118164
2000-12-06,85.54620361328125,25.06999969482422
2000-12-07,84.37246704101562,25.34000015258789
2000-12-08,84.5697250366211,22.40999984741211
2000-12-11,87.50906372070312,23.510000228881836
2000-12-12,87.13422393798828,24.8799991607666
2000-12-13,85.9407730102539,23.6299991607666
2000-12-14,84.8459243774414,24.860000610351562
2000-12-15,82.9295425415039,26.549999237060547
2000-12-18,84.03767395019531,27.700000762939453
2000-12-19,82.32604217529297,27.170000076293945
2000-12-20,79.94161987304688,31.739999771118164
2000-12-21,80.49568939208984,29.65999984741211
2000-12-22,82.90974426269531,27.549999237060547
2000-12-26,83.8001708984375,28.729999542236328
2000-12-27,84.41355895996094,28.139999389648438
2000-12-28,84.67081451416016,26.56999969482422
2000-12-29,83.06805419921875,26.850000381469727
2001-01-02,81.5641860961914,29.989999771118164
2001-01-03,85.48213958740234,26.600000381469727
2001-01-04,84.56198120117188,26.969999313354492
2001-01-05,81.80165100097656,28.670000076293945
2001-01-08,82.43484497070312,29.84000015258789
2001-01-09,82.21717071533203,27.989999771118164
2001-01-10,83.66166687011719,26.799999237060547
2001-01-11,83.74080657958984,25.790000915527344
2001-01-12,83.58250427246094,24.559999465942383
2001-01-16,84.1167984008789,25.280000686645508
2001-01-17,84.50264739990234,24.93000030517578
2001-01-18,85.34362030029297,23.3700008392334
2001-01-19,84.85877990722656,23.239999771118164
2001-01-22,85.42279815673828,23.25
2001-01-23,86.09555053710938,21.56999969482422
2001-01-24,86.35277557373047,22.030000686645508
2001-01-25,86.13508605957031,22.639999389648438
2001-01-26,86.03614044189453,22.56999969482422
2001-01-29,86.49523162841797,22.610000610351562
2001-01-30,87.25508880615234,22.56999969482422
2001-01-31,86.7612075805664,22.020000457763672
2001-02-01,87.33738708496094,21.65999984741211
2001-02-02,85.35549926757812,21.950000762939453
2001-02-05,85.98237609863281,22.190000534057617
2001-02-06,85.72904968261719,21.979999542236328
2001-02-07,85.28582763671875,21.670000076293945
2001-02-08,84.29169464111328,21.459999084472656
2001-02-09,83.481201171875,22.030000686645508
2001-02-12,84.43730926513672,21.920000076293945
2001-02-13,83.74714660644531,21.3700008392334
2001-02-14,83.62052154541016,21.520000457763672
2001-02-15,84.4310302734375,20.270000457763672
2001-02-16,82.56938171386719,22.1200008392334
2001-02-20,81.29667663574219,24.690000534057617
2001-02-21,79.54267883300781,25.75
2001-02-22,79.66302490234375,26.760000228881836
2001-02-23,79.12482452392578,27.209999084472656
2001-02-26,80.80911254882812,25.43000030517578
2001-02-27,80.06192779541016,26.489999771118164
2001-02-28,78.4852523803711,28.350000381469727
2001-03-01,78.89683532714844,28.079999923706055
2001-03-02,78.26995086669922,27.43000030517578
2001-03-05,78.9854965209961,27.1200008392334
2001-03-06,79.8339614868164,25.889999389648438
2001-03-07,80.40385437011719,24.1200008392334
2001-03-08,80.49250793457031,24.290000915527344
2001-03-09,78.11167907714844,25.6200008392334
2001-03-12,74.76837921142578,30.31999969482422
2001-03-13,75.99679565429688,27.549999237060547
2001-03-14,74.49608612060547,29.610000610351562
2001-03-15,74.51509857177734,28.559999465942383
2001-03-16,73.02055358886719,29.90999984741211
2001-03-19,74.5062026977539,29.780000686645508
2001-03-20,72.5062484741211,30.959999084472656
2001-03-21,71.2745132446289,31.93000030517578
2001-03-22,70.55072021484375,32.84000015258789
2001-03-23,72.68402099609375,30.450000762939453
2001-03-26,73.61097717285156,29.040000915527344
2001-03-27,75.11570739746094,27.040000915527344
2001-03-28,73.03958892822266,28.579999923706055
2001-03-29,73.31890106201172,29.170000076293945
2001-03-30,74.087158203125,28.639999389648438
2001-04-02,72.5062484741211,31.209999084472656
2001-04-03,70.08726501464844,34.720001220703125
2001-04-04,70.37931823730469,34.06999969482422
2001-04-05,73.04591369628906,29.940000534057617
2001-04-06,71.934814453125,31.690000534057617
2001-04-09,72.73480224609375,31.90999984741211
2001-04-10,74.06177520751953,29.440000534057617
2001-04-11,74.112548828125,28.459999084472656
2001-04-12,75.45854187011719,26.1200008392334
2001-04-16,74.66494750976562,26.329999923706055
2001-04-17,75.71885681152344,25.610000610351562
2001-04-18,78.72833251953125,24.1299991607666
2001-04-19,79.77589416503906,24.15999984741211
2001-04-20,79.04576873779297,25.3799991607666
2001-04-23,77.61090087890625,28.15999984741211
2001-04-24,77.19186401367188,28.489999771118164
2001-04-25,78.20133972167969,27.399999618530273
2001-04-26,78.55052947998047,25.959999084472656
2001-04-27,79.85847473144531,24.020000457763672
2001-04-30,80.41716766357422,25.479999542236328
2001-05-01,80.6647720336914,24.200000762939453
2001-05-02,80.51873016357422,24.229999542236328
2001-05-03,79.49654388427734,25.780000686645508
2001-05-04,80.84889221191406,23.90999984741211
2001-05-07,80.1505126953125,24.860000610351562
2001-05-08,80.1124038696289,24.440000534057617
2001-05-09,79.77589416503906,24.350000381469727
2001-05-10,80.01083374023438,24.0
2001-05-11,79.45845794677734,23.540000915527344
2001-05-14,79.6171646118164,24.260000228881836
2001-05-15,79.9854507446289,23.709999084472656
2001-05-16,81.87110900878906,21.889999389648438
2001-05-17,81.99807739257812,21.469999313354492
2001-05-18,82.37266540527344,21.229999542236328
2001-05-21,83.58535766601562,20.760000228881836
2001-05-22,83.4774169921875,21.350000381469727
2001-05-23,82.06151580810547,22.079999923706055
2001-05-24,82.30284118652344,20.56999969482422
2001-05-25,81.3314208984375,20.600000381469727
2001-05-29,80.68385314941406,22.139999389648438
2001-05-30,79.55370330810547,22.760000228881836
2001-05-31,79.96640014648438,22.639999389648438
2001-06-01,80.4616470336914,21.59000015258789
2001-06-04,80.84889221191406,21.3799991607666
2001-06-05,81.77586364746094,19.579999923706055
2001-06-06,81.09652709960938,20.389999389648438
2001-06-07,81.38859558105469,19.670000076293945
2001-06-08,80.63304138183594,19.920000076293945
2001-06-11,80.06165313720703,20.700000762939453
2001-06-12,79.92195892333984,20.700000762939453
2001-06-13,79.23626708984375,21.450000762939453
2001-06-14,77.45853424072266,23.1200008392334
2001-06-15,77.58332061767578,22.809999465942383
2001-06-18,77.20763397216797,23.170000076293945
2001-06-19,77.54509735107422,22.34000015258789
2001-06-20,77.95257568359375,21.709999084472656
2001-06-21,78.837646484375,19.3799991607666
2001-06-22,78.22002410888672,20.020000457763672
2001-06-25,77.5005111694336,20.670000076293945
2001-06-26,77.39229583740234,21.200000762939453
2001-06-27,77.34769439697266,20.8799991607666
2001-06-28,77.7743148803711,20.010000228881836
2001-06-29,78.06087493896484,19.059999465942383
2001-07-02,79.0350112915039,18.760000228881836
2001-07-03,79.01590728759766,18.920000076293945
2001-07-05,77.47505950927734,20.09000015258789
2001-07-06,75.8005142211914,21.6299991607666
2001-07-09,76.21437072753906,22.479999542236328
2001-07-10,75.29752349853516,23.25
2001-07-11,75.37393188476562,24.010000228881836
2001-07-12,77.1631088256836,22.09000015258789
2001-07-13,77.83158874511719,21.139999389648438
2001-07-16,76.8574447631836,22.90999984741211
2001-07-17,77.57688903808594,22.610000610351562
2001-07-18,77.0484390258789,23.600000381469727
2001-07-19,77.72335052490234,22.510000228881836
2001-07-20,77.25858306884766,22.34000015258789
2001-07-23,75.73682403564453,23.739999771118164
2001-07-24,75.00462341308594,25.239999771118164
2001-07-25,75.83231353759766,24.0
2001-07-26,76.62828063964844,23.010000228881836
2001-07-27,76.92113494873047,22.0
2001-07-30,76.94657897949219,22.690000534057617
2001-07-31,77.26494598388672,21.6200008392334
2001-08-01,77.74884796142578,20.559999465942383
2001-08-02,78.06722259521484,20.09000015258789
2001-08-03,77.64057159423828,19.889999389648438
2001-08-06,76.596435546875,21.889999389648438
2001-08-07,76.89567565917969,21.010000228881836
2001-08-08,75.46941375732422,22.31999969482422
2001-08-09,75.69225311279297,21.75
2001-08-10,75.95332336425781,20.549999237060547
2001-08-13,75.97242736816406,20.420000076293945
2001-08-14,75.94058990478516,20.479999542236328
2001-08-15,75.28475952148438,20.90999984741211
2001-08-16,75.54582214355469,21.540000915527344
2001-08-17,74.3360595703125,23.84000015258789
2001-08-20,75.02374267578125,22.8700008392334
2001-08-21,73.7439193725586,24.399999618530273
2001-08-22,74.50798797607422,22.440000534057617
2001-08-23,74.24053955078125,22.229999542236328
2001-08-24,75.7813949584961,19.709999084472656
2001-08-27,75.32936096191406,20.559999465942383
2001-08-28,74.22782897949219,22.0
2001-08-29,73.56568908691406,23.030000686645508
2001-08-30,72.15215301513672,25.40999984741211
2001-08-31,72.68063354492188,24.920000076293945
2001-09-04,72.21580505371094,25.850000381469727
2001-09-05,72.39409637451172,26.350000381469727
2001-09-06,70.52852630615234,28.610000610351562
2001-09-07,69.2232894897461,30.989999771118164
2001-09-10,70.07012939453125,31.84000015258789
2001-09-17,66.4090347290039,41.7599983215332
2001-09-18,66.24987030029297,38.869998931884766
2001-09-19,64.91275024414062,40.560001373291016
2001-09-20,62.84980773925781,43.7400016784668
2001-09-21,62.17171859741211,42.65999984741211
2001-09-24,64.35742950439453,37.75
2001-09-25,65.02851104736328,35.810001373291016
2001-09-26,64.79841613769531,35.2599983215332
2001-09-27,65.36080932617188,34.0
2001-09-28,66.74767303466797,31.93000030517578
2001-10-01,66.63899230957031,32.31999969482422
2001-10-02,67.47622680664062,31.18000030517578
2001-10-03,68.60743713378906,31.34000015258789
2001-10-04,68.66495513916016,31.969999313354492
2001-10-05,68.53079986572266,33.38999938964844
2001-10-08,68.0833740234375,35.119998931884766
2001-10-09,67.71910858154297,34.83000183105469
2001-10-10,69.22738647460938,31.600000381469727
2001-10-11,70.30107879638672,31.5
2001-10-12,69.98152160644531,35.27000045776367
2001-10-15,69.85372161865234,35.310001373291016
2001-10-16,70.29467010498047,32.880001068115234
2001-10-17,68.79917907714844,35.08000183105469
2001-10-18,68.65220642089844,34.95000076293945
2001-10-19,68.60743713378906,34.11000061035156
2001-10-22,69.96235656738281,32.25
2001-10-23,69.6044692993164,32.0
2001-10-24,69.41910552978516,30.950000762939453
2001-10-25,70.66537475585938,29.459999084472656
2001-10-26,70.50556945800781,28.420000076293945
2001-10-29,68.67135620117188,31.639999389648438
2001-10-30,67.84693908691406,33.459999084472656
2001-10-31,67.6168212890625,33.560001373291016
2001-11-01,69.34881591796875,32.310001373291016
2001-11-02,69.8217544555664,30.709999084472656
2001-11-05,70.73564910888672,30.5
2001-11-06,71.8349380493164,28.799999237060547
2001-11-07,71.73904418945312,29.1299991607666
2001-11-08,71.9627456665039,28.6200008392334
2001-11-09,72.03939819335938,27.440000534057617
2001-11-12,71.59844970703125,29.350000381469727
2001-11-13,73.20899200439453,26.469999313354492
2001-11-14,73.27923583984375,26.559999465942383
2001-11-15,73.41349792480469,25.559999465942383
2001-11-16,73.0875473022461,25.06999969482422
2001-11-19,73.98870849609375,24.459999084472656
2001-11-20,73.36878967285156,24.1200008392334
2001-11-21,72.88304901123047,24.190000534057617
2001-11-23,73.93115997314453,23.25
2001-11-26,74.0909423828125,23.790000915527344
2001-11-27,73.7713851928711,24.0
2001-11-28,72.43563842773438,25.899999618530273
2001-11-29,73.41349792480469,25.18000030517578
2001-11-30,72.88944244384766,23.84000015258789
2001-12-03,72.454833984375,25.770000457763672
2001-12-04,73.68192291259766,24.079999923706055
2001-12-05,75.03038787841797,23.020000457763672
2001-12-06,74.9920654296875,23.709999084472656
2001-12-07,74.49357604980469,23.489999771118164
2001-12-10,73.10035705566406,25.6200008392334
2001-12-11,72.95330810546875,25.299999237060547
2001-12-12,73.03642272949219,24.8700008392334
2001-12-13,71.61763763427734,25.90999984741211
2001-12-14,72.30146026611328,24.6299991607666
2001-12-17,73.04923248291016,24.260000228881836
2001-12-18,73.48381042480469,23.290000915527344
2001-12-19,74.00145721435547,22.579999923706055
2001-12-20,73.27288818359375,23.670000076293945
2001-12-21,73.71730041503906,22.5
2001-12-24,73.57622528076172,22.6200008392334
2001-12-26,73.980224609375,22.290000915527344
2001-12-27,74.42914581298828,21.59000015258789
2001-12-28,74.39066314697266,21.399999618530273
2001-12-31,73.30049133300781,23.799999237060547
2002-01-02,74.08926391601562,22.709999084472656
2002-01-03,74.92937469482422,21.34000015258789
2002-01-04,75.42959594726562,20.450000762939453
2002-01-07,74.89730834960938,21.940000534057617
2002-01-08,74.7241439819336,21.829999923706055
2002-01-09,74.11488342285156,22.1299991607666
2002-01-10,74.4419937133789,22.360000610351562
2002-01-11,73.71087646484375,22.600000381469727
2002-01-14,73.24919128417969,23.579999923706055
2002-01-15,73.84554290771484,22.700000762939453
2002-01-16,72.35132598876953,23.450000762939453
2002-01-17,72.896484375,22.25
2002-01-18,72.5629653930664,22.520000457763672
2002-01-22,72.06277465820312,23.610000610351562
2002-01-23,72.61431121826172,21.8799991607666
2002-01-24,72.83873748779297,21.149999618530273
2002-01-25,72.8194808959961,21.010000228881836
2002-01-28,73.01826477050781,21.139999389648438
2002-01-29,70.7224349975586,24.350000381469727
2002-01-30,71.74211120605469,23.219999313354492
2002-01-31,72.58220672607422,21.09000015258789
2002-02-01,72.24232482910156,21.1200008392334
2002-02-04,70.44669342041016,24.8700008392334
2002-02-05,70.01058959960938,25.450000762939453
2002-02-06,69.70919036865234,26.09000015258789
2002-02-07,69.2730941772461,25.110000610351562
2002-02-08,70.60057830810547,23.260000228881836
2002-02-11,71.46636199951172,21.780000686645508
2002-02-12,71.2419204711914,21.6200008392334
2002-02-13,71.9986572265625,20.850000381469727
2002-02-14,71.86397552490234,21.770000457763672
2002-02-15,71.11360931396484,22.3700008392334
2002-02-19,69.74768829345703,24.43000030517578
2002-02-20,70.92123413085938,22.65999984741211
2002-02-21,69.45269775390625,23.799999237060547
2002-02-22,70.31200408935547,22.860000610351562
2002-02-25,71.47276306152344,21.84000015258789
2002-02-26,71.32524871826172,21.68000030517578
2002-02-27,71.60101318359375,21.489999771118164
2002-02-28,71.28035736083984,21.59000015258789
2002-03-01,72.94133758544922,19.959999084472656
2002-03-04,74.2303695678711,20.5
2002-03-05,73.9930648803711,20.299999237060547
2002-03-06,74.87165069580078,19.940000534057617
2002-03-07,74.71131896972656,20.040000915527344
2002-03-08,75.02554321289062,19.270000457763672
2002-03-11,75.18587493896484,19.84000015258789
2002-03-12,75.14100646972656,19.59000015258789
2002-03-13,74.41627502441406,19.459999084472656
2002-03-14,74.31373596191406,19.200000762939453
2002-03-15,75.02178955078125,18.420000076293945
2002-03-18,75.03469848632812,18.93000030517578
2002-03-19,75.53630065917969,18.15999984741211
2002-03-20,74.11497497558594,18.459999084472656
2002-03-21,74.14714050292969,18.149999618530273
2002-03-22,73.98638916015625,17.770000457763672
2002-03-25,73.066650390625,18.479999542236328
2002-03-26,73.49112701416016,18.1299991607666
2002-03-27,73.68407440185547,17.700000762939453
2002-03-28,73.65194702148438,17.399999618530273
2002-04-01,73.68407440185547,18.729999542236328
2002-04-02,73.27892303466797,19.15999984741211
2002-04-03,72.76439666748047,20.200000762939453
2002-04-04,72.46210479736328,19.780000686645508
2002-04-05,72.47502136230469,19.1299991607666
2002-04-08,72.62932586669922,19.610000610351562
2002-04-09,72.12129211425781,19.469999313354492
2002-04-10,72.93804168701172,18.190000534057617
2002-04-11,71.1243896484375,20.299999237060547
2002-04-12,71.658203125,19.420000076293945
2002-04-15,71.11155700683594,19.81999969482422
2002-04-16,72.80299377441406,18.110000610351562
2002-04-17,72.64862823486328,18.43000030517578
2002-04-18,72.33348083496094,19.290000915527344
2002-04-19,72.59715270996094,18.299999237060547
2002-04-22,71.38807678222656,19.770000457763672
2002-04-23,71.0793685913086,20.280000686645508
2002-04-24,70.3655014038086,20.770000457763672
2002-04-25,70.40409088134766,20.950000762939453
2002-04-26,69.06637573242188,22.139999389648438
2002-04-29,68.72547912597656,24.049999237060547
2002-04-30,69.36865997314453,21.90999984741211
2002-05-01,70.21757507324219,20.059999465942383
2002-05-02,69.94750213623047,20.06999969482422
2002-05-03,69.18856811523438,20.190000534057617
2002-05-06,67.83152770996094,22.559999465942383
2002-05-07,67.5936050415039,21.940000534057617
2002-05-08,70.10828399658203,20.389999389648438
2002-05-09,69.29788208007812,21.559999465942383
2002-05-10,67.99234771728516,22.40999984741211
2002-05-13,69.37507629394531,20.719999313354492
2002-05-14,70.88642120361328,19.350000381469727
2002-05-15,70.60989379882812,19.190000534057617
2002-05-16,70.97648620605469,18.5
2002-05-17,71.32379913330078,17.700000762939453
2002-05-20,70.55201721191406,19.239999771118164
2002-05-21,69.90885925292969,20.049999237060547
2002-05-22,70.06321716308594,19.579999923706055
2002-05-23,70.80924987792969,18.229999542236328
2002-05-24,69.90243530273438,18.899999618530273
2002-05-28,69.52300262451172,20.309999465942383
2002-05-29,69.00849914550781,20.389999389648438
2002-05-30,68.81554412841797,20.610000610351562
2002-05-31,68.95706176757812,19.979999542236328
2002-06-03,67.12413024902344,23.3700008392334
2002-06-04,67.29129791259766,23.889999389648438
2002-06-05,67.92157745361328,22.610000610351562
2002-06-06,66.53881072998047,24.15999984741211
2002-06-07,66.46166229248047,23.510000228881836
2002-06-10,66.71894836425781,23.719999313354492
2002-06-11,65.57414245605469,24.450000762939453
2002-06-12,65.9728775024414,24.149999618530273
2002-06-13,65.31046295166016,25.020000457763672
2002-06-14,65.21399688720703,25.959999084472656
2002-06-17,66.96334838867188,24.639999389648438
2002-06-18,67.50997161865234,24.239999771118164
2002-06-19,65.93431854248047,26.059999465942383
2002-06-20,65.09178161621094,27.479999542236328
2002-06-21,64.07400512695312,27.229999542236328
2002-06-24,64.40965270996094,26.979999542236328
2002-06-25,62.963951110839844,27.84000015258789
2002-06-26,63.06721115112305,28.420000076293945
2002-06-27,64.17082977294922,26.290000915527344
2002-06-28,63.86748504638672,25.399999618530273
2002-07-01,62.62190246582031,27.110000610351562
2002-07-02,61.29237365722656,28.959999084472656
2002-07-03,61.640907287597656,29.420000076293945
2002-07-05,64.09335327148438,27.110000610351562
2002-07-08,63.293087005615234,28.25
2002-07-09,61.69901657104492,30.219999313354492
2002-07-10,59.453033447265625,34.099998474121094
2002-07-11,59.937095642089844,33.849998474121094
2002-07-12,59.27876663208008,32.939998626708984
2002-07-15,59.59504699707031,35.029998779296875
2002-07-16,58.44624328613281,36.650001525878906
2002-07-17,58.56242370605469,35.45000076293945
2002-07-18,56.66497039794922,35.119998931884766
2002-07-19,54.67072296142578,38.16999816894531
2002-07-22,53.05080032348633,41.869998931884766
2002-07-23,51.598670959472656,44.91999816894531
2002-07-24,54.677181243896484,39.86000061035156
2002-07-25,54.2125129699707,39.27000045776367
2002-07-26,55.2451171875,35.5099983215332
2002-07-29,57.93638610839844,31.329999923706055
2002-07-30,58.69148254394531,31.920000076293945
2002-07-31,58.833499908447266,32.029998779296875
2002-08-01,57.29743957519531,36.95000076293945
2002-08-02,56.01312255859375,41.290000915527344
2002-08-05,54.06406784057617,45.08000183105469
2002-08-06,55.884037017822266,42.029998779296875
2002-08-07,56.85859298706055,38.72999954223633
2002-08-08,58.697933197021484,36.33000183105469
2002-08-09,58.91739273071289,35.33000183105469
2002-08-12,58.484954833984375,37.04999923706055
2002-08-13,57.4200553894043,35.81999969482422
2002-08-14,59.517601013183594,32.36000061035156
2002-08-15,60.343685150146484,29.43000030517578
2002-08-16,60.16295623779297,28.809999465942383
2002-08-19,61.569908142089844,28.610000610351562
2002-08-20,60.91808319091797,29.59000015258789
2002-08-21,61.79579162597656,28.229999542236328
2002-08-22,62.3960075378418,27.75
2002-08-23,61.05357360839844,29.31999969482422
2002-08-26,61.479549407958984,29.889999389648438
2002-08-27,60.7696533203125,30.110000610351562
2002-08-28,59.440128326416016,33.31999969482422
2002-08-29,59.465965270996094,33.66999816894531
2002-08-30,59.23359298706055,32.63999938964844
2002-09-03,56.97475051879883,39.970001220703125
2002-09-04,57.78791809082031,37.439998626708984
2002-09-05,57.29743957519531,38.86000061035156
2002-09-06,58.08481216430664,36.33000183105469
2002-09-09,58.51079177856445,36.45000076293945
2002-09-10,59.18195343017578,35.08000183105469
2002-09-11,58.81409454345703,34.810001373291016
2002-09-12,57.729881286621094,37.5
2002-09-13,57.871826171875,35.81999969482422
2002-09-16,58.01382827758789,36.7400016784668
2002-09-17,56.68436050415039,38.0099983215332
2002-09-18,56.116397857666016,37.52000045776367
2002-09-19,54.664268493652344,40.650001525878906
2002-09-20,54.68244934082031,38.97999954223633
2002-09-23,54.23509216308594,39.68000030517578
2002-09-24,53.359920501708984,40.52000045776367
2002-09-25,54.68244934082031,37.33000183105469
2002-09-26,55.57704544067383,34.599998474121094
2002-09-27,53.64519500732422,36.970001220703125
2002-09-30,53.02281188964844,39.689998626708984
2002-10-01,55.57057571411133,34.119998931884766
2002-10-02,53.90449523925781,36.83000183105469
2002-10-03,53.359920501708984,37.310001373291016
2002-10-04,52.38103103637695,39.459999084472656
2002-10-07,51.298404693603516,42.63999938964844
2002-10-08,52.10226821899414,41.02000045776367
2002-10-09,50.63064956665039,42.130001068115234
2002-10-10,52.27082443237305,37.54999923706055
2002-10-11,54.55924987792969,35.70000076293945
2002-10-14,54.86393356323242,36.040000915527344
2002-10-15,57.50244903564453,34.02000045776367
2002-10-16,56.10865783691406,36.0
2002-10-17,57.223663330078125,34.099998474121094
2002-10-18,57.463531494140625,33.529998779296875
2002-10-21,58.45541000366211,33.11000061035156
2002-10-22,58.03403854370117,34.09000015258789
2002-10-23,58.4748649597168,33.20000076293945
2002-10-24,57.282012939453125,34.029998779296875
2002-10-25,58.4748649597168,30.0
2002-10-28,58.09238052368164,31.06999969482422
2002-10-29,57.4182014465332,32.27000045776367
2002-10-30,57.97569274902344,31.229999542236328
2002-10-31,57.38577651977539,31.139999389648438
2002-11-01,58.520259857177734,29.299999237060547
2002-11-04,59.0777587890625,30.81999969482422
2002-11-05,59.544525146484375,31.229999542236328
2002-11-06,60.31599426269531,30.729999542236328
2002-11-07,58.837894439697266,31.420000076293945
2002-11-08,58.11830520629883,29.40999984741211
2002-11-11,57.217185974121094,31.299999237060547
2002-11-12,57.67100524902344,30.579999923706055
2002-11-13,57.72933578491211,31.239999771118164
2002-11-14,58.81846237182617,28.670000076293945
2002-11-15,59.252784729003906,26.649999618530273
2002-11-18,58.6563835144043,27.65999984741211
2002-11-19,58.57862854003906,27.40999984741211
2002-11-20,59.88164520263672,25.31999969482422
2002-11-21,60.996665954589844,23.809999465942383
2002-11-22,60.56232833862305,23.15999984741211
2002-11-25,60.60126495361328,24.06999969482422
2002-11-26,59.44727325439453,25.969999313354492
2002-11-27,61.11983871459961,27.25
2002-11-29,60.925331115722656,27.5
2002-12-02,61.02262878417969,27.459999084472656
2002-12-03,60.205787658691406,28.329999923706055
2002-12-04,59.93350601196289,28.920000076293945
2002-12-05,59.272247314453125,30.100000381469727
2002-12-06,59.66126251220703,28.8799991607666
2002-12-09,58.02108383178711,30.780000686645508
2002-12-10,58.799015045166016,28.760000228881836
2002-12-11,58.85089874267578,27.760000228881836
2002-12-12,58.84437561035156,27.290000915527344
2002-12-13,57.91734313964844,28.18000030517578
2002-12-16,59.41487121582031,26.239999771118164
2002-12-17,58.89624786376953,26.65999984741211
2002-12-18,58.21556091308594,28.290000915527344
2002-12-19,57.800689697265625,30.209999084472656
2002-12-20,58.625389099121094,26.709999084472656
2002-12-23,58.64493942260742,26.200000762939453
2002-12-24,58.20844268798828,26.489999771118164
2002-12-26,58.234535217285156,27.3700008392334
2002-12-27,56.925086975097656,29.549999237060547
2002-12-30,57.40067672729492,29.6200008392334
2002-12-31,57.47884750366211,28.6200008392334
2003-01-02,59.328983306884766,25.389999389648438
2003-01-03,59.51139831542969,24.68000030517578
2003-01-06,60.56024932861328,24.90999984741211
2003-01-07,60.41043472290039,25.1299991607666
2003-01-08,59.53745651245117,25.530000686645508
2003-01-09,60.46257019042969,24.25
2003-01-10,60.625431060791016,24.31999969482422
2003-01-13,60.60585021972656,24.899999618530273
2003-01-14,60.801300048828125,24.56999969482422
2003-01-15,60.19546890258789,25.510000228881836
2003-01-16,59.94789505004883,25.010000228881836
2003-01-17,59.06190490722656,25.700000762939453
2003-01-21,58.1433219909668,27.59000015258789
2003-01-22,57.43972396850586,29.010000228881836
2003-01-23,57.791534423828125,27.530000686645508
2003-01-24,56.27360534667969,31.510000228881836
2003-01-27,55.5048713684082,34.689998626708984
2003-01-28,55.91530990600586,31.93000030517578
2003-01-29,56.3387336730957,31.260000228881836
2003-01-30,55.003257751464844,31.31999969482422
2003-01-31,56.06513595581055,31.170000076293945
2003-02-03,56.1759033203125,31.020000457763672
2003-02-04,55.62217330932617,32.7599983215332
2003-02-05,55.27687454223633,33.040000915527344
2003-02-06,55.01628494262695,33.349998474121094
2003-02-07,54.34525680541992,34.0099983215332
2003-02-10,54.72963333129883,33.9900016784668
2003-02-11,54.351810455322266,33.68000030517578
2003-02-12,53.48530578613281,34.33000183105469
2003-02-13,53.648216247558594,33.70000076293945
2003-02-14,54.820865631103516,32.619998931884766
2003-02-18,55.784996032714844,31.110000610351562
2003-02-19,55.49185562133789,31.309999465942383
2003-02-20,54.938114166259766,31.15999984741211
2003-02-21,55.49185562133789,30.25
2003-02-24,54.59286880493164,31.979999542236328
2003-02-25,55.02930450439453,31.739999771118164
2003-02-26,54.2280158996582,31.940000534057617
2003-02-27,54.94465637207031,30.530000686645508
2003-02-28,55.309452056884766,29.6299991607666
2003-03-03,54.78173828125,30.43000030517578
2003-03-04,53.9088249206543,31.829999923706055
2003-03-05,54.36481857299805,30.3799991607666
2003-03-06,53.9088249206543,31.3700008392334
2003-03-07,54.28012466430664,31.079999923706055
2003-03-10,52.977195739746094,33.310001373291016
2003-03-11,52.456016540527344,33.61000061035156
2003-03-12,52.80780029296875,33.5099983215332
2003-03-13,54.63191223144531,31.760000228881836
2003-03-14,54.80784225463867,30.979999542236328
2003-03-17,56.534183502197266,31.75
2003-03-18,56.866451263427734,30.43000030517578
2003-03-19,57.302955627441406,31.540000915527344
2003-03-20,57.426719665527344,30.440000534057617
2003-03-21,58.6524543762207,28.670000076293945
2003-03-24,56.703277587890625,30.389999389648438
2003-03-25,57.24620056152344,28.75
2003-03-26,56.95838928222656,28.229999542236328
2003-03-27,57.004173278808594,27.959999084472656
2003-03-28,56.71635055541992,27.75
2003-03-31,55.42781066894531,29.149999618530273
2003-04-01,56.27812576293945,28.360000610351562
2003-04-02,57.63861083984375,28.020000457763672
2003-04-03,57.363922119140625,28.209999084472656
2003-04-04,57.704063415527344,29.1299991607666
2003-04-07,57.59288024902344,28.450000762939453
2003-04-08,57.68440246582031,27.1299991607666
2003-04-09,56.92566680908203,27.110000610351562
2003-04-10,57.239681243896484,25.600000381469727
2003-04-11,57.004173278808594,24.440000534057617
2003-04-14,58.1815299987793,23.40999984741211
2003-04-15,58.724430084228516,22.559999465942383
2003-04-16,57.72368240356445,22.520000457763672
2003-04-17,58.58053207397461,21.5
2003-04-21,58.63938903808594,21.950000762939453
2003-04-22,59.744808197021484,20.700000762939453
2003-04-23,60.29423904418945,20.799999237060547
2003-04-24,59.757904052734375,20.329999923706055
2003-04-25,59.0188102722168,20.799999237060547
2003-04-28,60.039154052734375,20.84000015258789
2003-04-29,60.248504638671875,20.760000228881836
2003-04-30,60.11764144897461,21.209999084472656
2003-05-01,60.111087799072266,21.59000015258789
2003-05-02,60.967987060546875,20.6299991607666
2003-05-05,60.850196838378906,21.1299991607666
2003-05-06,61.42582321166992,20.799999237060547
2003-05-07,61.085670471191406,21.0
2003-05-08,60.47087860107422,21.239999771118164
2003-05-09,61.3080940246582,19.690000534057617
2003-05-12,62.06031799316406,19.520000457763672
2003-05-13,61.94911193847656,19.90999984741211
2003-05-14,61.81827163696289,20.0
2003-05-15,62.21072769165039,19.239999771118164
2003-05-16,62.05375671386719,18.399999618530273
2003-05-19,60.6016731262207,20.510000228881836
2003-05-20,60.477420806884766,21.290000915527344
2003-05-21,60.6016731262207,21.209999084472656
2003-05-22,61.20346450805664,19.780000686645508
2003-05-23,61.32772445678711,19.170000076293945
2003-05-27,62.40045166015625,19.989999771118164
2003-05-28,62.57704162597656,20.030000686645508
2003-05-29,62.41349792480469,20.43000030517578
2003-05-30,63.41426086425781,19.469999313354492
2003-06-02,63.67589569091797,20.850000381469727
2003-06-03,63.937564849853516,20.84000015258789
2003-06-04,64.85980987548828,20.6200008392334
2003-06-05,65.18032836914062,20.829999923706055
2003-06-06,64.92522430419922,21.25
2003-06-09,64.2646255493164,22.149999618530273
2003-06-10,64.91868591308594,20.639999389648438
2003-06-11,65.60547637939453,20.209999084472656
2003-06-12,65.80828094482422,20.40999984741211
2003-06-13,65.12146759033203,20.65999984741211
2003-06-16,66.49504852294922,20.219999313354492
2003-06-17,66.49504852294922,20.010000228881836
2003-06-18,66.4361801147461,19.760000228881836
2003-06-19,65.42230224609375,19.799999237060547
2003-06-20,65.27789306640625,19.139999389648438
2003-06-23,64.60834503173828,20.579999923706055
2003-06-24,64.67400360107422,20.75
2003-06-25,64.02408599853516,20.809999465942383
2003-06-26,64.85779571533203,19.399999618530273
2003-06-27,64.10942840576172,19.15999984741211
2003-06-30,64.0897445678711,19.520000457763672
2003-07-01,64.68058776855469,19.459999084472656
2003-07-02,65.49455261230469,19.030000686645508
2003-07-03,64.81839752197266,19.389999389648438
2003-07-07,66.10504913330078,20.059999465942383
2003-07-08,66.40047454833984,19.479999542236328
2003-07-09,66.02632904052734,18.93000030517578
2003-07-10,65.18604278564453,19.190000534057617
2003-07-11,65.80308532714844,18.469999313354492
2003-07-14,66.12474060058594,19.59000015258789
2003-07-15,65.98033905029297,19.549999237060547
2003-07-16,65.59297943115234,19.760000228881836
2003-07-17,64.66085052490234,20.219999313354492
2003-07-18,65.32386779785156,19.110000610351562
2003-07-21,64.51641845703125,19.780000686645508
2003-07-22,65.10066986083984,19.170000076293945
2003-07-23,65.1466293334961,18.639999389648438
2003-07-24,64.654296875,18.600000381469727
2003-07-25,65.7965316772461,17.75
2003-07-28,65.55361938476562,18.360000610351562
2003-07-29,65.25167846679688,18.670000076293945
2003-07-30,65.09410095214844,18.850000381469727
2003-07-31,65.2450942993164,19.489999771118164
2003-08-01,64.66741943359375,20.75
2003-08-04,64.66741943359375,21.270000457763672
2003-08-05,63.29541778564453,22.68000030517578
2003-08-06,63.66301727294922,21.5
2003-08-07,64.33264923095703,20.260000228881836
2003-08-08,64.51641845703125,19.59000015258789
2003-08-11,64.75932312011719,19.75
2003-08-12,65.35015106201172,17.940000534057617
2003-08-13,65.01533508300781,18.770000457763672
2003-08-14,65.19256591796875,18.469999313354492
2003-08-15,65.39611053466797,18.270000457763672
2003-08-18,65.96065521240234,18.18000030517578
2003-08-19,66.2101058959961,17.860000610351562
2003-08-20,65.94095611572266,17.81999969482422
2003-08-21,66.1510009765625,17.84000015258789
2003-08-22,65.49455261230469,18.549999237060547
2003-08-25,65.59961700439453,19.530000686645508
2003-08-26,65.71774291992188,19.489999771118164
2003-08-27,65.73739624023438,19.1299991607666
2003-08-28,66.14444732666016,18.479999542236328
2003-08-29,66.59086608886719,18.6299991607666
2003-09-02,67.48361206054688,19.020000457763672
2003-09-03,67.85122680664062,19.440000534057617
2003-09-04,67.88407135009766,18.709999084472656
2003-09-05,67.5032958984375,18.170000076293945
2003-09-08,68.06128692626953,18.260000228881836
2003-09-09,67.61487579345703,18.850000381469727
2003-09-10,66.93218994140625,20.010000228881836
2003-09-11,67.12914276123047,19.25
2003-09-12,67.25383758544922,18.68000030517578
2003-09-15,67.01748657226562,19.280000686645508
2003-09-16,67.99565887451172,18.030000686645508
2003-09-17,67.86434173583984,18.149999618530273
2003-09-18,68.66520690917969,17.56999969482422
2003-09-19,68.31597137451172,17.540000915527344
2003-09-22,67.57793426513672,19.649999618530273
2003-09-23,67.83493041992188,19.469999313354492
2003-09-24,66.62897491455078,21.219999313354492
2003-09-25,66.08203125,22.260000228881836
2003-09-26,65.86457824707031,22.229999542236328
2003-09-29,66.51033782958984,21.670000076293945
2003-09-30,65.86457824707031,22.719999313354492
2003-10-01,67.26820373535156,21.06999969482422
2003-10-02,67.51201629638672,20.799999237060547
2003-10-03,68.13147735595703,19.5
2003-10-06,68.44117736816406,19.510000228881836
2003-10-07,68.70478820800781,19.40999984741211
2003-10-08,68.53347778320312,19.18000030517578
2003-10-09,68.71795654296875,18.81999969482422
2003-10-10,68.9090347290039,18.450000762939453
2003-10-13,69.12653350830078,17.549999237060547
2003-10-14,69.3703384399414,17.3700008392334
2003-10-15,69.18580627441406,17.690000534057617
2003-10-16,69.46259307861328,17.190000534057617
2003-10-17,68.70478820800781,17.6200008392334
2003-10-20,69.21879577636719,17.040000915527344
2003-10-21,69.10017395019531,16.549999237060547
2003-10-22,68.23033905029297,17.670000076293945
2003-10-23,68.10511016845703,17.68000030517578
2003-10-24,68.25669860839844,17.709999084472656
2003-10-27,68.28961944580078,18.049999237060547
2003-10-28,69.21879577636719,16.81999969482422
2003-10-29,69.31103515625,16.43000030517578
2003-10-30,69.4560317993164,16.329999923706055
2003-10-31,69.39010620117188,16.100000381469727
2003-11-03,69.84479522705078,16.549999237060547
2003-11-04,69.69324493408203,16.549999237060547
2003-11-05,69.74596405029297,16.860000610351562
2003-11-06,70.11498260498047,16.739999771118164
2003-11-07,69.59439849853516,16.93000030517578
2003-11-10,69.31103515625,17.6200008392334
2003-11-11,69.29129791259766,17.540000915527344
2003-11-12,70.06884002685547,16.75
2003-11-13,70.088623046875,16.469999313354492
2003-11-14,69.49555206298828,16.940000534057617
2003-11-17,69.14627075195312,18.600000381469727
2003-11-18,68.4279556274414,19.110000610351562
2003-11-19,69.00788879394531,18.799999237060547
2003-11-20,68.388427734375,19.479999542236328
2003-11-21,68.67181396484375,18.979999542236328
2003-11-24,69.58118438720703,17.440000534057617
2003-11-25,69.84479522705078,16.709999084472656
2003-11-26,70.09520721435547,16.229999542236328
2003-11-28,70.14793395996094,16.31999969482422
2003-12-01,70.9057846069336,16.770000457763672
2003-12-02,70.72782897949219,16.270000457763672
2003-12-03,70.61580657958984,16.6299991607666
2003-12-04,70.9057846069336,16.299999237060547
2003-12-05,70.41150665283203,17.09000015258789
2003-12-08,70.88600158691406,16.540000915527344
2003-12-09,70.33902740478516,17.6299991607666
2003-12-10,70.33243560791016,17.8700008392334
2003-12-11,71.12322998046875,16.729999542236328
2003-12-12,71.2615737915039,16.40999984741211
2003-12-15,70.9057846069336,17.229999542236328
2003-12-16,71.27479553222656,15.930000305175781
2003-12-17,71.49879455566406,15.579999923706055
2003-12-18,72.30277252197266,16.15999984741211
2003-12-19,72.10150909423828,16.420000076293945
2003-12-22,72.60469818115234,16.940000534057617
2003-12-23,72.65103912353516,16.489999771118164
2003-12-24,72.5782241821289,16.65999984741211
2003-12-26,72.63117218017578,17.450000762939453
2003-12-29,73.59783172607422,17.09000015258789
2003-12-30,73.611083984375,17.68000030517578
2003-12-31,73.67723846435547,18.309999465942383
2004-01-02,73.6441650390625,18.219999313354492
2004-01-05,74.44529724121094,17.489999771118164
2004-01-06,74.51811981201172,16.729999542236328
2004-01-07,74.76972961425781,15.5
2004-01-08,75.06764221191406,15.609999656677246
2004-01-09,74.41217803955078,16.75
2004-01-12,74.96171569824219,16.81999969482422
2004-01-13,74.52474212646484,18.040000915527344
2004-01-14,75.14712524414062,16.75
2004-01-15,75.33251190185547,15.5600004196167
2004-01-16,75.63047790527344,15.0
2004-01-20,75.610595703125,15.210000038146973
2004-01-21,76.2064437866211,14.34000015258789
2004-01-22,76.00782012939453,14.710000038146973
2004-01-23,75.76282501220703,14.84000015258789
2004-01-26,76.71626281738281,14.550000190734863
2004-01-27,75.92838287353516,15.350000381469727
2004-01-28,75.06104278564453,16.780000686645508
2004-01-29,75.13385772705078,17.139999389648438
2004-01-30,75.13385772705078,16.6299991607666
2004-02-02,75.45828247070312,17.110000610351562
2004-02-03,75.33251190185547,17.34000015258789
2004-02-04,74.71675109863281,17.8700008392334
2004-02-05,74.93522644042969,17.709999084472656
2004-02-06,75.77610778808594,16.0
2004-02-09,75.79596710205078,16.389999389648438
2004-02-10,76.04094696044922,15.9399995803833
2004-02-11,76.8486557006836,15.390000343322754
2004-02-12,76.57061004638672,15.3100004196167
2004-02-13,76.22630310058594,15.579999923706055
2004-02-17,76.91487121582031,15.399999618530273
2004-02-18,76.57722473144531,15.59000015258789
2004-02-19,76.29254913330078,15.800000190734863
2004-02-20,76.060791015625,16.040000915527344
2004-02-23,75.8687973022461,16.290000915527344
2004-02-24,75.73637390136719,15.899999618530273
2004-02-25,76.05414581298828,14.930000305175781
2004-02-26,76.10052490234375,14.829999923706055
2004-02-27,76.15348052978516,14.550000190734863
2004-03-01,76.90824890136719,14.4399995803833
2004-03-02,76.4580307006836,14.859999656677246
2004-03-03,76.59708404541016,14.550000190734863
2004-03-04,76.79570007324219,14.399999618530273
2004-03-05,77.05390930175781,14.479999542236328
2004-03-08,76.11376190185547,15.789999961853027
2004-03-09,75.80918884277344,16.600000381469727
2004-03-10,74.53797912597656,18.670000076293945
2004-03-11,73.57134246826172,20.670000076293945
2004-03-12,74.53797912597656,18.299999237060547
2004-03-15,73.62428283691406,21.1299991607666
2004-03-16,74.01493835449219,20.34000015258789
2004-03-17,74.8425521850586,18.110000610351562
2004-03-18,74.86243438720703,18.530000686645508
2004-03-19,73.78937530517578,19.149999618530273
2004-03-22,72.85255432128906,21.579999923706055
2004-03-23,72.72635650634766,20.670000076293945
2004-03-24,72.78612518310547,19.809999465942383
2004-03-25,73.74952697753906,17.8799991607666
2004-03-26,73.76943969726562,17.329999923706055
2004-03-29,74.80596160888672,16.5
2004-03-30,75.05844116210938,16.280000686645508
2004-03-31,75.14479064941406,16.739999771118164
2004-04-01,75.59657287597656,16.649999618530273
2004-04-02,76.1679916381836,15.640000343322754
2004-04-05,76.58656311035156,14.970000267028809
2004-04-06,76.34075164794922,15.319999694824219
2004-04-07,76.16133880615234,15.760000228881836
2004-04-08,75.98860931396484,16.260000228881836
2004-04-12,76.28756713867188,15.279999732971191
2004-04-13,75.21786499023438,17.260000228881836
2004-04-14,75.33745574951172,15.619999885559082
2004-04-15,75.05175018310547,15.739999771118164
2004-04-16,75.62981414794922,14.9399995803833
2004-04-19,75.62981414794922,15.420000076293945
2004-04-20,74.36077117919922,16.670000076293945
2004-04-21,74.85905456542969,15.600000381469727
2004-04-22,75.90884399414062,14.609999656677246
2004-04-23,75.9819564819336,14.010000228881836
2004-04-26,75.87562561035156,14.770000457763672
2004-04-27,75.94207000732422,15.069999694824219
2004-04-28,74.95874786376953,16.290000915527344
2004-04-29,74.3010025024414,16.600000381469727
2004-04-30,73.72295379638672,17.190000534057617
2004-05-03,74.51360321044922,16.6200008392334
2004-05-04,74.45378875732422,16.549999237060547
2004-05-05,74.93215942382812,15.770000457763672
2004-05-06,74.2876968383789,17.049999237060547
2004-05-07,73.05854797363281,18.1299991607666
2004-05-10,72.30774688720703,19.770000457763672
2004-05-11,72.91902160644531,18.56999969482422
2004-05-12,73.38410186767578,18.139999389648438
2004-05-13,73.07844543457031,18.860000610351562
2004-05-14,73.1116943359375,18.469999313354492
2004-05-17,72.48714447021484,19.959999084472656
2004-05-18,72.85255432128906,19.329999923706055
2004-05-19,72.60006713867188,18.93000030517578
2004-05-20,72.8326416015625,18.670000076293945
2004-05-21,72.95887756347656,18.489999771118164
2004-05-24,73.2645263671875,18.079999923706055
2004-05-25,74.31428527832031,15.960000038146973
2004-05-26,74.57341003417969,15.970000267028809
2004-05-27,74.9919662475586,15.279999732971191
2004-05-28,74.98531341552734,15.5
2004-06-01,74.88565826416016,16.299999237060547
2004-06-02,75.16468811035156,16.079999923706055
2004-06-03,74.47373962402344,17.030000686645508
2004-06-04,75.0650405883789,16.780000686645508
2004-06-07,76.20782470703125,15.390000343322754
2004-06-08,76.31412506103516,15.010000228881836
2004-06-09,75.60321807861328,15.390000343322754
2004-06-10,75.97527313232422,15.039999961853027
2004-06-14,75.2244873046875,16.06999969482422
2004-06-15,75.75605773925781,15.050000190734863
2004-06-16,75.7427749633789,14.789999961853027
2004-06-17,75.62981414794922,15.149999618530273
2004-06-18,75.77252197265625,14.989999771118164
2004-06-21,75.48576354980469,15.260000228881836
2004-06-22,75.86583709716797,14.3100004196167
2004-06-23,76.51939392089844,13.979999542236328
2004-06-24,76.27930450439453,14.8100004196167
2004-06-25,75.91255187988281,15.1899995803833
2004-06-28,75.65247344970703,16.06999969482422
2004-06-29,75.96589660644531,15.470000267028809
2004-06-30,76.37265014648438,14.34000015258789
2004-07-01,75.3124008178711,15.199999809265137
2004-07-02,75.27236938476562,15.079999923706055
2004-07-06,74.61222076416016,16.25
2004-07-07,74.83229064941406,15.8100004196167
2004-07-08,74.31214141845703,16.200000762939453
2004-07-09,74.50550842285156,15.779999732971191
2004-07-12,74.53887176513672,14.960000038146973
2004-07-13,74.59220123291016,14.460000038146973
2004-07-14,74.36547088623047,13.760000228881836
2004-07-15,73.88536834716797,14.710000038146973
2004-07-16,73.82537841796875,14.34000015258789
2004-07-19,73.51194763183594,15.170000076293945
2004-07-20,74.44547271728516,14.170000076293945
2004-07-21,73.07183837890625,16.40999984741211
2004-07-22,73.2718505859375,15.75
2004-07-23,72.6584243774414,16.5
2004-07-26,72.51836395263672,17.299999237060547
2004-07-27,73.19849395751953,16.549999237060547
2004-07-28,73.4186019897461,16.149999618530273
2004-07-29,73.73199462890625,15.680000305175781
2004-07-30,73.91204071044922,15.319999694824219
2004-08-02,74.06541442871094,15.369999885559082
2004-08-03,73.49190521240234,16.030000686645508
2004-08-04,73.48527526855469,16.209999084472656
2004-08-05,72.28495025634766,18.31999969482422
2004-08-06,71.25138092041016,19.34000015258789
2004-08-09,71.35137939453125,18.889999389648438
2004-08-10,72.27159881591797,17.469999313354492
2004-08-11,72.12490844726562,18.040000915527344
2004-08-12,71.33805084228516,19.079999923706055
2004-08-13,71.47807312011719,17.979999542236328
2004-08-16,72.21831512451172,17.56999969482422
2004-08-17,72.62505340576172,17.020000457763672
2004-08-18,73.37189483642578,16.229999542236328
2004-08-19,73.15851593017578,16.959999084472656
2004-08-20,73.67198181152344,16.0
2004-08-23,73.48527526855469,15.880000114440918
2004-08-24,73.58528137207031,15.329999923706055
2004-08-25,74.08541870117188,14.979999542236328
2004-08-26,74.08541870117188,14.90999984741211
2004-08-27,74.31880187988281,14.710000038146973
2004-08-30,73.70531463623047,15.4399995803833
2004-08-31,74.092041015625,15.289999961853027
2004-09-01,74.23213195800781,14.90999984741211
2004-09-02,75.07233428955078,14.279999732971191
2004-09-03,74.76557922363281,13.90999984741211
2004-09-07,75.25906372070312,14.069999694824219
2004-09-08,75.07233428955078,14.0600004196167
2004-09-09,75.00565338134766,14.010000228881836
2004-09-10,75.39240264892578,13.760000228881836
2004-09-13,75.63914489746094,13.170000076293945
2004-09-14,75.79251861572266,13.5600004196167
2004-09-15,75.21900939941406,14.640000343322754
2004-09-16,75.44576263427734,14.390000343322754
2004-09-17,75.76651000976562,14.029999732971191
2004-09-20,75.31117248535156,14.430000305175781
2004-09-21,75.63925170898438,13.65999984741211
2004-09-22,74.69512939453125,14.739999771118164
2004-09-23,74.29334259033203,14.800000190734863
2004-09-24,74.63484954833984,14.279999732971191
2004-09-27,74.1594467163086,14.619999885559082
2004-09-28,74.51429748535156,13.829999923706055
2004-09-29,74.88933563232422,13.210000038146973
2004-09-30,74.83572387695312,13.34000015258789
2004-10-01,76.10128021240234,12.75
2004-10-04,76.228515625,13.40999984741211
2004-10-05,76.26869201660156,13.949999809265137
2004-10-06,76.7910385131836,13.279999732971191
2004-10-07,75.96736907958984,14.5
2004-10-08,75.33793640136719,15.050000190734863
2004-10-11,75.6459732055664,14.710000038146973
2004-10-12,75.35134887695312,15.050000190734863
2004-10-13,74.68842315673828,15.420000076293945
2004-10-14,74.08578491210938,16.43000030517578
2004-10-15,74.50091552734375,15.039999961853027
2004-10-18,74.78218078613281,14.710000038146973
2004-10-19,74.15272521972656,15.130000114440918
2004-10-20,74.00543975830078,14.850000381469727
2004-10-21,74.48754119873047,14.539999961853027
2004-10-22,73.6505126953125,15.279999732971191
2004-10-25,73.5634994506836,16.579999923706055
2004-10-26,74.68842315673828,16.389999389648438
2004-10-27,75.585693359375,15.720000267028809
2004-10-28,75.8133773803711,15.390000343322754
2004-10-29,75.80001068115234,16.270000457763672
2004-11-01,76.007568359375,16.270000457763672
2004-11-02,76.03437805175781,16.18000030517578
2004-11-03,76.99189758300781,14.039999961853027
2004-11-04,78.0431900024414,13.970000267028809
2004-11-05,78.53201293945312,13.84000015258789
2004-11-08,78.41815185546875,13.800000190734863
2004-11-09,78.26415252685547,13.609999656677246
2004-11-10,78.32439422607422,13.079999923706055
2004-11-11,78.92037963867188,13.039999961853027
2004-11-12,79.5431137084961,13.329999923706055
2004-11-15,79.73849487304688,13.380000114440918
2004-11-16,79.16769409179688,13.210000038146973
2004-11-17,79.63782501220703,13.210000038146973
2004-11-18,79.74525451660156,12.979999542236328
2004-11-19,78.8587646484375,13.5
2004-11-22,79.23485565185547,12.970000267028809
2004-11-23,79.35574340820312,12.670000076293945
2004-11-24,79.54376983642578,12.720000267028809
2004-11-26,79.48332214355469,12.779999732971191
2004-11-29,79.12068176269531,13.300000190734863
2004-11-30,79.17443084716797,13.239999771118164
2004-12-01,80.0743408203125,12.970000267028809
2004-12-02,80.1415023803711,12.979999542236328
2004-12-03,80.08777618408203,12.960000038146973
2004-12-06,80.0608901977539,13.1899995803833
2004-12-07,79.31543731689453,13.670000076293945
2004-12-08,79.77883911132812,13.1899995803833
2004-12-09,80.0608901977539,12.880000114440918
2004-12-10,80.1415023803711,12.760000228881836
2004-12-13,80.83997344970703,12.539999961853027
2004-12-14,81.12202453613281,12.729999542236328
2004-12-15,81.18244934082031,12.350000381469727
2004-12-16,81.13545227050781,12.270000457763672
2004-12-17,80.59430694580078,11.949999809265137
2004-12-20,80.61457824707031,11.829999923706055
2004-12-21,81.23532104492188,11.550000190734863
2004-12-22,81.43101501464844,11.449999809265137
2004-12-23,81.49172973632812,11.229999542236328
2004-12-27,81.32303619384766,12.140000343322754
2004-12-28,81.76838684082031,12.0
2004-12-29,81.88985443115234,11.619999885559082
2004-12-30,81.73470306396484,12.5600004196167
2004-12-31,81.55921173095703,13.289999961853027
2005-01-03,81.17461395263672,14.079999923706055
2005-01-04,80.18273162841797,13.979999542236328
2005-01-05,79.62936401367188,14.09000015258789
2005-01-06,80.03428649902344,13.579999923706055
2005-01-07,79.91954040527344,13.489999771118164
2005-01-10,80.29743957519531,13.229999542236328
2005-01-11,79.74407196044922,13.1899995803833
2005-01-12,80.00725555419922,12.5600004196167
2005-01-13,79.3662109375,12.84000015258789
2005-01-14,79.78460693359375,12.430000305175781
2005-01-18,80.61457824707031,12.470000267028809
2005-01-19,79.77110290527344,13.180000305175781
2005-01-20,79.2852554321289,13.829999923706055
2005-01-21,78.7994155883789,14.359999656677246
2005-01-24,78.64421081542969,14.649999618530273
2005-01-25,78.86688995361328,14.0600004196167
2005-01-26,79.10308074951172,13.4399995803833
2005-01-27,79.23802185058594,13.239999771118164
2005-01-28,79.23802185058594,13.239999771118164
2005-01-31,79.73060607910156,12.819999694824219
2005-02-01,80.23668670654297,12.029999732971191
2005-02-02,80.47956085205078,11.65999984741211
2005-02-03,80.27041625976562,11.789999961853027
2005-02-04,81.12737274169922,11.210000038146973
2005-02-07,81.0194091796875,11.729999542236328
2005-02-08,81.11386108398438,11.600000381469727
2005-02-09,80.506591796875,12.0
2005-02-10,80.79671478271484,11.510000228881836
2005-02-11,81.49172973632812,11.430000305175781
2005-02-14,81.43101501464844,11.520000457763672
2005-02-15,81.73470306396484,11.270000457763672
2005-02-16,81.7886734008789,11.100000381469727
2005-02-17,81.12737274169922,11.770000457763672
2005-02-18,81.23532104492188,11.180000305175781
2005-02-22,80.02749633789062,13.140000343322754
2005-02-23,80.60103607177734,12.390000343322754
2005-02-24,81.13411712646484,11.569999694824219
2005-02-25,81.93708801269531,11.489999771118164
2005-02-28,81.39727020263672,12.079999923706055
2005-03-01,81.80213928222656,12.039999961853027
2005-03-02,81.76161193847656,12.5
2005-03-03,81.79537963867188,12.930000305175781
2005-03-04,82.81429290771484,11.9399995803833
2005-03-07,82.85476684570312,12.260000228881836
2005-03-08,82.54437255859375,12.399999618530273
2005-03-09,81.62667083740234,12.699999809265137
2005-03-10,81.80889129638672,12.489999771118164
2005-03-11,81.23532104492188,12.800000190734863
2005-03-14,81.74142456054688,12.390000343322754
2005-03-15,81.066650390625,13.149999618530273
2005-03-16,80.37837982177734,13.489999771118164
2005-03-17,80.54032897949219,13.289999961853027
2005-03-18,80.30120849609375,13.140000343322754
2005-03-21,80.00313568115234,13.609999656677246
2005-03-22,79.19026947021484,14.270000457763672
2005-03-23,79.25796508789062,14.0600004196167
2005-03-24,79.35279846191406,13.420000076293945
2005-03-28,79.46796417236328,13.75
2005-03-29,78.93958282470703,14.489999771118164
2005-03-30,80.05734252929688,13.640000343322754
2005-03-31,79.90826416015625,14.020000457763672
2005-04-01,79.54923248291016,14.09000015258789
2005-04-04,79.6847152709961,14.109999656677246
2005-04-05,80.06409454345703,13.680000305175781
2005-04-06,80.34181213378906,13.149999618530273
2005-04-07,80.77534484863281,12.329999923706055
2005-04-08,79.93540954589844,12.619999885559082
2005-04-11,79.9963607788086,11.979999542236328
2005-04-12,80.40955352783203,11.300000190734863
2005-04-13,79.46118927001953,13.3100004196167
2005-04-14,78.42476654052734,14.529999732971191
2005-04-15,77.32730865478516,17.739999771118164
2005-04-18,77.56441497802734,16.559999465942383
2005-04-19,78.18087005615234,14.960000038146973
2005-04-20,77.0902328491211,16.920000076293945
2005-04-21,78.58734130859375,14.40999984741211
2005-04-22,78.28924560546875,15.380000114440918
2005-04-25,78.80411529541016,14.619999885559082
2005-04-26,78.03861999511719,14.90999984741211
2005-04-27,78.34346008300781,14.869999885559082
2005-04-28,77.36119079589844,16.860000610351562
2005-04-29,78.41120147705078,15.3100004196167
2005-05-02,78.85151672363281,15.119999885559082
2005-05-03,78.98697662353516,14.529999732971191
2005-05-04,79.5966796875,13.850000381469727
2005-05-05,79.56959533691406,13.979999542236328
2005-05-06,79.31890106201172,14.050000190734863
2005-05-09,79.81343841552734,13.75
2005-05-10,78.98697662353516,14.90999984741211
2005-05-11,79.42052459716797,14.449999809265137
2005-05-12,78.54670715332031,16.1200008392334
2005-05-13,78.39083099365234,16.31999969482422
2005-05-16,79.12248992919922,15.680000305175781
2005-05-17,79.65087127685547,14.569999694824219
2005-05-18,80.47054290771484,13.630000114440918
2005-05-19,80.80925750732422,13.319999694824219
2005-05-20,80.69408416748047,13.140000343322754
2005-05-23,81.14115905761719,12.949999809265137
2005-05-24,80.95152282714844,12.6899995803833
2005-05-25,80.89054107666016,12.579999923706055
2005-05-26,81.32410430908203,12.239999771118164
2005-05-27,81.45960235595703,12.149999618530273
2005-05-31,80.93798065185547,13.289999961853027
2005-06-01,81.62895965576172,12.359999656677246
2005-06-02,81.80506896972656,11.84000015258789
2005-06-03,81.39185333251953,12.149999618530273
2005-06-06,81.31735229492188,12.279999732971191
2005-06-07,81.37826538085938,12.390000343322754
2005-06-08,81.22924041748047,12.699999809265137
2005-06-09,81.61538696289062,12.079999923706055
2005-06-10,81.4256820678711,11.960000038146973
2005-06-13,81.68313598632812,11.649999618530273
2005-06-14,81.87276458740234,11.789999961853027
2005-06-15,82.0285873413086,11.460000038146973
2005-06-16,82.23860168457031,11.149999618530273
2005-06-17,82.5433349609375,11.479999542236328
2005-06-20,82.57051849365234,11.470000267028809
2005-06-21,82.61812591552734,11.079999923706055
2005-06-22,82.68612670898438,11.050000190734863
2005-06-23,81.52312469482422,12.130000114440918
2005-06-24,80.9245376586914,12.180000305175781
2005-06-27,81.04020690917969,12.520000457763672
2005-06-28,81.72032928466797,11.579999923706055
2005-06-29,81.5027084350586,11.770000457763672
2005-06-30,81.06062316894531,12.039999961853027
2005-07-01,81.29865264892578,11.399999618530273
2005-07-05,81.95156860351562,11.680000305175781
2005-07-06,81.26465606689453,12.270000457763672
2005-07-07,81.58428192138672,12.489999771118164
2005-07-08,82.5161361694336,11.449999809265137
2005-07-11,82.93780517578125,11.279999732971191
2005-07-12,83.15547943115234,10.949999809265137
2005-07-13,83.27105712890625,10.84000015258789
2005-07-14,83.59756469726562,10.8100004196167
2005-07-15,83.5499496459961,10.329999923706055
2005-07-18,83.2166519165039,10.770000457763672
2005-07-19,83.67237854003906,10.449999809265137
2005-07-20,83.95801544189453,10.229999542236328
2005-07-21,83.46831512451172,10.970000267028809
2005-07-22,84.02603912353516,10.520000457763672
2005-07-25,83.78799438476562,11.100000381469727
2005-07-26,83.88998413085938,10.989999771118164
2005-07-27,84.19611358642578,10.359999656677246
2005-07-28,84.72660827636719,10.520000457763672
2005-07-29,84.16207122802734,11.569999694824219
2005-08-01,84.10086059570312,12.079999923706055
2005-08-02,84.60417175292969,11.75
2005-08-03,84.8286361694336,11.829999923706055
2005-08-04,84.14847564697266,12.520000457763672
2005-08-05,83.57715606689453,12.479999542236328
2005-08-08,83.42070007324219,13.210000038146973
2005-08-09,83.92400360107422,12.399999618530273
2005-08-10,83.88320922851562,12.380000114440918
2005-08-11,84.21647644042969,12.420000076293945
2005-08-12,83.69954681396484,12.739999771118164
2005-08-15,84.21647644042969,12.260000228881836
2005-08-16,83.1214599609375,13.520000457763672
2005-08-17,83.11463165283203,13.300000190734863
2005-08-18,83.10783386230469,13.420000076293945
2005-08-19,83.29828643798828,13.420000076293945
2005-08-22,83.29828643798828,13.420000076293945
2005-08-23,83.14185333251953,13.34000015258789
2005-08-24,82.40047454833984,14.170000076293945
2005-08-25,82.69975280761719,13.729999542236328
2005-08-26,82.13525390625,13.720000267028809
2005-08-29,82.76777648925781,13.520000457763672
2005-08-30,82.33246612548828,13.649999618530273
2005-08-31,83.37310791015625,12.600000381469727
2005-09-01,83.3119125366211,13.149999618530273
2005-09-02,83.1622543334961,13.569999694824219
2005-09-06,84.1348648071289,12.930000305175781
2005-09-07,84.27770233154297,12.520000457763672
2005-09-08,83.99881744384766,12.930000305175781
2005-09-09,84.74699401855469,11.979999542236328
2005-09-12,84.57699584960938,11.649999618530273
2005-09-13,84.107666015625,12.390000343322754
2005-09-14,83.80158996582031,12.90999984741211
2005-09-15,83.76080322265625,12.489999771118164
2005-09-16,84.35641479492188,11.220000267028809
2005-09-19,84.07636260986328,12.140000343322754
2005-09-20,83.3659896850586,12.640000343322754
2005-09-21,82.5873031616211,13.789999961853027
2005-09-22,82.88101959228516,13.329999923706055
2005-09-23,82.94931030273438,12.960000038146973
2005-09-26,83.04496765136719,13.039999961853027
2005-09-27,83.02445983886719,12.760000228881836
2005-09-28,83.10640716552734,12.630000114440918
2005-09-29,83.78263854980469,12.239999771118164
2005-09-30,84.04219818115234,11.920000076293945
2005-10-03,83.74165344238281,12.460000038146973
2005-10-04,82.79907989501953,13.199999809265137
2005-10-05,81.71300506591797,14.550000190734863
2005-10-06,81.41928100585938,14.960000038146973
2005-10-07,81.69934844970703,14.59000015258789
2005-10-10,81.00945281982422,15.550000190734863
2005-10-11,80.89334106445312,15.630000114440918
2005-10-12,80.2581558227539,16.219999313354492
2005-10-13,80.21028137207031,16.469999313354492
2005-10-14,81.05729675292969,14.869999885559082
2005-10-17,81.35779571533203,14.670000076293945
2005-10-18,80.47669219970703,15.329999923706055
2005-10-19,81.81546020507812,13.5
2005-10-20,80.37422943115234,16.110000610351562
2005-10-21,80.68841552734375,16.1299991607666
2005-10-24,81.93843841552734,14.739999771118164
2005-10-25,81.77449798583984,14.529999732971191
2005-10-26,81.53543853759766,14.59000015258789
2005-10-27,80.66793060302734,16.020000457763672
2005-10-28,81.8291244506836,14.25
2005-10-31,82.0545425415039,15.319999694824219
2005-11-01,82.30042266845703,14.850000381469727
2005-11-02,83.16109466552734,13.479999542236328
2005-11-03,83.51625061035156,13.0
2005-11-04,83.40695190429688,13.170000076293945
2005-11-07,83.48892974853516,13.100000381469727
2005-11-08,83.48892974853516,13.079999923706055
2005-11-09,83.59820556640625,12.800000190734863
2005-11-10,84.24710845947266,11.899999618530273
2005-11-11,84.53399658203125,11.630000114440918
2005-11-14,84.48619079589844,12.180000305175781
2005-11-15,84.1788330078125,12.229999542236328
2005-11-16,84.3495864868164,12.260000228881836
2005-11-17,85.13507080078125,11.25
2005-11-18,85.46976470947266,11.119999885559082
2005-11-21,85.90006256103516,10.819999694824219
2005-11-22,86.26893615722656,10.600000381469727
2005-11-23,86.76758575439453,10.960000038146973
2005-11-25,86.83586883544922,10.880000114440918
2005-11-28,86.22108459472656,11.84000015258789
2005-11-29,86.12548065185547,11.890000343322754
2005-11-30,85.66101837158203,12.0600004196167
2005-12-01,86.53532409667969,11.239999771118164
2005-12-02,86.64460754394531,11.010000228881836
2005-12-05,86.460205078125,11.600000381469727
2005-12-06,86.62415313720703,11.520000457763672
2005-12-07,86.11868286132812,12.180000305175781
2005-12-08,86.06400299072266,12.210000038146973
2005-12-09,86.28944396972656,11.6899995803833
2005-12-12,86.37142944335938,11.470000267028809
2005-12-13,86.95880889892578,11.109999656677246
2005-12-14,87.30032348632812,10.479999542236328
2005-12-15,87.04761505126953,10.729999542236328
2005-12-16,86.76747131347656,10.680000305175781
2005-12-19,86.32110595703125,11.380000114440918
2005-12-20,86.40350341796875,11.1899995803833
2005-12-21,86.5408706665039,10.8100004196167
2005-12-22,86.99404907226562,10.289999961853027
2005-12-23,87.04212951660156,10.270000457763672
2005-12-27,86.15630340576172,11.569999694824219
2005-12-28,86.34858703613281,11.350000381469727
2005-12-29,85.96403503417969,11.609999656677246
2005-12-30,85.49712371826172,12.069999694824219
2006-01-03,87.00091552734375,11.140000343322754
2006-01-04,87.41289520263672,11.369999885559082
2006-01-05,87.46784210205078,11.3100004196167
2006-01-06,88.19573211669922,11.0
2006-01-09,88.42230224609375,11.130000114440918
2006-01-10,88.51160430908203,10.859999656677246
2006-01-11,88.7931137084961,10.9399995803833
2006-01-12,88.44293212890625,11.199999809265137
2006-01-13,88.36053466796875,11.229999542236328
2006-01-17,88.12019348144531,11.90999984741211
2006-01-18,87.7699966430664,12.25
2006-01-19,88.10645294189453,11.979999542236328
2006-01-20,86.49967956542969,14.5600004196167
2006-01-23,86.80866241455078,13.930000305175781
2006-01-24,86.89794921875,13.3100004196167
2006-01-25,86.97346496582031,12.869999885559082
2006-01-26,87.45409393310547,12.420000076293945
2006-01-27,88.26435852050781,11.970000267028809
2006-01-30,88.19573211669922,12.390000343322754
2006-01-31,87.55025482177734,12.949999809265137
2006-02-01,88.16139221191406,12.359999656677246
2006-02-02,87.13824462890625,13.229999542236328
2006-02-03,86.70565032958984,12.960000038146973
2006-02-06,86.93226623535156,13.039999961853027
2006-02-07,86.16320037841797,13.59000015258789
2006-02-08,86.94597625732422,12.829999923706055
2006-02-09,86.80178833007812,13.119999885559082
2006-02-10,86.95973205566406,12.869999885559082
2006-02-13,86.80178833007812,13.350000381469727
2006-02-14,87.72195434570312,12.25
2006-02-15,88.03096771240234,12.3100004196167
2006-02-16,88.69010925292969,11.479999542236328
2006-02-17,88.44979095458984,12.010000228881836
2006-02-21,88.23007202148438,12.40999984741211
2006-02-22,88.76564025878906,11.880000114440918
2006-02-23,88.63519287109375,11.869999885559082
2006-02-24,88.86180114746094,11.460000038146973
2006-02-27,88.89612579345703,11.59000015258789
2006-02-28,88.05155181884766,12.34000015258789
2006-03-01,88.83432006835938,11.539999961853027
2006-03-02,88.82744598388672,11.720000267028809
2006-03-03,88.4154281616211,11.960000038146973
2006-03-06,88.01033020019531,12.739999771118164
2006-03-07,87.87297821044922,12.65999984741211
2006-03-08,88.05841827392578,12.319999694824219
2006-03-09,87.46784210205078,12.680000305175781
2006-03-10,88.29872131347656,11.850000381469727
2006-03-13,88.4635238647461,11.369999885559082
2006-03-14,89.39054870605469,10.739999771118164
2006-03-15,89.78876495361328,11.350000381469727
2006-03-16,89.97418212890625,11.979999542236328
2006-03-17,90.04935455322266,12.119999885559082
2006-03-20,89.90454864501953,11.789999961853027
2006-03-21,89.3392333984375,11.619999885559082
2006-03-22,89.88387298583984,11.210000038146973
2006-03-23,89.6977310180664,11.170000076293945
2006-03-24,89.76668548583984,11.1899995803833
2006-03-27,89.63569641113281,11.460000038146973
2006-03-28,89.08419036865234,11.579999923706055
2006-03-29,89.64258575439453,10.949999809265137
2006-03-30,89.48405456542969,11.569999694824219
2006-03-31,89.50471496582031,11.390000343322754
2006-04-03,89.43577575683594,11.569999694824219
2006-04-04,90.00799560546875,11.140000343322754
2006-04-05,90.31822204589844,11.130000114440918
2006-04-06,90.22169494628906,11.449999809265137
2006-04-07,89.30480194091797,12.260000228881836
2006-04-10,89.44264221191406,12.1899995803833
2006-04-11,88.68433380126953,13.0
2006-04-12,88.84978485107422,12.760000228881836
2006-04-13,88.73259735107422,12.380000114440918
2006-04-17,88.69808959960938,12.579999923706055
2006-04-18,90.10448455810547,11.399999618530273
2006-04-19,90.27684783935547,11.319999694824219
2006-04-20,90.40093994140625,11.640000343322754
2006-04-21,90.41470336914062,11.59000015258789
2006-04-24,90.24927520751953,11.75
2006-04-25,89.87698364257812,11.75
2006-04-26,89.8976821899414,11.760000228881836
2006-04-27,90.33199310302734,11.84000015258789
2006-04-28,90.6353530883789,11.59000015258789
2006-05-01,89.8976821899414,12.539999961853027
2006-05-02,90.57328033447266,11.989999771118164
2006-05-03,90.2354736328125,11.989999771118164
2006-05-04,90.55950164794922,11.859999656677246
2006-05-05,91.35921478271484,11.619999885559082
2006-05-08,91.24886322021484,12.0
2006-05-09,91.42815399169922,11.989999771118164
2006-05-10,91.37986755371094,11.779999732971191
2006-05-11,90.27684783935547,12.489999771118164
2006-05-12,89.09797668457031,14.1899995803833
2006-05-15,89.27718353271484,13.569999694824219
2006-05-16,89.14622497558594,13.350000381469727
2006-05-17,87.45032501220703,16.260000228881836
2006-05-18,87.00909423828125,16.989999771118164
2006-05-19,87.62268829345703,17.18000030517578
2006-05-22,86.95391845703125,17.719999313354492
2006-05-23,86.29208374023438,18.260000228881836
2006-05-24,86.98150634765625,17.360000610351562
2006-05-25,88.0569839477539,15.5
2006-05-26,88.50509643554688,14.260000228881836
2006-05-30,86.93325805664062,18.65999984741211
2006-05-31,87.90528106689453,16.440000534057617
2006-06-01,88.74634552001953,14.520000457763672
2006-06-02,88.93250274658203,14.319999694824219
2006-06-05,87.63642883300781,16.649999618530273
2006-06-06,87.42272186279297,17.34000015258789
2006-06-07,86.76777648925781,17.799999237060547
2006-06-08,86.69196319580078,18.350000381469727
2006-06-09,86.41617584228516,18.1200008392334
2006-06-12,85.47863006591797,20.959999084472656
2006-06-13,84.48587799072266,23.809999465942383
2006-06-14,85.14079284667969,21.459999084472656
2006-06-15,86.94705963134766,15.899999618530273
2006-06-16,86.31344604492188,17.25
2006-06-19,85.63483428955078,17.829999923706055
2006-06-20,85.92567443847656,16.690000534057617
2006-06-21,86.562744140625,15.520000457763672
2006-06-22,86.18187713623047,15.880000114440918
2006-06-23,86.16803741455078,15.890000343322754
2006-06-26,86.54886627197266,15.619999885559082
2006-06-27,85.80106353759766,16.399999618530273
2006-06-28,86.38272094726562,15.789999961853027
2006-06-29,88.12765502929688,13.029999732971191
2006-06-30,88.1345443725586,13.079999923706055
2006-07-03,88.49467468261719,13.050000190734863
2006-07-05,87.98917388916016,14.149999618530273
2006-07-06,88.24537658691406,13.649999618530273
2006-07-07,87.67066192626953,13.970000267028809
2006-07-10,87.83684539794922,14.020000457763672
2006-07-11,88.22461700439453,13.140000343322754
2006-07-12,87.28287506103516,14.489999771118164
2006-07-13,85.8633804321289,17.790000915527344
2006-07-14,85.53097534179688,18.049999237060547
2006-07-17,85.40634155273438,18.639999389648438
2006-07-18,85.8425521850586,17.739999771118164
2006-07-19,87.03361511230469,15.550000190734863
2006-07-20,86.43807220458984,16.209999084472656
2006-07-21,85.82872009277344,17.399999618530273
2006-07-24,87.3936538696289,14.979999542236328
2006-07-25,87.70526885986328,14.850000381469727
2006-07-26,87.82296752929688,14.619999885559082
2006-07-27,87.73989868164062,14.9399995803833
2006-07-28,88.61929321289062,14.329999923706055
2006-07-31,88.52926635742188,14.949999809265137
2006-08-01,88.09302520751953,15.050000190734863
2006-08-02,88.68854522705078,14.34000015258789
2006-08-03,88.9239730834961,14.460000038146973
2006-08-04,88.77168273925781,14.34000015258789
2006-08-07,88.5639419555664,15.229999542236328
2006-08-08,88.22461700439453,15.229999542236328
2006-08-09,87.92684173583984,15.199999809265137
2006-08-10,88.1968994140625,14.460000038146973
2006-08-11,87.9476318359375,14.300000190734863
2006-08-14,88.0168685913086,14.260000228881836
2006-08-15,89.06937408447266,13.420000076293945
2006-08-16,89.81031799316406,12.40999984741211
2006-08-17,90.03880310058594,12.239999771118164
2006-08-18,90.4958267211914,11.640000343322754
2006-08-21,90.10809326171875,12.220000267028809
2006-08-22,90.10113525390625,12.1899995803833
2006-08-23,89.85182189941406,12.399999618530273
2006-08-24,89.7756576538086,12.399999618530273
2006-08-25,89.88646697998047,12.3100004196167
2006-08-28,90.31580352783203,12.180000305175781
2006-08-29,90.419677734375,12.279999732971191
2006-08-30,90.47503662109375,12.220000267028809
2006-08-31,90.46122741699219,12.3100004196167
2006-09-01,91.00129699707031,11.960000038146973
2006-09-05,91.17442321777344,12.630000114440918
2006-09-06,90.37114715576172,13.739999771118164
2006-09-07,89.95572662353516,13.880000114440918
2006-09-08,90.21189880371094,13.15999984741211
2006-09-11,90.30194091796875,12.989999771118164
2006-09-12,91.18828582763672,11.920000076293945
2006-09-13,91.55525970458984,11.180000305175781
2006-09-14,91.56222534179688,11.550000190734863
2006-09-15,91.77710723876953,11.760000228881836
2006-09-18,91.90226745605469,11.779999732971191
2006-09-19,91.67276000976562,11.979999542236328
2006-09-20,92.15961456298828,11.390000343322754
2006-09-21,91.71450805664062,12.25
2006-09-22,91.436279296875,12.59000015258789
2006-09-25,92.13874053955078,12.119999885559082
2006-09-26,92.90379333496094,11.529999732971191
2006-09-27,93.01512908935547,11.579999923706055
2006-09-28,92.9803466796875,11.720000267028809
2006-09-29,92.90379333496094,11.979999542236328
2006-10-02,92.55606079101562,12.569999694824219
2006-10-03,92.75080108642578,12.239999771118164
2006-10-04,93.8357925415039,11.859999656677246
2006-10-05,94.0165786743164,11.979999542236328
2006-10-06,93.8983383178711,11.5600004196167
2006-10-09,93.95398712158203,11.680000305175781
2006-10-10,94.07917022705078,11.520000457763672
2006-10-11,93.96786499023438,11.619999885559082
2006-10-12,94.78164672851562,11.09000015258789
2006-10-13,95.02506256103516,10.75
2006-10-16,95.17107391357422,11.09000015258789
2006-10-17,94.87203979492188,11.729999542236328
2006-10-18,94.99722290039062,11.34000015258789
2006-10-19,95.15021514892578,10.899999618530273
2006-10-20,95.17107391357422,10.630000114440918
2006-10-23,95.60926818847656,11.079999923706055
2006-10-24,95.89447784423828,10.779999732971191
2006-10-25,96.2212905883789,10.65999984741211
2006-10-26,96.52033233642578,10.5600004196167
2006-10-27,95.91525268554688,10.800000190734863
2006-10-30,95.84574127197266,11.199999809265137
2006-10-31,95.83182525634766,11.100000381469727
2006-11-01,95.18502044677734,11.510000228881836
2006-11-02,95.1293716430664,11.420000076293945
2006-11-03,94.96244812011719,11.15999984741211
2006-11-06,96.03351593017578,11.15999984741211
2006-11-07,96.40214538574219,11.09000015258789
2006-11-08,96.61077880859375,10.75
2006-11-09,96.10305786132812,11.010000228881836
2006-11-10,96.14480590820312,10.789999961853027
2006-11-13,96.38126373291016,10.859999656677246
2006-11-14,97.10455322265625,10.5
2006-11-15,97.3828125,10.3100004196167
2006-11-16,97.6331558227539,10.15999984741211
2006-11-17,97.6609878540039,10.050000190734863
2006-11-20,97.71659088134766,9.970000267028809
2006-11-21,97.81393432617188,9.899999618530273
2006-11-22,98.00870513916016,10.140000343322754
2006-11-24,97.61227416992188,10.729999542236328
2006-11-27,96.26998901367188,12.300000190734863
2006-11-28,96.68726348876953,11.619999885559082
2006-11-29,97.69575500488281,10.829999923706055
2006-11-30,97.73747253417969,10.90999984741211
2006-12-01,97.5218505859375,11.65999984741211
2006-12-04,98.26602172851562,11.229999542236328
2006-12-05,98.69032287597656,11.270000457763672
2006-12-06,98.60681915283203,11.329999923706055
2006-12-07,98.1756591796875,12.670000076293945
2006-12-08,98.3564453125,12.069999694824219
2006-12-11,98.64163970947266,10.710000038146973
2006-12-12,98.56511688232422,10.649999618530273
2006-12-13,98.66944885253906,10.180000305175781
2006-12-14,99.53877258300781,9.970000267028809
2006-12-15,99.5478744506836,10.050000190734863
2006-12-18,99.2751235961914,10.600000381469727
2006-12-19,99.46398162841797,10.300000190734863
2006-12-20,99.40801239013672,10.260000228881836
2006-12-21,99.04434967041016,10.529999732971191
2006-12-22,98.4358901977539,11.359999656677246
2006-12-26,99.01634979248047,11.260000228881836
2006-12-27,99.66674041748047,10.640000343322754
2006-12-28,99.45699310302734,10.989999771118164
2006-12-29,99.04434967041016,11.5600004196167
2007-01-03,98.86949157714844,12.039999961853027
2007-01-04,99.07929992675781,11.510000228881836
2007-01-05,98.28904724121094,12.140000343322754
2007-01-08,98.74360656738281,12.0
2007-01-09,98.65969848632812,11.90999984741211
2007-01-10,98.98837280273438,11.470000267028809
2007-01-11,99.4219970703125,10.869999885559082
2007-01-12,100.17731475830078,10.149999618530273
2007-01-16,99.98147583007812,10.739999771118164
2007-01-17,100.02344512939453,10.59000015258789
2007-01-18,99.68773651123047,10.850000381469727
2007-01-19,99.88365173339844,10.399999618530273
2007-01-22,99.57589721679688,10.770000457763672
2007-01-23,99.86956024169922,10.34000015258789
2007-01-24,100.67388153076172,9.890000343322754
2007-01-25,99.49198150634766,11.220000267028809
2007-01-26,99.4010238647461,11.130000114440918
2007-01-29,99.34505462646484,11.449999809265137
2007-01-30,99.86259460449219,10.960000038146973
2007-01-31,100.53399658203125,10.420000076293945
2007-02-01,101.13543701171875,10.3100004196167
2007-02-02,101.27532958984375,10.079999923706055
2007-02-05,101.30329895019531,10.550000190734863
2007-02-06,101.33129119873047,10.649999618530273
2007-02-07,101.55509185791016,10.319999694824219
2007-02-08,101.42219543457031,10.4399995803833
2007-02-09,100.66686248779297,11.100000381469727
2007-02-12,100.32418060302734,11.609999656677246
2007-02-13,101.17037200927734,10.34000015258789
2007-02-14,101.83480834960938,10.229999542236328
2007-02-15,101.96770477294922,10.220000267028809
2007-02-16,101.91874694824219,10.020000457763672
2007-02-20,102.13555145263672,10.239999771118164
2007-02-21,102.09357452392578,10.199999809265137
2007-02-22,102.01664733886719,10.180000305175781
2007-02-23,101.61798858642578,10.579999923706055
2007-02-26,101.52706146240234,11.149999618530273
2007-02-27,97.5616455078125,18.309999465942383
2007-02-28,98.561767578125,15.420000076293945
2007-03-01,98.26805877685547,15.819999694824219
2007-03-02,96.981201171875,18.610000610351562
2007-03-05,96.05805206298828,19.6299991607666
2007-03-06,97.70154571533203,15.960000038146973
2007-03-07,97.60362243652344,15.239999771118164
2007-03-08,98.42889404296875,14.289999961853027
2007-03-09,98.45684051513672,14.09000015258789
2007-03-12,98.60372161865234,13.989999771118164
2007-03-13,96.6874771118164,18.1299991607666
2007-03-14,97.4078140258789,17.270000457763672
2007-03-15,97.54071044921875,16.43000030517578
2007-03-16,97.26754760742188,16.790000915527344
2007-03-19,98.44015502929688,14.59000015258789
2007-03-20,98.98078918457031,13.270000457763672
2007-03-21,100.60973358154297,12.1899995803833
2007-03-22,100.53253173828125,12.930000305175781
2007-03-23,100.67997741699219,12.949999809265137
2007-03-26,100.54654693603516,13.15999984741211
2007-03-27,100.30791473388672,13.479999542236328
2007-03-28,99.57762145996094,14.979999542236328
2007-03-29,99.68287658691406,15.140000343322754
2007-03-30,99.7039566040039,14.640000343322754
2007-04-02,99.81631469726562,14.529999732971191
2007-04-03,100.89064025878906,13.460000038146973
2007-04-04,101.00296020507812,13.239999771118164
2007-04-05,101.27678680419922,13.229999542236328
2007-04-09,101.41724395751953,13.140000343322754
2007-04-10,101.53658294677734,12.680000305175781
2007-04-11,101.1223373413086,13.489999771118164
2007-04-12,101.5716323852539,12.710000038146973
2007-04-13,102.03509521484375,12.199999809265137
2007-04-16,103.0040283203125,11.979999542236328
2007-04-17,103.27791595458984,12.140000343322754
2007-04-18,103.40426635742188,12.420000076293945
2007-04-19,103.37616729736328,12.539999961853027
2007-04-20,104.3521499633789,12.069999694824219
2007-04-23,103.95899963378906,13.039999961853027
2007-04-24,104.00108337402344,13.119999885559082
2007-04-25,104.95600891113281,13.210000038146973
2007-04-26,105.07538604736328,12.789999961853027
2007-04-27,104.9910659790039,12.449999809265137
2007-04-30,104.1204605102539,14.220000267028809
2007-05-01,104.38729095458984,13.510000228881836
2007-05-02,104.99813079833984,13.079999923706055
2007-05-03,105.56684875488281,13.09000015258789
2007-05-04,105.96707153320312,12.90999984741211
2007-05-07,105.98812103271484,13.149999618530273
2007-05-08,105.84773254394531,13.210000038146973
2007-05-09,106.13557434082031,12.880000114440918
2007-05-10,105.0262451171875,13.600000381469727
2007-05-11,105.92497253417969,12.949999809265137
2007-05-14,105.69326782226562,13.960000038146973
2007-05-15,105.72137451171875,14.010000228881836
2007-05-16,106.44458770751953,13.5
2007-05-17,106.23387908935547,13.510000228881836
2007-05-18,107.16072845458984,12.760000228881836
2007-05-21,107.10457611083984,13.300000190734863
2007-05-22,107.02031707763672,13.0600004196167
2007-05-23,107.03433227539062,13.239999771118164
2007-05-24,106.06536865234375,14.079999923706055
2007-05-25,106.50775146484375,13.34000015258789
2007-05-29,106.8938980102539,13.529999732971191
2007-05-30,107.76457214355469,12.829999923706055
2007-05-31,107.65221405029297,13.050000190734863
2007-06-01,108.18586730957031,12.779999732971191
2007-06-04,108.19989776611328,13.289999961853027
2007-06-05,107.77156066894531,13.630000114440918
2007-06-06,106.61306762695312,14.869999885559082
2007-06-07,104.68917846679688,17.059999465942383
2007-06-08,106.05133056640625,14.84000015258789
2007-06-11,106.23387908935547,14.710000038146973
2007-06-12,105.07538604736328,16.670000076293945
2007-06-13,106.64813995361328,14.729999542236328
2007-06-14,107.32927703857422,13.640000343322754
2007-06-15,107.93993377685547,13.9399995803833
2007-06-18,107.81298065185547,13.420000076293945
2007-06-19,108.0809326171875,12.850000381469727
2007-06-20,106.57894897460938,14.670000076293945
2007-06-21,107.1712417602539,14.210000038146973
2007-06-22,106.16289520263672,15.75
2007-06-25,105.65520477294922,16.649999618530273
2007-06-26,104.56925201416016,18.889999389648438
2007-06-27,106.0571517944336,15.529999732971191
2007-06-28,106.04300689697266,15.539999961853027
2007-06-29,106.07823181152344,16.229999542236328
2007-07-02,107.03730010986328,15.399999618530273
2007-07-03,107.4251480102539,14.920000076293945
2007-07-05,107.31230926513672,15.479999542236328
2007-07-06,107.87642669677734,14.720000267028809
2007-07-09,107.9610824584961,15.15999984741211
2007-07-10,106.42377471923828,17.56999969482422
2007-07-11,107.17835235595703,16.639999389648438
2007-07-12,108.87077331542969,15.539999961853027
2007-07-13,109.19512176513672,15.149999618530273
2007-07-16,109.18103790283203,15.59000015258789
2007-07-17,109.12458801269531,15.630000114440918
2007-07-18,108.92716979980469,16.0
2007-07-19,109.35025024414062,15.229999542236328
2007-07-20,108.24315643310547,16.950000762939453
2007-07-23,108.57453918457031,16.809999465942383
2007-07-24,106.69181060791016,18.549999237060547
2007-07-25,106.91035461425781,18.100000381469727
2007-07-26,104.37882995605469,20.739999771118164
2007-07-27,102.3267593383789,24.170000076293945
2007-07-30,103.9274673461914,20.8700008392334
2007-07-31,102.75695037841797,23.520000457763672
2007-08-01,103.25760650634766,23.670000076293945
2007-08-02,104.08269500732422,21.219999313354492
2007-08-03,101.40301513671875,25.15999984741211
2007-08-06,103.10249328613281,22.940000534057617
2007-08-07,104.20247650146484,21.559999465942383
2007-08-08,105.65520477294922,21.450000762939453
2007-08-09,102.52424621582031,26.479999542236328
2007-08-10,102.04472351074219,28.299999237060547
2007-08-13,102.411376953125,26.56999969482422
2007-08-14,100.84593200683594,27.68000030517578
2007-08-15,99.45674896240234,30.670000076293945
2007-08-16,100.20425415039062,30.829999923706055
2007-08-17,102.04472351074219,29.989999771118164
2007-08-20,101.9953842163086,26.329999923706055
2007-08-21,102.19979858398438,25.25
2007-08-22,103.4127426147461,22.889999389648438
2007-08-23,103.32108306884766,22.6200008392334
2007-08-24,104.5974349975586,20.719999313354492
2007-08-27,103.6242904663086,22.719999313354492
2007-08-28,101.34661865234375,26.299999237060547
2007-08-29,103.33519744873047,23.809999465942383
2007-08-30,103.06017303466797,25.059999465942383
2007-08-31,104.07556915283203,23.3799991607666
2007-09-04,105.12631225585938,22.780000686645508
2007-09-05,104.21662902832031,24.579999923706055
2007-09-06,104.45640563964844,23.989999771118164
2007-09-07,103.00376892089844,26.229999542236328
2007-09-10,102.80632781982422,27.3799991607666
2007-09-11,104.00508880615234,25.270000457763672
2007-09-12,104.27307891845703,24.959999084472656
2007-09-13,105.00641632080078,24.760000228881836
2007-09-14,104.99938201904297,24.920000076293945
2007-09-17,104.43524932861328,26.479999542236328
2007-09-18,107.5097885131836,20.350000381469727
2007-09-19,108.14442443847656,20.030000686645508
2007-09-20,107.3828353881836,20.450000762939453
2007-09-21,107.67263793945312,19.0
2007-09-24,107.47423553466797,19.3700008392334
2007-09-25,107.26166534423828,18.600000381469727
2007-09-26,107.82850646972656,17.6299991607666
2007-09-27,108.46617889404297,17.0
2007-09-28,108.1048355102539,18.0
2007-10-01,109.32350158691406,17.84000015258789
2007-10-02,109.1746826171875,18.489999771118164
2007-10-03,108.95501708984375,18.799999237060547
2007-10-04,109.12508392333984,18.440000534057617
2007-10-05,110.42160034179688,16.90999984741211
2007-10-08,109.8335189819336,17.459999084472656
2007-10-09,110.86797332763672,16.1200008392334
2007-10-10,110.68379974365234,16.670000076293945
2007-10-11,110.15239715576172,18.8799991607666
2007-10-12,110.76173400878906,17.729999542236328
2007-10-15,109.82648468017578,19.25
2007-10-16,108.95501708984375,20.020000457763672
2007-10-17,109.28803253173828,18.540000915527344
2007-10-18,108.8912582397461,18.5
2007-10-19,106.0430908203125,22.959999084472656
2007-10-22,106.65943145751953,21.639999389648438
2007-10-23,107.52384185791016,20.40999984741211
2007-10-24,107.32544708251953,20.799999237060547
2007-10-25,107.58050537109375,21.170000076293945
2007-10-26,108.84169006347656,19.559999465942383
2007-10-29,109.2030258178711,19.8700008392334
2007-10-30,108.4449234008789,21.06999969482422
2007-10-31,109.57144927978516,18.530000686645508
2007-11-01,107.00659942626953,23.209999084472656
2007-11-02,107.12702178955078,23.010000228881836
2007-11-05,106.3122787475586,24.309999465942383
2007-11-06,107.7435073852539,21.389999389648438
2007-11-07,104.79607391357422,26.489999771118164
2007-11-08,104.26466369628906,26.15999984741211
2007-11-09,102.83349609375,28.5
2007-11-12,101.81324768066406,31.09000015258789
2007-11-13,104.91649627685547,24.100000381469727
2007-11-14,104.62603759765625,25.940000534057617
2007-11-15,103.11688232421875,28.059999465942383
2007-11-16,103.29399871826172,25.489999771118164
2007-11-19,101.85575103759766,26.010000228881836
2007-11-20,102.47923278808594,24.8799991607666
2007-11-21,100.38203430175781,26.84000015258789
2007-11-23,102.11788940429688,25.610000610351562
2007-11-26,99.86480712890625,28.90999984741211
2007-11-27,101.0125961303711,26.280000686645508
2007-11-28,104.2434310913086,24.110000610351562
2007-11-29,104.27882385253906,23.969999313354492
2007-11-30,105.32743835449219,22.8700008392334
2007-12-03,104.63309478759766,23.610000610351562
2007-12-04,103.69789123535156,23.790000915527344
2007-12-05,105.43370819091797,22.530000686645508
2007-12-06,106.94287872314453,20.959999084472656
2007-12-07,106.9216079711914,20.850000381469727
2007-12-10,107.75054168701172,20.739999771118164
2007-12-11,104.79607391357422,23.59000015258789
2007-12-12,105.83049774169922,22.469999313354492
2007-12-13,105.6108169555664,22.559999465942383
2007-12-14,104.27178192138672,23.270000457763672
2007-12-17,102.78385925292969,24.520000457763672
2007-12-18,103.3577651977539,22.639999389648438
2007-12-19,103.3577651977539,21.68000030517578
2007-12-20,104.0095443725586,20.579999923706055
2007-12-21,105.50895690917969,18.469999313354492
2007-12-24,106.29241943359375,18.600000381469727
2007-12-26,106.52037811279297,18.65999984741211
2007-12-27,105.18133544921875,20.260000228881836
2007-12-28,104.91780090332031,20.739999771118164
2007-12-31,104.14137268066406,22.5
2008-01-02,103.22966003417969,23.170000076293945
2008-01-03,103.17984008789062,22.489999771118164
2008-01-04,100.65125274658203,23.940000534057617
2008-01-07,100.56575775146484,23.790000915527344
2008-01-08,98.9417724609375,25.43000030517578
2008-01-09,99.9817123413086,24.1200008392334
2008-01-10,100.63699340820312,23.450000762939453
2008-01-11,99.82501983642578,23.68000030517578
2008-01-14,100.6298828125,22.899999618530273
2008-01-15,98.41471099853516,23.34000015258789
2008-01-16,97.5671157836914,24.3799991607666
2008-01-17,95.03853607177734,28.459999084472656
2008-01-18,94.0627212524414,27.18000030517578
2008-01-22,93.1082763671875,31.010000228881836
2008-01-23,95.34481048583984,29.020000457763672
2008-01-24,96.14968872070312,27.780000686645508
2008-01-25,94.76073455810547,29.079999923706055
2008-01-28,96.3277587890625,27.780000686645508
2008-01-29,96.80496978759766,27.31999969482422
2008-01-30,96.09269714355469,27.6200008392334
2008-01-31,97.84493255615234,26.200000762939453
2008-02-01,99.41905212402344,24.020000457763672
2008-02-04,98.16544342041016,25.989999771118164
2008-02-05,95.5371322631836,28.239999771118164
2008-02-06,94.76783752441406,28.969999313354492
2008-02-07,95.39468383789062,27.65999984741211
2008-02-08,94.78213500976562,28.010000228881836
2008-02-11,95.2664566040039,27.600000381469727
2008-02-12,96.14968872070312,26.329999923706055
2008-02-13,97.13260650634766,24.8799991607666
2008-02-14,96.27787017822266,25.540000915527344
2008-02-15,96.25651550292969,25.020000457763672
2008-02-19,96.52718353271484,25.59000015258789
2008-02-20,96.8121109008789,24.399999618530273
2008-02-21,96.00724029541016,25.1200008392334
2008-02-22,96.59841918945312,24.059999465942383
2008-02-25,97.81639862060547,23.030000686645508
2008-02-26,98.55003356933594,21.899999618530273
2008-02-27,98.4503173828125,22.690000534057617
2008-02-28,97.48873138427734,23.530000686645508
2008-02-29,95.31629943847656,26.540000915527344
2008-03-03,95.0884017944336,26.280000686645508
2008-03-04,94.72515106201172,25.520000457763672
2008-03-05,95.32345581054688,24.600000381469727
2008-03-06,93.35047149658203,27.549999237060547
2008-03-07,92.38890075683594,27.489999771118164
2008-03-10,91.17090606689453,29.3799991607666
2008-03-11,94.44734954833984,26.360000610351562
2008-03-12,93.56413269042969,27.219999313354492
2008-03-13,93.77069854736328,27.290000915527344
2008-03-14,92.3176498413086,31.15999984741211
2008-03-17,91.38459014892578,32.2400016784668
2008-03-18,95.1810073852539,25.790000915527344
2008-03-19,92.8233642578125,29.84000015258789
2008-03-20,94.54275512695312,26.6200008392334
2008-03-24,96.43245697021484,25.729999542236328
2008-03-25,96.52548217773438,25.719999313354492
2008-03-26,95.34440612792969,26.079999923706055
2008-03-27,95.04377746582031,25.8799991607666
2008-03-28,94.1347427368164,25.709999084472656
2008-03-31,94.4639892578125,25.610000610351562
2008-04-01,97.7852783203125,22.68000030517578
2008-04-02,97.8497085571289,23.43000030517578
2008-04-03,98.09305572509766,23.209999084472656
2008-04-04,97.98572540283203,22.450000762939453
2008-04-07,98.03582763671875,22.420000076293945
2008-04-08,97.93557739257812,22.360000610351562
2008-04-09,97.22697448730469,22.809999465942383
2008-04-10,97.36294555664062,21.979999542236328
2008-04-11,95.4732437133789,23.459999084472656
2008-04-14,95.1511459350586,23.81999969482422
2008-04-15,95.37307739257812,22.780000686645508
2008-04-16,97.95709991455078,20.530000686645508
2008-04-17,98.1002426147461,20.3700008392334
2008-04-18,99.1238021850586,20.1299991607666
2008-04-21,99.1739501953125,20.5
2008-04-22,98.7373046875,20.8700008392334
2008-04-23,98.579833984375,20.260000228881836
2008-04-24,99.00929260253906,20.059999465942383
2008-04-25,99.92555236816406,19.59000015258789
2008-04-28,99.94699096679688,19.639999389648438
2008-04-29,99.5533447265625,20.239999771118164
2008-04-30,98.96634674072266,20.790000915527344
2008-05-01,101.01354217529297,18.8799991607666
2008-05-02,101.29270935058594,18.18000030517578
2008-05-05,100.80596160888672,18.899999618530273
2008-05-06,101.6792221069336,18.209999084472656
2008-05-07,99.86825561523438,19.729999542236328
2008-05-08,99.61055755615234,19.399999618530273
2008-05-09,99.42445373535156,19.40999984741211
2008-05-12,100.54114532470703,17.790000915527344
2008-05-13,100.55545043945312,17.979999542236328
2008-05-14,100.76300811767578,17.65999984741211
2008-05-15,102.02281188964844,16.299999237060547
2008-05-16,102.1158676147461,16.469999313354492
2008-05-19,102.39501190185547,17.010000228881836
2008-05-20,101.56466674804688,17.579999923706055
2008-05-21,99.8468017578125,18.59000015258789
2008-05-22,99.86112213134766,18.049999237060547
2008-05-23,98.52252197265625,19.549999237060547
2008-05-27,99.25267791748047,19.639999389648438
2008-05-28,99.71078491210938,19.06999969482422
2008-05-29,100.21183013916016,18.139999389648438
2008-05-30,100.46237182617188,17.829999923706055
2008-06-02,99.42445373535156,19.829999923706055
2008-06-03,98.84465026855469,20.239999771118164
2008-06-04,98.79454803466797,20.799999237060547
2008-06-05,100.77020263671875,18.6299991607666
2008-06-06,97.55626678466797,23.559999465942383
2008-06-09,97.79242706298828,23.1200008392334
2008-06-10,97.30571746826172,23.18000030517578
2008-06-11,95.87410736083984,24.1200008392334
2008-06-12,96.23912811279297,23.329999923706055
2008-06-13,97.45600891113281,21.219999313354492
2008-06-16,97.51329040527344,20.950000762939453
2008-06-17,97.04087829589844,21.1299991607666
2008-06-18,96.09598541259766,22.239999771118164
2008-06-19,96.21769714355469,21.579999923706055
2008-06-20,94.65591430664062,22.8700008392334
2008-06-23,94.56239318847656,22.639999389648438
2008-06-24,94.37537384033203,22.420000076293945
2008-06-25,94.82134246826172,21.139999389648438
2008-06-26,92.2459716796875,23.93000030517578
2008-06-27,91.742431640625,23.440000534057617
2008-06-30,92.06617736816406,23.950000762939453
2008-07-01,92.3539047241211,23.649999618530273
2008-07-02,90.77123260498047,25.920000076293945
2008-07-03,90.86478424072266,24.780000686645508
2008-07-07,89.93679809570312,25.780000686645508
2008-07-08,91.53380584716797,23.149999618530273
2008-07-09,89.77135467529297,25.229999542236328
2008-07-10,90.1382064819336,25.59000015258789
2008-07-11,89.08790588378906,27.489999771118164
2008-07-14,88.28218078613281,28.479999542236328
2008-07-15,87.03767395019531,28.540000915527344
2008-07-16,89.17426300048828,25.100000381469727
2008-07-17,90.06629180908203,25.010000228881836
2008-07-18,90.62740325927734,24.049999237060547
2008-07-21,90.67776489257812,23.049999237060547
2008-07-22,91.70647430419922,21.18000030517578
2008-07-23,92.20281982421875,21.309999465942383
2008-07-24,90.28929901123047,23.440000534057617
2008-07-25,90.26771545410156,22.90999984741211
2008-07-28,88.94403076171875,24.229999542236328
2008-07-29,90.84320831298828,22.030000686645508
2008-07-30,92.4617919921875,21.209999084472656
2008-07-31,91.23883819580078,22.940000534057617
2008-08-01,90.75690460205078,22.56999969482422
2008-08-04,89.91521453857422,23.489999771118164
2008-08-05,92.33948516845703,21.139999389648438
2008-08-06,92.74957275390625,20.229999542236328
2008-08-07,91.3683853149414,21.149999618530273
2008-08-08,93.06609344482422,20.65999984741211
2008-08-11,94.03003692626953,20.1200008392334
2008-08-12,93.05169677734375,21.170000076293945
2008-08-13,92.4906234741211,21.549999237060547
2008-08-14,93.18839263916016,20.34000015258789
2008-08-15,93.64159393310547,19.579999923706055
2008-08-18,92.36109161376953,20.979999542236328
2008-08-19,91.35397338867188,21.280000686645508
2008-08-20,91.77841186523438,20.420000076293945
2008-08-21,91.93667602539062,19.81999969482422
2008-08-22,93.26750946044922,18.809999465942383
2008-08-25,91.37552642822266,20.969999313354492
2008-08-26,91.64169311523438,20.489999771118164
2008-08-27,92.53374481201172,19.760000228881836
2008-08-28,93.65596771240234,19.43000030517578
2008-08-29,92.64885711669922,20.649999618530273
2008-09-02,92.07335662841797,21.989999771118164
2008-09-03,91.99419403076172,21.43000030517578
2008-09-04,89.22460174560547,24.030000686645508
2008-09-05,89.5051498413086,23.059999465942383
2008-09-08,91.35397338867188,22.639999389648438
2008-09-09,88.64191436767578,25.469999313354492
2008-09-10,89.0015869140625,24.520000457763672
2008-09-11,90.28929901123047,24.389999389648438
2008-09-12,90.70652770996094,25.65999984741211
2008-09-15,86.3902587890625,31.700000762939453
2008-09-16,87.83621215820312,30.299999237060547
2008-09-17,83.88681030273438,36.220001220703125
2008-09-18,86.37586975097656,33.099998474121094
2008-09-19,89.80619812011719,32.06999969482422
2008-09-22,87.77301025390625,33.849998474121094
2008-09-23,85.77606201171875,35.720001220703125
2008-09-24,86.0510025024414,35.189998626708984
2008-09-25,87.39680480957031,32.81999969482422
2008-09-26,87.440185546875,34.7400016784668
2008-09-29,80.5882339477539,46.720001220703125
2008-09-30,83.92379760742188,39.38999938964844
2008-10-01,83.97442626953125,39.810001373291016
2008-10-02,80.9283218383789,45.2599983215332
2008-10-03,79.83575439453125,45.13999938964844
2008-10-06,75.76944732666016,52.04999923706055
2008-10-07,72.37600708007812,53.68000030517578
2008-10-08,70.55268096923828,57.529998779296875
2008-10-09,65.62535095214844,63.91999816894531
2008-10-10,64.03359985351562,69.94999694824219
2008-10-13,73.33106994628906,54.9900016784668
2008-10-14,72.24576568603516,55.130001068115234
2008-10-15,65.13334655761719,69.25
2008-10-16,67.84661865234375,67.61000061035156
2008-10-17,67.44145965576172,70.33000183105469
2008-10-20,71.4932861328125,52.970001220703125
2008-10-21,69.35884857177734,53.11000061035156
2008-10-22,65.58196258544922,69.6500015258789
2008-10-23,66.3416748046875,67.80000305175781
2008-10-24,62.97718811035156,79.12999725341797
2008-10-27,60.7414436340332,80.05999755859375
2008-10-28,67.83940887451172,66.95999908447266
2008-10-29,67.34736633300781,69.95999908447266
2008-10-30,69.67723083496094,62.900001525878906
2008-10-31,70.06070709228516,59.88999938964844
2008-11-03,70.26325988769531,53.68000030517578
2008-11-04,72.65099334716797,47.72999954223633
2008-11-05,69.59761810302734,54.560001373291016
2008-11-06,65.74116516113281,63.68000030517578
2008-11-07,67.91175842285156,56.099998474121094
2008-11-10,67.02180480957031,59.97999954223633
2008-11-11,64.95243835449219,61.439998626708984
2008-11-12,62.09446716308594,66.45999908447266
2008-11-13,65.9654312133789,59.83000183105469
2008-11-14,62.67332458496094,66.30999755859375
2008-11-17,61.841243743896484,69.1500015258789
2008-11-18,63.006126403808594,67.63999938964844
2008-11-19,58.96874237060547,74.26000213623047
2008-11-20,54.591346740722656,80.86000061035156
2008-11-21,57.536170959472656,72.66999816894531
2008-11-24,61.52287673950195,64.69999694824219
2008-11-25,61.97871398925781,60.900001525878906
2008-11-26,64.37367248535156,54.91999816894531
2008-11-28,65.18400573730469,55.279998779296875
2008-12-01,59.41012191772461,68.51000213623047
2008-12-02,61.6965217590332,62.97999954223633
2008-12-03,63.17976760864258,60.720001220703125
2008-12-04,61.71822738647461,63.63999938964844
2008-12-05,63.62114715576172,59.93000030517578
2008-12-08,65.8424301147461,58.4900016784668
2008-12-09,64.75711822509766,58.90999984741211
2008-12-10,65.19845581054688,55.72999954223633
2008-12-11,63.628387451171875,55.779998779296875
2008-12-12,64.38810729980469,54.279998779296875
2008-12-15,63.49090576171875,56.7599983215332
2008-12-16,66.4791488647461,52.369998931884766
2008-12-17,65.83521270751953,49.84000015258789
2008-12-18,64.60514831542969,47.34000015258789
2008-12-19,64.32725524902344,44.93000030517578
2008-12-22,63.50299835205078,44.560001373291016
2008-12-23,62.84654998779297,45.02000045776367
2008-12-24,63.21125030517578,44.209999084472656
2008-12-26,63.575958251953125,43.380001068115234
2008-12-29,63.39357376098633,43.900001525878906
2008-12-30,64.89622497558594,41.630001068115234
2008-12-31,65.82258605957031,40.0
2009-01-02,67.80655670166016,39.189998626708984
2009-01-05,67.7263412475586,39.08000183105469
2009-01-06,68.1785888671875,38.560001373291016
2009-01-07,66.13622283935547,43.38999938964844
2009-01-08,66.40608215332031,42.560001373291016
2009-01-09,64.98372650146484,42.81999969482422
2009-01-12,63.42277145385742,45.84000015258789
2009-01-13,63.53948974609375,43.27000045776367
2009-01-14,61.54088592529297,49.13999938964844
2009-01-15,61.56278991699219,51.0
2009-01-16,62.044166564941406,46.11000061035156
2009-01-20,58.76909255981445,56.650001525878906
2009-01-21,61.30747985839844,46.41999816894531
2009-01-22,60.359249114990234,47.290000915527344
2009-01-23,60.621849060058594,47.27000045776367
2009-01-26,61.037620544433594,45.689998626708984
2009-01-27,61.657596588134766,42.25
2009-01-28,63.74375534057617,39.65999984741211
2009-01-29,61.67219543457031,42.630001068115234
2009-01-30,60.41761016845703,44.84000015258789
2009-02-02,60.23522186279297,45.52000045776367
2009-02-03,61.081356048583984,43.060001373291016
2009-02-04,60.782310485839844,43.849998474121094
2009-02-05,61.686763763427734,43.72999954223633
2009-02-06,63.444664001464844,43.369998931884766
2009-02-09,63.532203674316406,43.63999938964844
2009-02-10,60.621849060058594,46.66999816894531
2009-02-11,60.9792366027832,44.529998779296875
2009-02-12,61.02299880981445,41.25
2009-02-13,60.366546630859375,42.93000030517578
2009-02-17,57.784366607666016,48.65999984741211
2009-02-18,57.64579391479492,48.459999084472656
2009-02-19,57.025794982910156,47.08000183105469
2009-02-20,56.47141647338867,49.29999923706055
2009-02-23,54.45095443725586,52.619998931884766
2009-02-24,56.51520919799805,45.4900016784668
2009-02-25,56.07025909423828,44.66999816894531
2009-02-26,55.158504486083984,44.65999984741211
2009-02-27,53.9257698059082,46.349998474121094
2009-03-02,51.49681854248047,52.650001525878906
2009-03-03,51.11024475097656,50.93000030517578
2009-03-04,52.32105255126953,47.560001373291016
2009-03-05,50.18387985229492,50.16999816894531
2009-03-06,50.27141189575195,49.33000183105469
2009-03-09,49.680564880371094,49.68000030517578
2009-03-10,52.64200210571289,44.369998931884766
2009-03-11,52.984825134277344,43.61000061035156
2009-03-12,55.07095718383789,41.18000030517578
2009-03-13,55.501319885253906,42.36000061035156
2009-03-16,55.33354187011719,43.7400016784668
2009-03-17,57.025794982910156,40.79999923706055
2009-03-18,58.302268981933594,40.060001373291016
2009-03-19,57.58015441894531,43.68000030517578
2009-03-20,56.35405731201172,45.88999938964844
2009-03-23,60.401912689208984,43.22999954223633
2009-03-24,59.21177673339844,42.93000030517578
2009-03-25,59.83623504638672,42.25
2009-03-26,61.055728912353516,40.36000061035156
2009-03-27,59.95376205444336,41.040000915527344
2009-03-30,57.8820915222168,45.540000915527344
2009-03-31,58.418365478515625,44.13999938964844
2009-04-01,59.5496826171875,42.279998779296875
2009-04-02,61.29079818725586,42.040000915527344
2009-04-03,61.90053939819336,39.70000076293945
2009-04-06,61.41568374633789,40.93000030517578
2009-04-07,59.983154296875,40.38999938964844
2009-04-08,60.6296272277832,38.849998474121094
2009-04-09,63.03923416137695,36.529998779296875
2009-04-13,63.053932189941406,37.810001373291016
2009-04-14,61.9666862487793,37.66999816894531
2009-04-15,62.62784957885742,36.16999816894531
2009-04-16,63.546142578125,35.790000915527344
2009-04-17,63.97225570678711,33.939998626708984
2009-04-20,61.29079818725586,39.18000030517578
2009-04-21,62.4882698059082,37.13999938964844
2009-04-22,62.106231689453125,38.099998474121094
2009-04-23,62.715999603271484,37.150001525878906
2009-04-24,63.6636962890625,36.81999969482422
2009-04-27,63.0612678527832,38.31999969482422
2009-04-28,62.86294174194336,37.95000076293945
2009-04-29,64.19996643066406,36.08000183105469
2009-04-30,64.22200012207031,36.5
2009-05-01,64.5672607421875,35.29999923706055
2009-05-04,66.76387023925781,34.529998779296875
2009-05-05,66.53614807128906,33.36000061035156
2009-05-06,67.68953704833984,32.45000076293945
2009-05-07,66.7491683959961,33.439998626708984
2009-05-08,68.30657196044922,32.04999923706055
2009-05-11,67.02832794189453,32.869998931884766
2009-05-12,66.83000183105469,31.799999237060547
2009-05-13,65.14766693115234,33.650001525878906
2009-05-14,65.70599365234375,31.3700008392334
2009-05-15,65.1697006225586,33.119998931884766
2009-05-18,67.02095794677734,30.239999771118164
2009-05-19,66.94014739990234,28.799999237060547
2009-05-20,66.49205780029297,29.030000686645508
2009-05-21,65.53703308105469,31.350000381469727
2009-05-22,65.39743041992188,32.630001068115234
2009-05-26,67.07240295410156,30.6200008392334
2009-05-27,65.87493133544922,32.36000061035156
2009-05-28,66.79326629638672,31.670000076293945
2009-05-29,67.97602081298828,28.920000076293945
2009-06-01,69.62161254882812,30.040000915527344
2009-06-02,69.68036651611328,29.6299991607666
2009-06-03,68.79882049560547,31.020000457763672
2009-06-04,69.44527435302734,30.18000030517578
2009-06-05,69.4599838256836,29.6200008392334
2009-06-08,69.17346954345703,29.770000457763672
2009-06-09,69.52609252929688,28.270000457763672
2009-06-10,69.34978485107422,28.459999084472656
2009-06-11,69.65833282470703,28.110000610351562
2009-06-12,69.84934997558594,28.149999618530273
2009-06-15,68.24781036376953,30.809999465942383
2009-06-16,67.32218933105469,32.68000030517578
2009-06-17,67.2560806274414,31.540000915527344
2009-06-18,67.7482681274414,30.030000686645508
2009-06-19,67.99797058105469,27.989999771118164
2009-06-22,65.95893096923828,31.170000076293945
2009-06-23,66.01062774658203,30.579999923706055
2009-06-24,66.57952117919922,29.049999237060547
2009-06-25,68.02754211425781,26.360000610351562
2009-06-26,67.8502197265625,25.93000030517578
2009-06-29,68.48558044433594,25.350000381469727
2009-06-30,67.93148803710938,26.350000381469727
2009-07-01,68.21222686767578,26.219999313354492
2009-07-02,66.3504867553711,27.950000762939453
2009-07-06,66.34310150146484,29.0
2009-07-07,65.05763244628906,30.850000381469727
2009-07-08,65.01327514648438,31.299999237060547
2009-07-09,65.13890075683594,29.780000686645508
2009-07-10,64.98373413085938,29.020000457763672
2009-07-13,66.56471252441406,26.309999465942383
2009-07-14,66.94151306152344,25.020000457763672
2009-07-15,68.89928436279297,25.889999389648438
2009-07-16,68.78848266601562,25.420000076293945
2009-07-17,69.54206085205078,24.34000015258789
2009-07-20,70.28084564208984,24.399999618530273
2009-07-21,70.60587310791016,23.8700008392334
2009-07-22,70.59113311767578,23.469999313354492
2009-07-23,72.14995574951172,23.43000030517578
2009-07-24,72.4454574584961,23.09000015258789
2009-07-27,72.65971374511719,24.280000686645508
2009-07-28,72.31986999511719,25.010000228881836
2009-07-29,72.14259338378906,25.610000610351562
2009-07-30,72.8961410522461,25.399999618530273
2009-07-31,72.99958801269531,25.920000076293945
2009-08-03,74.20380401611328,25.559999465942383
2009-08-04,74.39588928222656,24.889999389648438
2009-08-05,74.1816177368164,24.899999618530273
2009-08-06,73.7974624633789,25.670000076293945
2009-08-07,74.76526641845703,24.760000228881836
2009-08-10,74.61015319824219,24.989999771118164
2009-08-11,73.67927551269531,25.989999771118164
2009-08-12,74.46976470947266,25.450000762939453
2009-08-13,75.03863525390625,24.709999084472656
2009-08-14,74.46235656738281,24.270000457763672
2009-08-17,72.63019561767578,27.889999389648438
2009-08-18,73.20645904541016,26.18000030517578
2009-08-19,73.84919738769531,26.260000228881836
2009-08-20,74.61015319824219,25.09000015258789
2009-08-21,76.07295227050781,25.010000228881836
2009-08-24,76.06552124023438,25.139999389648438
2009-08-25,76.21331024169922,24.920000076293945
2009-08-26,76.2206802368164,24.950000762939453
2009-08-27,76.39063262939453,24.68000030517578
2009-08-28,76.37583923339844,24.760000228881836
2009-08-31,75.69613647460938,26.010000228881836
2009-09-01,74.0264663696289,29.149999618530273
2009-09-02,73.74577331542969,28.899999618530273
2009-09-03,74.35895538330078,27.100000381469727
2009-09-04,75.4006118774414,25.260000228881836
2009-09-08,76.05075073242188,25.6200008392334
2009-09-09,76.63439178466797,24.31999969482422
2009-09-10,77.41754913330078,23.549999237060547
2009-09-11,77.40277862548828,24.149999618530273
2009-09-14,77.77952575683594,23.860000610351562
2009-09-15,78.10458374023438,23.420000076293945
2009-09-16,79.28667449951172,23.690000534057617
2009-09-17,79.16845703125,23.649999618530273
2009-09-18,79.21891784667969,23.920000076293945
2009-09-21,79.01851654052734,24.059999465942383
2009-09-22,79.47872161865234,23.079999923706055
2009-09-23,78.81808471679688,23.489999771118164
2009-09-24,77.94961547851562,24.950000762939453
2009-09-25,77.53386688232422,25.610000610351562
2009-09-28,78.92200469970703,24.8799991607666
2009-09-29,78.68443298339844,25.190000534057617
2009-09-30,78.38008117675781,25.610000610351562
2009-10-01,76.43529510498047,28.270000457763672
2009-10-02,76.0790023803711,28.68000030517578
2009-10-05,77.2147216796875,26.84000015258789
2009-10-06,78.32074737548828,25.700000762939453
2009-10-07,78.5359878540039,24.68000030517578
2009-10-08,79.13726806640625,24.18000030517578
2009-10-09,79.61975860595703,23.1200008392334
2009-10-12,79.93157196044922,23.010000228881836
2009-10-13,79.76821899414062,22.989999771118164
2009-10-14,81.14149475097656,22.860000610351562
2009-10-15,81.43841552734375,21.719999313354492
2009-10-16,80.82972717285156,21.43000030517578
2009-10-19,81.49778747558594,21.489999771118164
2009-10-20,81.0672607421875,20.899999618530273
2009-10-21,80.33982849121094,22.219999313354492
2009-10-22,81.15632629394531,20.690000534057617
2009-10-23,80.22846984863281,22.270000457763672
2009-10-26,79.3599853515625,24.309999465942383
2009-10-27,78.99623107910156,24.829999923706055
2009-10-28,77.50420379638672,27.90999984741211
2009-10-29,79.16698455810547,24.760000228881836
2009-10-30,76.87324523925781,30.690000534057617
2009-11-02,77.43741607666016,29.780000686645508
2009-11-03,77.68235778808594,28.809999465942383
2009-11-04,77.88275909423828,27.719999313354492
2009-11-05,79.31543731689453,25.43000030517578
2009-11-06,79.52326965332031,24.190000534057617
2009-11-09,81.33451843261719,23.149999618530273
2009-11-10,81.349365234375,22.84000015258789
2009-11-11,81.76500701904297,23.040000915527344
2009-11-12,80.93365478515625,24.239999771118164
2009-11-13,81.37159729003906,23.360000610351562
2009-11-16,82.5519027709961,22.889999389648438
2009-11-17,82.64839172363281,22.40999984741211
2009-11-18,82.59644317626953,21.6299991607666
2009-11-19,81.52005767822266,22.6299991607666
2009-11-20,81.23057556152344,22.190000534057617
2009-11-23,82.26238250732422,21.15999984741211
2009-11-24,82.38858795166016,20.469999313354492
2009-11-25,82.67808532714844,20.479999542236328
2009-11-27,81.33451843261719,24.739999771118164
2009-11-30,81.60914611816406,24.510000228881836
2009-12-01,82.61868286132812,21.920000076293945
2009-12-02,82.58157348632812,21.1200008392334
2009-12-03,81.93577575683594,22.459999084472656
2009-12-04,82.40340423583984,21.25
2009-12-07,82.27725219726562,22.100000381469727
2009-12-08,81.36420440673828,23.690000534057617
2009-12-09,81.66854858398438,22.65999984741211
2009-12-10,82.1287612915039,22.31999969482422
2009-12-11,82.47765350341797,21.59000015258789
2009-12-14,83.04177856445312,21.149999618530273
2009-12-15,82.65582275390625,21.489999771118164
2009-12-16,82.78202056884766,20.540000915527344
2009-12-17,81.78733825683594,22.510000228881836
2009-12-18,82.25000762939453,21.68000030517578
2009-12-21,83.08587646484375,20.489999771118164
2009-12-22,83.3843765258789,19.540000915527344
2009-12-23,83.54856872558594,19.709999084472656
2009-12-24,83.94412231445312,19.469999313354492
2009-12-28,84.12324523925781,19.93000030517578
2009-12-29,84.00383758544922,20.010000228881836
2009-12-30,83.97396087646484,19.959999084472656
2009-12-31,83.16796112060547,21.68000030517578
2010-01-04,84.5784912109375,20.040000915527344
2010-01-05,84.80236053466797,19.350000381469727
2010-01-06,84.86209869384766,19.15999984741211
2010-01-07,85.22029113769531,19.059999465942383
2010-01-08,85.50389862060547,18.1299991607666
2010-01-11,85.62330627441406,17.549999237060547
2010-01-12,84.82473754882812,18.25
2010-01-13,85.54122924804688,17.850000381469727
2010-01-14,85.77255249023438,17.6299991607666
2010-01-15,84.80985260009766,17.90999984741211
2010-01-19,85.86956787109375,17.579999923706055
2010-01-20,84.99641418457031,18.68000030517578
2010-01-21,83.36201477050781,22.270000457763672
2010-01-22,81.50370025634766,27.309999465942383
2010-01-25,81.92162322998047,25.40999984741211
2010-01-26,81.57837677001953,24.549999237060547
2010-01-27,81.9664306640625,23.139999389648438
2010-01-28,81.0261001586914,23.729999542236328
2010-01-29,80.14543914794922,24.6200008392334
2010-02-01,81.39178466796875,22.59000015258789
2010-02-02,82.37687683105469,21.479999542236328
2010-02-03,81.9664306640625,21.600000381469727
2010-02-04,79.43645477294922,26.079999923706055
2010-02-05,79.60063934326172,26.110000610351562
2010-02-08,79.0259780883789,26.510000228881836
2010-02-09,80.0185775756836,26.0
2010-02-10,79.86186981201172,25.399999618530273
2010-02-11,80.69769287109375,23.959999084472656
2010-02-12,80.63055419921875,22.729999542236328
2010-02-16,81.89927673339844,22.25
2010-02-17,82.28730773925781,21.719999313354492
2010-02-18,82.77244567871094,20.6299991607666
2010-02-19,82.9440689086914,20.020000457763672
2010-02-22,82.95901489257812,19.940000534057617
2010-02-23,81.95149993896484,21.3700008392334
2010-02-24,82.70526885986328,20.270000457763672
2010-02-25,82.59332275390625,20.100000381469727
2010-02-26,82.64555358886719,19.5
2010-03-01,83.50379943847656,19.260000228881836
2010-03-02,83.73518371582031,19.059999465942383
2010-03-03,83.8097915649414,18.829999923706055
2010-03-04,84.06351470947266,18.719999313354492
2010-03-05,85.26507568359375,17.420000076293945
2010-03-08,85.2800064086914,17.790000915527344
2010-03-09,85.42179870605469,17.920000076293945
2010-03-10,85.80244445800781,18.56999969482422
2010-03-11,86.16065979003906,18.059999465942383
2010-03-12,86.16810607910156,17.579999923706055
2010-03-15,86.19046783447266,18.0
2010-03-16,86.87710571289062,17.690000534057617
2010-03-17,87.39204406738281,16.90999984741211
2010-03-18,87.34725189208984,16.6200008392334
2010-03-19,86.90511322021484,16.969999313354492
2010-03-22,87.36974334716797,16.8700008392334
2010-03-23,87.98424530029297,16.350000381469727
2010-03-24,87.55708312988281,17.549999237060547
2010-03-25,87.41471862792969,18.399999618530273
2010-03-26,87.36225128173828,17.770000457763672
2010-03-29,87.91679382324219,17.59000015258789
2010-03-30,87.97673034667969,17.1299991607666
2010-03-31,87.67698669433594,17.59000015258789
2010-04-01,88.27649688720703,17.469999313354492
2010-04-05,88.99586486816406,17.020000457763672
2010-04-06,89.2056884765625,16.229999542236328
2010-04-07,88.69615936279297,16.6200008392334
2010-04-08,89.00340270996094,16.479999542236328
2010-04-09,89.5879135131836,16.139999389648438
2010-04-12,89.73027801513672,15.579999923706055
2010-04-13,89.79774475097656,16.200000762939453
2010-04-14,90.81685638427734,15.59000015258789
2010-04-15,90.89180755615234,15.890000343322754
2010-04-16,89.44551849365234,18.360000610351562
2010-04-19,89.78274536132812,17.34000015258789
2010-04-20,90.58455657958984,15.729999542236328
2010-04-21,90.41971588134766,16.31999969482422
2010-04-22,90.68949127197266,16.469999313354492
2010-04-23,91.28150177001953,16.6200008392334
2010-04-26,90.93679809570312,17.469999313354492
2010-04-27,88.78607177734375,22.809999465942383
2010-04-28,89.46049499511719,21.079999923706055
2010-04-29,90.56956481933594,18.440000534057617
2010-04-30,89.03335571289062,22.049999237060547
2010-05-03,90.18739318847656,20.190000534057617
2010-05-04,88.06666564941406,23.84000015258789
2010-05-05,87.54209899902344,24.90999984741211
2010-05-06,84.634521484375,32.79999923706055
2010-05-07,83.3755874633789,40.95000076293945
2010-05-10,87.0475082397461,28.84000015258789
2010-05-11,86.80022430419922,28.31999969482422
2010-05-12,88.01422119140625,25.520000457763672
2010-05-13,86.92013549804688,26.68000030517578
2010-05-14,85.3464126586914,31.239999771118164
2010-05-17,85.391357421875,30.84000015258789
2010-05-18,84.22982788085938,33.54999923706055
2010-05-19,83.75025177001953,35.31999969482422
2010-05-20,80.5879135131836,45.790000915527344
2010-05-21,81.76441955566406,40.099998474121094
2010-05-24,80.71525573730469,38.31999969482422
2010-05-25,80.79771423339844,34.61000061035156
2010-05-26,80.31062316894531,35.02000045776367
2010-05-27,83.0008773803711,29.68000030517578
2010-05-28,81.95927429199219,32.06999969482422
2010-06-01,80.58039093017578,35.540000915527344
2010-06-02,82.67868041992188,30.170000076293945
2010-06-03,82.96341705322266,29.459999084472656
2010-06-04,80.04835510253906,35.47999954223633
2010-06-07,79.05168914794922,36.56999969482422
2010-06-08,79.8984603881836,33.70000076293945
2010-06-09,79.47132873535156,33.72999954223633
2010-06-10,81.79437255859375,30.56999969482422
2010-06-11,82.1915512084961,28.790000915527344
2010-06-14,82.06417083740234,28.579999923706055
2010-06-15,83.93008422851562,25.8700008392334
2010-06-16,83.90013885498047,25.920000076293945
2010-06-17,84.03504180908203,25.049999237060547
2010-06-18,84.12612915039062,23.950000762939453
2010-06-21,83.88518524169922,24.8799991607666
2010-06-22,82.49976348876953,27.049999237060547
2010-06-23,82.24375915527344,26.90999984741211
2010-06-24,80.88093566894531,29.739999771118164
2010-06-25,81.21978759765625,28.530000686645508
2010-06-28,80.9637680053711,29.0
2010-06-29,78.46401977539062,34.130001068115234
2010-06-30,77.71859741210938,34.540000915527344
2010-07-01,77.37225341796875,32.86000061035156
2010-07-02,76.95059967041016,30.1200008392334
2010-07-06,77.45506286621094,29.649999618530273
2010-07-07,79.89461517333984,26.84000015258789
2010-07-08,80.6852035522461,25.709999084472656
2010-07-09,81.28755187988281,24.979999542236328
2010-07-12,81.34024047851562,24.43000030517578
2010-07-13,82.56758880615234,24.559999465942383
2010-07-14,82.56002807617188,24.889999389648438
2010-07-15,82.58261108398438,25.139999389648438
2010-07-16,80.3086929321289,26.25
2010-07-19,80.7830810546875,25.969999313354492
2010-07-20,81.6790771484375,23.93000030517578
2010-07-21,80.617431640625,25.639999389648438
2010-07-22,82.41693878173828,24.6299991607666
2010-07-23,83.13224792480469,23.469999313354492
2010-07-26,83.99812316894531,22.729999542236328
2010-07-27,83.99061584472656,23.190000534057617
2010-07-28,83.44847869873047,24.25
2010-07-29,83.04186248779297,24.1299991607666
2010-07-30,83.02684020996094,23.5
2010-08-02,84.90167999267578,22.010000228881836
2010-08-03,84.49508666992188,22.6299991607666
2010-08-04,85.05978393554688,22.209999084472656
2010-08-05,84.96943664550781,22.100000381469727
2010-08-06,84.62305450439453,21.739999771118164
2010-08-09,85.07479095458984,22.139999389648438
2010-08-10,84.61553955078125,22.3700008392334
2010-08-11,82.2964859008789,25.389999389648438
2010-08-12,81.7920150756836,25.729999542236328
2010-08-13,81.55107116699219,26.239999771118164
2010-08-16,81.51342010498047,26.100000381469727
2010-08-17,82.51483917236328,24.329999923706055
2010-08-18,82.66541290283203,24.59000015258789
2010-08-19,81.22731018066406,26.440000534057617
2010-08-20,80.9637680053711,25.489999771118164
2010-08-23,80.65508270263672,25.65999984741211
2010-08-24,79.45787811279297,27.459999084472656
2010-08-25,79.7665786743164,26.700000762939453
2010-08-26,79.23201751708984,27.3700008392334
2010-08-27,80.45930480957031,24.450000762939453
2010-08-30,79.2922134399414,27.209999084472656
2010-08-31,79.2922134399414,26.049999237060547
2010-09-01,81.66400909423828,23.889999389648438
2010-09-02,82.42447662353516,23.190000534057617
2010-09-03,83.49366760253906,21.309999465942383
2010-09-07,82.55250549316406,23.799999237060547
2010-09-08,83.13224792480469,23.25
2010-09-09,83.51622772216797,22.809999465942383
2010-09-10,83.9378890991211,21.989999771118164
2010-09-13,84.87153625488281,21.209999084472656
2010-09-14,84.81884002685547,21.559999465942383
2010-09-15,85.1426010131836,22.100000381469727
2010-09-16,85.1200180053711,21.719999313354492
2010-09-17,85.15182495117188,22.010000228881836
2010-09-20,86.45378875732422,21.5
2010-09-21,86.27969360351562,22.350000381469727
2010-09-22,85.85580444335938,22.510000228881836
2010-09-23,85.15937042236328,23.8700008392334
2010-09-24,86.91555786132812,21.709999084472656
2010-09-27,86.49920654296875,22.540000915527344
2010-09-28,86.802001953125,22.600000381469727
2010-09-29,86.650634765625,23.25
2010-09-30,86.39323425292969,23.700000762939453
2010-10-01,86.75658416748047,22.5
2010-10-04,86.10559844970703,23.530000686645508
2010-10-05,87.83905029296875,21.760000228881836
2010-10-06,87.83146667480469,21.489999771118164
2010-10-07,87.72553253173828,21.559999465942383
2010-10-08,88.2175521850586,20.709999084472656
2010-10-11,88.30083465576172,18.959999084472656
2010-10-12,88.57333374023438,18.93000030517578
2010-10-13,89.2621841430664,19.06999969482422
2010-10-14,88.91397857666016,19.8799991607666
2010-10-15,89.09558868408203,19.030000686645508
2010-10-18,89.53467559814453,19.09000015258789
2010-10-19,88.3613510131836,20.6299991607666
2010-10-20,89.22432708740234,19.790000915527344
2010-10-21,89.42110443115234,19.270000457763672
2010-10-22,89.58766174316406,18.780000686645508
2010-10-25,89.85261535644531,19.850000381469727
2010-10-26,89.86774444580078,20.219999313354492
2010-10-27,89.61035919189453,20.709999084472656
2010-10-28,89.62553405761719,20.8799991607666
2010-10-29,89.69364929199219,21.200000762939453
2010-11-01,89.72393035888672,21.829999923706055
2010-11-02,90.43545532226562,21.56999969482422
2010-11-03,90.798828125,19.559999465942383
2010-11-04,92.54742431640625,18.520000457763672
2010-11-05,92.8956527709961,18.260000228881836
2010-11-08,92.72151947021484,18.290000915527344
2010-11-09,92.05538940429688,19.079999923706055
2010-11-10,92.42633056640625,18.469999313354492
2010-11-11,92.07808685302734,18.639999389648438
2010-11-12,90.98805236816406,20.610000610351562
2010-11-15,90.85940551757812,20.200000762939453
2010-11-16,89.44384765625,22.579999923706055
2010-11-17,89.48924255371094,21.760000228881836
2010-11-18,90.80638122558594,18.75
2010-11-19,91.05619812011719,18.040000915527344
2010-11-22,90.98050689697266,18.3700008392334
2010-11-23,89.66336059570312,20.6299991607666
2010-11-24,90.98805236816406,19.559999465942383
2010-11-26,89.9283218383789,22.219999313354492
2010-11-29,90.20079803466797,21.530000686645508
2010-11-30,89.69364929199219,23.540000915527344
2010-12-01,91.60120391845703,21.360000610351562
2010-12-02,92.7745361328125,19.389999389648438
2010-12-03,93.02432250976562,18.010000228881836
2010-12-06,92.92589569091797,18.020000457763672
2010-12-07,92.97889709472656,17.989999771118164
2010-12-08,93.31950378417969,17.739999771118164
2010-12-09,93.68289947509766,17.25
2010-12-10,94.22791290283203,17.610000610351562
2010-12-13,94.28842163085938,17.549999237060547
2010-12-14,94.37173461914062,17.610000610351562
2010-12-15,93.94024658203125,17.940000534057617
2010-12-16,94.48528289794922,17.389999389648438
2010-12-17,94.58646392822266,16.110000610351562
2010-12-20,94.81476593017578,16.40999984741211
2010-12-21,95.41590118408203,16.489999771118164
2010-12-22,95.71268463134766,15.449999809265137
2010-12-23,95.57572937011719,16.469999313354492
2010-12-27,95.61375427246094,17.670000076293945
2010-12-28,95.75072479248047,17.520000457763672
2010-12-29,95.81922149658203,17.280000686645508
2010-12-30,95.66704559326172,17.520000457763672
2010-12-31,95.68988037109375,17.75
2011-01-03,96.67909240722656,17.610000610351562
2011-01-04,96.6258316040039,17.3799991607666
2011-01-05,97.1280517578125,17.020000457763672
2011-01-06,96.93783569335938,17.399999618530273
2011-01-07,96.74758911132812,17.139999389648438
2011-01-10,96.6258316040039,17.540000915527344
2011-01-11,96.96826171875,16.889999389648438
2011-01-12,97.84334564208984,16.239999771118164
2011-01-13,97.68355560302734,16.389999389648438
2011-01-14,98.39127349853516,15.460000038146973
2011-01-18,98.55863952636719,15.869999885559082
2011-01-19,97.59223937988281,17.309999465942383
2011-01-20,97.46288299560547,17.989999771118164
2011-01-21,97.68355560302734,18.469999313354492
2011-01-24,98.23905181884766,17.649999618530273
2011-01-25,98.29231262207031,17.59000015258789
2011-01-26,98.67280578613281,16.639999389648438
2011-01-27,98.91632080078125,16.149999618530273
2011-01-28,97.18895721435547,20.040000915527344
2011-01-31,97.9194564819336,19.530000686645508
2011-02-01,99.48703002929688,17.6299991607666
2011-02-02,99.29679107666016,17.299999237060547
2011-02-03,99.5174789428711,16.690000534057617
2011-02-04,99.79902648925781,15.930000305175781
2011-02-07,100.42302703857422,16.280000686645508
2011-02-08,100.87959289550781,15.8100004196167
2011-02-09,100.65130615234375,15.869999885559082
2011-02-10,100.6893081665039,16.09000015258789
2011-02-11,101.29048156738281,15.6899995803833
2011-02-14,101.53400421142578,15.949999809265137
2011-02-15,101.2143783569336,16.3700008392334
2011-02-16,101.85356140136719,16.719999313354492
2011-02-17,102.157958984375,16.59000015258789
2011-02-18,102.37101745605469,16.43000030517578
2011-02-22,100.31642150878906,20.799999237060547
2011-02-23,99.70005798339844,22.1299991607666
2011-02-24,99.63159942626953,21.31999969482422
2011-02-25,100.69693756103516,19.219999313354492
2011-02-28,101.32091522216797,18.350000381469727
2011-03-01,99.63159942626953,21.010000228881836
2011-03-02,99.84467315673828,20.700000762939453
2011-03-03,101.56440734863281,18.600000381469727
2011-03-04,100.8034439086914,19.059999465942383
2011-03-07,100.01206970214844,20.65999984741211
2011-03-08,100.88719177246094,19.81999969482422
2011-03-09,100.7425765991211,20.219999313354492
2011-03-10,98.8782730102539,21.8799991607666
2011-03-11,99.5631103515625,20.079999923706055
2011-03-14,98.96197509765625,21.1299991607666
2011-03-15,97.82816314697266,24.31999969482422
2011-03-16,96.01708984375,29.399999618530273
2011-03-17,97.28789520263672,26.3700008392334
2011-03-18,97.64169311523438,24.440000534057617
2011-03-21,99.15497589111328,20.610000610351562
2011-03-22,98.81099700927734,20.209999084472656
2011-03-23,99.09381866455078,19.170000076293945
2011-03-24,100.0414810180664,18.0
2011-03-25,100.34722137451172,17.90999984741211
2011-03-28,100.10260009765625,19.440000534057617
2011-03-29,100.7751693725586,18.15999984741211
2011-03-30,101.47068786621094,17.709999084472656
2011-03-31,101.33309936523438,17.739999771118164
2011-04-01,101.76109313964844,17.399999618530273
2011-04-04,101.84514617919922,17.5
2011-04-05,101.82987213134766,17.25
2011-04-06,102.15084075927734,16.899999618530273
2011-04-07,101.89100646972656,17.110000610351562
2011-04-08,101.53946685791016,17.8700008392334
2011-04-11,101.2337646484375,16.59000015258789
2011-04-12,100.47711181640625,17.09000015258789
2011-04-13,100.4694595336914,16.920000076293945
2011-04-14,100.5458984375,16.270000457763672
2011-04-15,100.91275787353516,15.319999694824219
2011-04-18,99.7816390991211,16.959999084472656
2011-04-19,100.35482025146484,15.829999923706055
2011-04-20,101.72288513183594,15.069999694824219
2011-04-21,102.24256896972656,14.6899995803833
2011-04-25,102.13552856445312,15.770000457763672
2011-04-26,103.01446533203125,15.619999885559082
2011-04-27,103.68701171875,15.350000381469727
2011-04-28,104.0232925415039,14.619999885559082
2011-04-29,104.26782989501953,14.75
2011-05-02,104.10733032226562,15.989999771118164
2011-05-03,103.7328872680664,16.700000762939453
2011-05-04,103.04503631591797,17.079999923706055
2011-05-05,102.11263275146484,18.200000762939453
2011-05-06,102.56353759765625,18.399999618530273
2011-05-09,102.9609375,17.15999984741211
2011-05-10,103.8398666381836,15.90999984741211
2011-05-11,102.74695587158203,16.950000762939453
2011-05-12,103.236083984375,16.030000686645508
2011-05-13,102.44123840332031,17.06999969482422
2011-05-16,101.79164123535156,18.239999771118164
2011-05-17,101.77635955810547,17.549999237060547
2011-05-18,102.68582153320312,16.229999542236328
2011-05-19,102.93041229248047,15.520000457763672
2011-05-20,102.11263275146484,17.43000030517578
2011-05-23,100.92801666259766,18.270000457763672
2011-05-24,100.84394073486328,17.81999969482422
2011-05-25,101.18023681640625,17.06999969482422
2011-05-26,101.64640045166016,16.09000015258789
2011-05-27,102.03617095947266,15.979999542236328
2011-05-31,103.09850311279297,15.449999809265137
2011-06-01,100.7828369140625,18.299999237060547
2011-06-02,100.67582702636719,18.09000015258789
2011-06-03,99.67462921142578,17.950000762939453
2011-06-06,98.61996459960938,18.489999771118164
2011-06-07,98.55880737304688,18.06999969482422
2011-06-08,98.14611053466797,18.790000915527344
2011-06-09,98.89507293701172,17.770000457763672
2011-06-10,97.51943969726562,18.860000610351562
2011-06-13,97.59584045410156,19.610000610351562
2011-06-14,98.83397674560547,18.260000228881836
2011-06-15,97.076171875,21.31999969482422
2011-06-16,97.2901611328125,22.729999542236328
2011-06-17,97.58047485351562,21.850000381469727
2011-06-20,98.07968139648438,19.989999771118164
2011-06-21,99.4238052368164,18.860000610351562
2011-06-22,98.82472229003906,18.520000457763672
2011-06-23,98.54056549072266,19.290000915527344
2011-06-24,97.39616394042969,21.100000381469727
2011-06-27,98.26404571533203,20.559999465942383
2011-06-28,99.54670715332031,19.170000076293945
2011-06-29,100.39921569824219,17.270000457763672
2011-06-30,101.35928344726562,16.520000457763672
2011-07-01,102.8569564819336,15.869999885559082
2011-07-05,102.77251434326172,16.059999465942383
2011-07-06,102.89534759521484,16.34000015258789
2011-07-07,103.96295928955078,15.949999809265137
2011-07-08,103.22563171386719,15.949999809265137
2011-07-11,101.35928344726562,18.389999389648438
2011-07-12,100.92143249511719,19.8700008392334
2011-07-13,101.2594223022461,19.90999984741211
2011-07-14,100.56050109863281,20.799999237060547
2011-07-15,101.14421844482422,19.530000686645508
2011-07-18,100.31473541259766,20.950000762939453
2011-07-19,101.94297790527344,19.209999084472656
2011-07-20,101.88156127929688,19.09000015258789
2011-07-21,103.29475402832031,17.559999465942383
2011-07-22,103.36387634277344,17.520000457763672
2011-07-25,102.78788757324219,19.350000381469727
2011-07-26,102.4038314819336,20.229999542236328
2011-07-27,100.30706787109375,22.979999542236328
2011-07-28,100.01518249511719,23.739999771118164
2011-07-29,99.33161926269531,25.25
2011-08-01,98.90922546386719,23.65999984741211
2011-08-02,96.38233184814453,24.790000915527344
2011-08-03,96.90459442138672,23.3799991607666
2011-08-04,92.36541748046875,31.65999984741211
2011-08-05,92.22721099853516,32.0
2011-08-08,86.22106170654297,48.0
2011-08-09,90.23023986816406,35.060001373291016
2011-08-10,86.24409484863281,42.9900016784668
2011-08-11,90.11506652832031,39.0
2011-08-12,90.7218246459961,36.36000061035156
2011-08-15,92.64193725585938,31.8700008392334
2011-08-16,91.850830078125,32.849998474121094
2011-08-17,91.91226196289062,31.579999923706055
2011-08-18,87.94917297363281,42.66999816894531
2011-08-19,86.51292419433594,43.04999923706055
2011-08-22,86.58201599121094,42.439998626708984
2011-08-23,89.43148803710938,36.27000045776367
2011-08-24,90.69108581542969,35.900001525878906
2011-08-25,89.30859375,39.7599983215332
2011-08-26,90.60660552978516,35.59000015258789
2011-08-29,93.21028900146484,32.279998779296875
2011-08-30,93.45606231689453,32.88999938964844
2011-08-31,93.87078857421875,31.6200008392334
2011-09-01,92.8877182006836,31.81999969482422
2011-09-02,90.51441192626953,33.91999816894531
2011-09-06,89.85389709472656,37.0
2011-09-07,92.38846588134766,33.380001068115234
2011-09-08,91.42839813232422,34.31999969482422
2011-09-09,89.0321273803711,38.52000045776367
2011-09-12,89.60812377929688,38.59000015258789
2011-09-13,90.42997741699219,36.90999984741211
2011-09-14,91.68186950683594,34.599998474121094
2011-09-15,93.2640609741211,31.969999313354492
2011-09-16,93.81605529785156,30.979999542236328
2011-09-19,92.88191223144531,32.72999954223633
2011-09-20,92.7737808227539,32.86000061035156
2011-09-21,90.04084777832031,37.31999969482422
2011-09-22,87.13033294677734,41.349998474121094
2011-09-23,87.65531158447266,41.25
2011-09-26,89.73976135253906,39.02000045776367
2011-09-27,90.743408203125,37.709999084472656
2011-09-28,88.89055633544922,41.08000183105469
2011-09-29,89.59307098388672,38.84000015258789
2011-09-30,87.3542251586914,42.959999084472656
2011-10-03,84.86830139160156,45.45000076293945
2011-10-04,86.7289047241211,40.81999969482422
2011-10-05,88.33465576171875,37.810001373291016
2011-10-06,89.9327621459961,36.27000045776367
2011-10-07,89.33058166503906,36.20000076293945
2011-10-10,92.31831359863281,33.02000045776367
2011-10-11,92.41095733642578,32.86000061035156
2011-10-12,93.22156524658203,31.260000228881836
2011-10-13,93.03633880615234,30.700000762939453
2011-10-14,94.62666320800781,28.239999771118164
2011-10-17,92.82015228271484,33.38999938964844
2011-10-18,94.6343994140625,31.559999465942383
2011-10-19,93.51493835449219,34.439998626708984
2011-10-20,93.92411804199219,34.779998779296875
2011-10-21,95.70752716064453,31.31999969482422
2011-10-24,96.88094329833984,29.260000228881836
2011-10-25,94.99722290039062,32.220001220703125
2011-10-26,95.96228790283203,29.860000610351562
2011-10-27,99.30512237548828,25.459999084472656
2011-10-28,99.2819595336914,24.530000686645508
2011-10-31,96.88870239257812,29.959999084472656
2011-11-01,94.18663787841797,34.77000045776367
2011-11-02,95.72295379638672,32.7400016784668
2011-11-03,97.46769714355469,30.5
2011-11-04,96.87324523925781,30.15999984741211
2011-11-07,97.47543334960938,29.850000381469727
2011-11-08,98.72610473632812,27.479999542236328
2011-11-09,95.08219909667969,36.15999984741211
2011-11-10,95.97772216796875,32.810001373291016
2011-11-11,97.78427124023438,30.040000915527344
2011-11-14,96.8578109741211,31.1299991607666
2011-11-15,97.33649444580078,31.219999313354492
2011-11-16,95.79243469238281,33.5099983215332
2011-11-17,94.2715835571289,34.5099983215332
2011-11-18,94.17117309570312,32.0
2011-11-21,92.3801040649414,32.90999984741211
2011-11-22,92.01725006103516,31.969999313354492
2011-11-23,89.98681640625,33.97999954223633
2011-11-25,89.8169937133789,34.470001220703125
2011-11-28,92.41868591308594,32.130001068115234
2011-11-29,92.68119049072266,30.639999389648438
2011-11-30,96.49494934082031,27.799999237060547
2011-12-01,96.47950744628906,27.40999984741211
2011-12-02,96.39457702636719,27.520000457763672
2011-12-05,97.4445571899414,27.84000015258789
2011-12-06,97.47543334960938,28.1299991607666
2011-12-07,97.8382568359375,28.670000076293945
2011-12-08,95.69207000732422,30.59000015258789
2011-12-09,97.31330871582031,26.3799991607666
2011-12-12,95.89278411865234,25.670000076293945
2011-12-13,94.99722290039062,25.40999984741211
2011-12-14,93.98587036132812,26.040000915527344
2011-12-15,94.3255844116211,25.110000610351562
2011-12-16,94.46542358398438,24.290000915527344
2011-12-19,93.45543670654297,24.920000076293945
2011-12-20,96.28341674804688,23.219999313354492
2011-12-21,96.46986389160156,21.43000030517578
2011-12-22,97.32447814941406,21.15999984741211
2011-12-23,98.1946029663086,20.729999542236328
2011-12-27,98.27232360839844,21.90999984741211
2011-12-28,96.98261260986328,23.520000457763672
2011-12-29,97.9848403930664,22.649999618530273
2011-12-30,97.503173828125,23.399999618530273
2012-01-03,99.05701446533203,22.969999313354492
2012-01-04,99.21240997314453,22.219999313354492
2012-01-05,99.47657012939453,21.479999542236328
2012-01-06,99.22015380859375,20.6299991607666
2012-01-09,99.46102905273438,21.06999969482422
2012-01-10,100.32340240478516,20.690000534057617
2012-01-11,100.37773132324219,21.049999237060547
2012-01-12,100.61859130859375,20.469999313354492
2012-01-13,100.09806823730469,20.90999984741211
2012-01-17,100.48654174804688,22.200000762939453
2012-01-18,101.59754943847656,20.889999389648438
2012-01-19,102.13359832763672,19.8700008392334
2012-01-20,102.5142822265625,18.280000686645508
2012-01-23,102.25013732910156,18.670000076293945
2012-01-24,102.13359832763672,18.90999984741211
2012-01-25,102.98821258544922,18.309999465942383
2012-01-26,102.45992279052734,18.56999969482422
2012-01-27,102.413330078125,18.530000686645508
2012-01-30,102.0636978149414,19.399999618530273
2012-01-31,102.02482604980469,19.440000534057617
2012-02-01,102.91830444335938,18.549999237060547
2012-02-02,103.08141326904297,17.979999542236328
2012-02-03,104.5265121459961,17.100000381469727
2012-02-06,104.45659637451172,17.760000228881836
2012-02-07,104.72074890136719,17.649999618530273
2012-02-08,105.03150939941406,18.15999984741211
2012-02-09,105.1635971069336,18.6299991607666
2012-02-10,104.3866195678711,20.790000915527344
2012-02-13,105.1635971069336,19.040000915527344
2012-02-14,105.03150939941406,19.540000915527344
2012-02-15,104.54205322265625,21.139999389648438
2012-02-16,105.69966125488281,19.219999313354492
2012-02-17,105.97933959960938,17.780000686645508
2012-02-21,106.02596282958984,18.190000534057617
2012-02-22,105.68415832519531,18.190000534057617
2012-02-23,106.1502914428711,16.799999237060547
2012-02-24,106.3833236694336,17.309999465942383
2012-02-27,106.56204223632812,18.190000534057617
2012-02-28,106.87279510498047,17.959999084472656
2012-02-29,106.45328521728516,18.43000030517578
2012-03-01,107.00486755371094,17.260000228881836
2012-03-02,106.67857360839844,17.290000915527344
2012-03-05,106.24352264404297,18.049999237060547
2012-03-06,104.68966674804688,20.8700008392334
2012-03-07,105.41993713378906,19.06999969482422
2012-03-08,106.46881103515625,17.950000762939453
2012-03-09,106.88056945800781,17.110000610351562
2012-03-12,106.88835144042969,15.640000343322754
2012-03-13,108.8150634765625,14.800000190734863
2012-03-14,108.69853210449219,15.3100004196167
2012-03-15,109.32782745361328,15.420000076293945
2012-03-16,109.479248046875,14.470000267028809
2012-03-19,109.9084243774414,15.039999961853027
2012-03-20,109.5885009765625,15.579999923706055
2012-03-21,109.40904235839844,15.130000114440918
2012-03-22,108.62088012695312,15.569999694824219
2012-03-23,108.9720458984375,14.819999694824219
2012-03-26,110.50149536132812,14.260000228881836
2012-03-27,110.15812683105469,15.59000015258789
2012-03-28,109.61188507080078,15.470000267028809
2012-03-29,109.42463684082031,15.479999542236328
2012-03-30,109.87718963623047,15.5
2012-04-02,110.68094635009766,15.640000343322754
2012-04-03,110.22830963134766,15.65999984741211
2012-04-04,109.13593292236328,16.440000534057617
2012-04-05,109.08126068115234,16.700000762939453
2012-04-09,107.8561782836914,18.809999465942383
2012-04-10,106.0457992553711,20.389999389648438
2012-04-11,106.90415954589844,20.020000457763672
2012-04-12,108.30095672607422,17.200000762939453
2012-04-13,107.01341247558594,19.549999237060547
2012-04-16,106.94318389892578,19.549999237060547
2012-04-17,108.52725219726562,18.459999084472656
2012-04-18,108.16051483154297,18.639999389648438
2012-04-19,107.46600341796875,18.360000610351562
2012-04-20,107.64547729492188,17.440000534057617
2012-04-23,106.7403335571289,18.969999313354492
2012-04-24,107.14608001708984,18.100000381469727
2012-04-25,108.61309814453125,16.81999969482422
2012-04-26,109.3700180053711,16.239999771118164
2012-04-27,109.5494384765625,16.31999969482422
2012-04-30,109.14368438720703,17.149999618530273
2012-05-01,109.82257843017578,16.600000381469727
2012-05-02,109.49488830566406,16.8799991607666
2012-05-03,108.659912109375,17.559999465942383
2012-05-04,106.90415954589844,19.15999984741211
2012-05-07,106.9822006225586,18.940000534057617
2012-05-08,106.55305480957031,19.049999237060547
2012-05-09,105.92100524902344,20.079999923706055
2012-05-10,106.13946533203125,18.829999923706055
2012-05-11,105.81951904296875,19.889999389648438
2012-05-14,104.64906311035156,21.8700008392334
2012-05-15,104.04818725585938,21.969999313354492
2012-05-16,103.6502456665039,22.270000457763672
2012-05-17,102.11297607421875,24.489999771118164
2012-05-18,101.23906707763672,25.100000381469727
2012-05-21,102.97917175292969,22.010000228881836
2012-05-22,103.15863800048828,22.479999542236328
2012-05-23,103.2132797241211,22.329999923706055
2012-05-24,103.4161148071289,21.540000915527344
2012-05-25,103.08059692382812,21.760000228881836
2012-05-29,104.3291015625,21.030000686645508
2012-05-30,102.8153076171875,24.139999389648438
2012-05-31,102.58900451660156,24.059999465942383
2012-06-01,100.00614929199219,26.65999984741211
2012-06-04,99.95930480957031,26.1200008392334
2012-06-05,100.71622467041016,24.68000030517578
2012-06-06,102.97917175292969,22.15999984741211
2012-06-07,103.04161071777344,21.719999313354492
2012-06-08,103.86096954345703,21.229999542236328
2012-06-11,102.54218292236328,23.559999465942383
2012-06-12,103.72045135498047,22.09000015258789
2012-06-13,103.05722045898438,24.270000457763672
2012-06-14,104.14962768554688,21.68000030517578
2012-06-15,105.21479797363281,21.110000610351562
2012-06-18,105.41875457763672,18.31999969482422
2012-06-19,106.43842315673828,18.3799991607666
2012-06-20,106.26587677001953,17.239999771118164
2012-06-21,103.88138580322266,20.079999923706055
2012-06-22,104.68147277832031,18.110000610351562
2012-06-25,103.00292205810547,20.3799991607666
2012-06-26,103.52058410644531,19.719999313354492
2012-06-27,104.45397186279297,19.450000762939453
2012-06-28,104.15593719482422,19.709999084472656
2012-06-29,106.752197265625,17.079999923706055
2012-07-02,107.0737533569336,16.799999237060547
2012-07-03,107.7796859741211,16.65999984741211
2012-07-05,107.29341125488281,17.5
2012-07-06,106.27371978759766,17.100000381469727
2012-07-09,106.140380859375,17.979999542236328
2012-07-10,105.21479797363281,18.719999313354492
2012-07-11,105.2304916381836,17.950000762939453
2012-07-12,104.72064971923828,18.329999923706055
2012-07-13,106.47764587402344,16.739999771118164
2012-07-16,106.22665405273438,17.110000610351562
2012-07-17,106.95611572265625,16.479999542236328
2012-07-18,107.74830627441406,16.15999984741211
2012-07-19,108.03069305419922,15.449999809265137
2012-07-20,107.04239654541016,16.270000457763672
2012-07-23,105.95996856689453,18.6200008392334
2012-07-24,105.05010223388672,20.469999313354492
2012-07-25,105.07363891601562,19.34000015258789
2012-07-26,106.80706787109375,17.530000686645508
2012-07-27,108.77581787109375,16.700000762939453
2012-07-30,108.77581787109375,18.030000686645508
2012-07-31,108.0150146484375,18.93000030517578
2012-08-01,107.9208755493164,18.959999084472656
2012-08-02,107.17572021484375,17.56999969482422
2012-08-03,109.30133056640625,15.640000343322754
2012-08-06,109.51311492919922,15.949999809265137
2012-08-07,110.0622329711914,15.989999771118164
2012-08-08,110.19554138183594,15.319999694824219
2012-08-09,110.28966522216797,15.279999732971191
2012-08-10,110.47005462646484,14.739999771118164
2012-08-13,110.41517639160156,13.699999809265137
2012-08-14,110.43084716796875,14.850000381469727
2012-08-15,110.55635070800781,14.630000114440918
2012-08-16,111.3720932006836,14.289999961853027
2012-08-17,111.52110290527344,13.449999809265137
2012-08-20,111.52893829345703,14.020000457763672
2012-08-21,111.19165802001953,15.020000457763672
2012-08-22,111.23871612548828,15.109999656677246
2012-08-23,110.32887268066406,15.960000038146973
2012-08-24,110.99555969238281,15.180000305175781
2012-08-27,111.01912689208984,16.350000381469727
2012-08-28,110.9092788696289,16.489999771118164
2012-08-29,110.99555969238281,17.059999465942383
2012-08-30,110.19554138183594,17.829999923706055
2012-08-31,110.7210464477539,17.469999313354492
2012-09-04,110.6191177368164,17.979999542236328
2012-09-05,110.52498626708984,17.739999771118164
2012-09-06,112.76823425292969,15.600000381469727
2012-09-07,113.20748901367188,14.380000114440918
2012-09-10,112.5643310546875,16.280000686645508
2012-09-11,112.8780517578125,16.40999984741211
2012-09-12,113.25457763671875,15.800000190734863
2012-09-13,114.98014831542969,14.050000190734863
2012-09-14,115.48999786376953,14.510000228881836
2012-09-17,115.09781646728516,14.59000015258789
2012-09-18,115.00373077392578,14.180000305175781
2012-09-19,115.06645202636719,13.880000114440918
2012-09-20,115.07427978515625,14.069999694824219
2012-09-21,115.0261459350586,13.979999542236328
2012-09-24,114.85272216796875,14.149999618530273
2012-09-25,113.63048553466797,15.430000305175781
2012-09-26,112.99170684814453,16.809999465942383
2012-09-27,114.0562515258789,14.84000015258789
2012-09-28,113.52793884277344,15.729999542236328
2012-10-01,113.82758331298828,16.31999969482422
2012-10-02,113.94584655761719,15.710000038146973
2012-10-03,114.41106414794922,15.430000305175781
2012-10-04,115.2311782836914,14.550000190734863
2012-10-05,115.2391128540039,14.329999923706055
2012-10-08,114.84484100341797,15.109999656677246
2012-10-09,113.70931243896484,16.3700008392334
2012-10-10,112.98381042480469,16.290000915527344
2012-10-11,113.04690551757812,15.59000015258789
2012-10-12,112.67630004882812,16.139999389648438
2012-10-15,113.61470031738281,15.270000457763672
2012-10-16,114.76593780517578,15.220000267028809
2012-10-17,115.28639221191406,15.069999694824219
2012-10-18,114.98677062988281,15.029999732971191
2012-10-19,113.07056427001953,17.059999465942383
2012-10-22,113.08637237548828,16.6200008392334
2012-10-23,111.51712799072266,18.829999923706055
2012-10-24,111.20170593261719,18.329999923706055
2012-10-25,111.5250473022461,18.1200008392334
2012-10-26,111.46192169189453,17.809999465942383
2012-10-31,111.46192169189453,18.600000381469727
2012-11-01,112.62898254394531,16.690000534057617
2012-11-02,111.62752532958984,17.59000015258789
2012-11-05,111.85621643066406,18.420000076293945
2012-11-06,112.73149871826172,17.579999923706055
2012-11-07,110.17659759521484,19.079999923706055
2012-11-08,108.85179901123047,18.489999771118164
2012-11-09,108.94647979736328,18.610000610351562
2012-11-12,109.03323364257812,16.68000030517578
2012-11-13,108.65469360351562,16.649999618530273
2012-11-14,107.18798065185547,17.920000076293945
2012-11-15,107.00659942626953,17.989999771118164
2012-11-16,107.53496551513672,16.40999984741211
2012-11-19,109.71137237548828,15.239999771118164
2012-11-20,109.7586669921875,15.079999923706055
2012-11-21,109.96369934082031,15.3100004196167
2012-11-23,111.46192169189453,15.140000343322754
2012-11-26,111.2253646850586,15.5
2012-11-27,110.6575927734375,15.920000076293945
2012-11-28,111.5487060546875,15.510000228881836
2012-11-29,112.069091796875,15.0600004196167
2012-11-30,112.0927963256836,15.869999885559082
2012-12-03,111.54078674316406,16.639999389648438
2012-12-04,111.38309478759766,17.1200008392334
2012-12-05,111.5802230834961,16.459999084472656
2012-12-06,111.95870971679688,16.579999923706055
2012-12-07,112.29779815673828,15.899999618530273
2012-12-10,112.34510803222656,16.049999237060547
2012-12-11,113.11003112792969,15.569999694824219
2012-12-12,113.16520690917969,15.949999809265137
2012-12-13,112.47126770019531,16.559999465942383
2012-12-14,112.05338287353516,17.0
2012-12-17,113.37023162841797,16.34000015258789
2012-12-18,114.63188934326172,15.569999694824219
2012-12-19,113.78025817871094,17.360000610351562
2012-12-20,114.4347915649414,17.670000076293945
2012-12-21,113.39604949951172,17.84000015258789
2012-12-24,113.0466079711914,17.84000015258789
2012-12-26,112.57013702392578,19.479999542236328
2012-12-27,112.41923522949219,19.469999313354492
2012-12-28,111.20416259765625,22.719999313354492
2012-12-31,113.09427642822266,18.020000457763672
2013-01-02,115.99284362792969,14.680000305175781
2013-01-03,115.73081970214844,14.5600004196167
2013-01-04,116.23905181884766,13.829999923706055
2013-01-07,115.9214096069336,13.789999961853027
2013-01-08,115.5878677368164,13.619999885559082
2013-01-09,115.88172149658203,13.8100004196167
2013-01-10,116.80287170410156,13.489999771118164
2013-01-11,116.7950439453125,13.359999656677246
2013-01-14,116.715576171875,13.520000457763672
2013-01-15,116.7950439453125,13.550000190734863
2013-01-16,116.77913665771484,13.420000076293945
2013-01-17,117.53358459472656,13.569999694824219
2013-01-18,117.79560852050781,12.460000038146973
2013-01-22,118.4309310913086,12.430000305175781
2013-01-23,118.62149810791016,12.460000038146973
2013-01-24,118.65328979492188,12.6899995803833
2013-01-25,119.32032775878906,12.890000343322754
2013-01-28,119.17745208740234,13.569999694824219
2013-01-29,119.64596557617188,13.3100004196167
2013-01-30,119.17745208740234,14.319999694824219
2013-01-31,118.88359832763672,14.279999732971191
2013-02-01,120.1065673828125,12.899999618530273
2013-02-04,118.75648498535156,14.670000076293945
2013-02-05,119.95573425292969,13.720000267028809
2013-02-06,120.04302978515625,13.40999984741211
2013-02-07,119.88420104980469,13.5
2013-02-08,120.55127716064453,13.020000457763672
2013-02-11,120.5274887084961,12.9399995803833
2013-02-12,120.72593688964844,12.640000343322754
2013-02-13,120.82923889160156,12.979999542236328
2013-02-14,120.94043731689453,12.65999984741211
2013-02-15,120.7974853515625,12.460000038146973
2013-02-19,121.70281219482422,12.3100004196167
2013-02-20,120.18598937988281,14.680000305175781
2013-02-21,119.45536804199219,15.220000267028809
2013-02-22,120.62275695800781,14.170000076293945
2013-02-25,118.3276596069336,18.989999771118164
2013-02-26,119.1376724243164,16.8700008392334
2013-02-27,120.63862609863281,14.729999542236328
2013-02-28,120.40039825439453,15.510000228881836
2013-03-01,120.7974853515625,15.359999656677246
2013-03-04,121.44072723388672,14.010000228881836
2013-03-05,122.52867126464844,13.479999542236328
2013-03-06,122.69546508789062,13.529999732971191
2013-03-07,122.9178466796875,13.0600004196167
2013-03-08,123.44198608398438,12.59000015258789
2013-03-11,123.91056060791016,11.5600004196167
2013-03-12,123.63256072998047,12.270000457763672
2013-03-13,123.80730438232422,11.829999923706055
2013-03-14,124.46639251708984,11.300000190734863
2013-03-15,124.30211639404297,11.300000190734863
2013-03-18,123.6161117553711,13.359999656677246
2013-03-19,123.32893371582031,14.390000343322754
2013-03-20,124.19042205810547,12.670000076293945
2013-03-21,123.1295166015625,13.989999771118164
2013-03-22,124.11861419677734,13.569999694824219
2013-03-25,123.60012817382812,13.739999771118164
2013-03-26,124.58929443359375,12.770000457763672
2013-03-27,124.58929443359375,13.149999618530273
2013-03-28,124.97212982177734,12.699999809265137
2013-04-01,124.4776382446289,13.579999923706055
2013-04-02,125.09178924560547,12.779999732971191
2013-04-03,123.8235092163086,14.210000038146973
2013-04-04,124.3260726928711,13.890000343322754
2013-04-05,123.76762390136719,13.920000076293945
2013-04-08,124.60523223876953,13.1899995803833
2013-04-09,125.03590393066406,12.84000015258789
2013-04-10,126.56747436523438,12.359999656677246
2013-04-11,126.98229217529297,12.239999771118164
2013-04-12,126.67122650146484,12.0600004196167
2013-04-15,123.73573303222656,17.270000457763672
2013-04-16,125.56241607666016,13.960000038146973
2013-04-17,123.727783203125,16.510000228881836
2013-04-18,122.95401763916016,17.559999465942383
2013-04-19,124.02289581298828,14.970000267028809
2013-04-22,124.57332611083984,14.390000343322754
2013-04-23,125.85757446289062,13.479999542236328
2013-04-24,125.9373779296875,13.609999656677246
2013-04-25,126.44786834716797,13.619999885559082
2013-04-26,126.22449493408203,13.609999656677246
2013-04-29,127.07007598876953,13.710000038146973
2013-04-30,127.37313842773438,13.520000457763672
2013-05-01,126.25640106201172,14.489999771118164
2013-05-02,127.42903137207031,13.59000015258789
2013-05-03,128.72122192382812,12.850000381469727
2013-05-06,129.0482940673828,12.65999984741211
2013-05-07,129.7023468017578,12.829999923706055
2013-05-08,130.29269409179688,12.65999984741211
2013-05-09,129.9257049560547,13.130000114440918
2013-05-10,130.34854125976562,12.59000015258789
2013-05-13,130.4521942138672,12.550000190734863
2013-05-14,131.80030822753906,12.770000457763672
2013-05-15,132.51022338867188,12.8100004196167
2013-05-16,131.8880157470703,13.069999694824219
2013-05-17,133.16427612304688,12.449999809265137
2013-05-20,133.1563262939453,13.020000457763672
2013-05-21,133.34780883789062,13.369999885559082
2013-05-22,132.35861206054688,13.819999694824219
2013-05-23,131.975830078125,14.069999694824219
2013-05-24,131.86410522460938,13.989999771118164
2013-05-28,132.65379333496094,14.479999542236328
2013-05-29,131.79225158691406,14.829999923706055
2013-05-30,132.27890014648438,14.529999732971191
2013-05-31,130.38040161132812,16.299999237060547
2013-06-03,131.09832763671875,16.280000686645508
2013-06-04,130.46812438964844,16.270000457763672
2013-06-05,128.64144897460938,17.5
2013-06-06,129.8060760498047,16.6299991607666
2013-06-07,131.4572296142578,15.140000343322754
2013-06-10,131.4572296142578,15.4399995803833
2013-06-11,130.1011962890625,17.06999969482422
2013-06-12,129.0244140625,18.59000015258789
2013-06-13,130.98663330078125,16.40999984741211
2013-06-14,130.16500854492188,17.149999618530273
2013-06-17,131.17010498046875,16.799999237060547
2013-06-18,132.20706176757812,16.610000610351562
2013-06-19,130.38040161132812,16.639999389648438
2013-06-20,127.14978790283203,20.489999771118164
2013-06-21,127.55793762207031,18.899999618530273
2013-06-24,125.94618225097656,20.110000610351562
2013-06-25,127.15702056884766,18.469999313354492
2013-06-26,128.41603088378906,17.209999084472656
2013-06-27,129.1697540283203,16.860000610351562
2013-06-28,128.6405792236328,16.860000610351562
2013-07-01,129.39431762695312,16.3700008392334
2013-07-02,129.2740020751953,16.440000534057617
2013-07-03,129.33013916015625,16.200000762939453
2013-07-05,130.7254638671875,14.890000343322754
2013-07-08,131.47122192382812,14.779999732971191
2013-07-09,132.41746520996094,14.350000381469727
2013-07-10,132.46559143066406,14.210000038146973
2013-07-11,134.26986694335938,14.010000228881836
2013-07-12,134.3260040283203,13.84000015258789
2013-07-15,134.83914184570312,13.789999961853027
2013-07-16,134.33396911621094,14.420000076293945
2013-07-17,134.67884826660156,13.779999732971191
2013-07-18,135.41656494140625,13.770000457763672
2013-07-19,135.6571807861328,12.539999961853027
2013-07-22,135.92176818847656,12.289999961853027
2013-07-23,135.63307189941406,12.65999984741211
2013-07-24,135.1359405517578,13.180000305175781
2013-07-25,135.46470642089844,12.970000267028809
2013-07-26,135.60897827148438,12.720000267028809
2013-07-29,135.1920623779297,13.390000343322754
2013-07-30,135.1920623779297,13.390000343322754
2013-07-31,135.28834533691406,13.449999809265137
2013-08-01,136.85198974609375,12.9399995803833
2013-08-02,137.0845489501953,11.979999542236328
2013-08-05,136.88404846191406,11.84000015258789
2013-08-06,136.10623168945312,12.720000267028809
2013-08-07,135.66517639160156,12.979999542236328
2013-08-08,136.16233825683594,12.729999542236328
2013-08-09,135.76939392089844,13.40999984741211
2013-08-12,135.60897827148438,12.8100004196167
2013-08-13,136.010009765625,12.3100004196167
2013-08-14,135.31231689453125,13.039999961853027
2013-08-15,133.41978454589844,14.729999542236328
2013-08-16,132.97877502441406,14.369999885559082
2013-08-19,132.12879943847656,15.100000381469727
2013-08-20,132.77835083007812,14.90999984741211
2013-08-21,131.96044921875,15.9399995803833
2013-08-22,133.16326904296875,14.760000228881836
2013-08-23,133.6122589111328,13.979999542236328
2013-08-26,133.1151123046875,14.989999771118164
2013-08-27,130.97406005859375,16.770000457763672
2013-08-28,131.43914794921875,16.489999771118164
2013-08-29,131.6476287841797,16.809999465942383
2013-08-30,131.23065185546875,17.010000228881836
2013-09-03,131.82408142089844,16.610000610351562
2013-09-04,132.91468811035156,15.880000114440918
2013-09-05,133.08303833007812,15.770000457763672
2013-09-06,133.14723205566406,15.850000381469727
2013-09-09,134.42225646972656,15.630000114440918
2013-09-10,135.41656494140625,14.529999732971191
2013-09-11,135.84161376953125,13.819999694824219
2013-09-12,135.48072814941406,14.289999961853027
2013-09-13,135.7854766845703,14.15999984741211
2013-09-16,136.5712890625,14.380000114440918
2013-09-17,137.1807861328125,14.529999732971191
2013-09-18,138.7685089111328,13.59000015258789
2013-09-19,138.5359649658203,13.15999984741211
2013-09-20,137.56741333007812,13.119999885559082
2013-09-23,136.9307861328125,14.3100004196167
2013-09-24,136.6085205078125,14.079999923706055
2013-09-25,136.213623046875,14.010000228881836
2013-09-26,136.73744201660156,14.0600004196167
2013-09-27,136.10891723632812,15.460000038146973
2013-09-30,135.38363647460938,16.600000381469727
2013-10-01,136.4553680419922,15.539999961853027
2013-10-02,136.32644653320312,16.600000381469727
2013-10-03,135.0694122314453,17.670000076293945
2013-10-04,136.09274291992188,16.739999771118164
2013-10-07,134.91627502441406,19.40999984741211
2013-10-08,133.344970703125,20.34000015258789
2013-10-09,133.4416046142578,19.600000381469727
2013-10-10,136.3184051513672,16.479999542236328
2013-10-11,137.1967315673828,15.720000267028809
2013-10-14,137.74465942382812,16.06999969482422
2013-10-15,136.74546813964844,18.65999984741211
2013-10-16,138.65524291992188,14.710000038146973
2013-10-17,139.58189392089844,13.479999542236328
2013-10-18,140.52468872070312,13.039999961853027
2013-10-21,140.53277587890625,13.15999984741211
2013-10-22,141.3466033935547,13.329999923706055
2013-10-23,140.6697540283203,13.420000076293945
2013-10-24,141.1370849609375,13.199999809265137
2013-10-25,141.78176879882812,13.09000015258789
2013-10-28,142.00735473632812,13.3100004196167
2013-10-29,142.7648162841797,13.40999984741211
2013-10-30,142.05572509765625,13.649999618530273
2013-10-31,141.65281677246094,13.75
2013-11-01,141.99124145507812,13.279999732971191
2013-11-04,142.49090576171875,12.930000305175781
2013-11-05,142.0395965576172,13.270000457763672
2013-11-06,142.7648162841797,12.670000076293945
2013-11-07,140.95977783203125,13.90999984741211
2013-11-08,142.86148071289062,12.899999618530273
2013-11-11,142.88568115234375,12.529999732971191
2013-11-12,142.59559631347656,12.819999694824219
2013-11-13,143.73988342285156,12.520000457763672
2013-11-14,144.4570770263672,12.369999885559082
2013-11-15,145.08555603027344,12.1899995803833
2013-11-18,144.5779266357422,13.100000381469727
2013-11-19,144.26368713378906,13.390000343322754
2013-11-20,143.8123779296875,13.399999618530273
2013-11-21,144.97279357910156,12.65999984741211
2013-11-22,145.6979522705078,12.260000228881836
2013-11-25,145.55294799804688,12.789999961853027
2013-11-26,145.59326171875,12.8100004196167
2013-11-27,145.94776916503906,12.979999542236328
2013-11-29,145.85107421875,13.699999809265137
2013-12-02,145.47235107421875,14.229999542236328
2013-12-03,144.84384155273438,14.550000190734863
2013-12-04,144.8277130126953,14.699999809265137
2013-12-05,144.19107055664062,15.079999923706055
2013-12-06,145.8026885986328,13.789999961853027
2013-12-09,146.1734619140625,13.489999771118164
2013-12-10,145.64967346191406,13.90999984741211
2013-12-11,144.01385498046875,15.420000076293945
2013-12-12,143.53843688964844,15.539999961853027
2013-12-13,143.52227783203125,15.760000228881836
2013-12-16,144.416748046875,16.030000686645508
2013-12-17,143.95745849609375,16.209999084472656
2013-12-18,146.41517639160156,13.800000190734863
2013-12-19,146.24594116210938,14.149999618530273
2013-12-20,147.09661865234375,13.789999961853027
2013-12-23,147.8825225830078,13.039999961853027
2013-12-24,148.2064971923828,12.479999542236328
2013-12-26,148.96005249023438,12.329999923706055
2013-12-27,148.9519500732422,12.460000038146973
2013-12-30,148.92767333984375,13.5600004196167
2013-12-31,149.63253784179688,13.720000267028809
2014-01-02,148.19847106933594,14.229999542236328
2014-01-03,148.17416381835938,13.760000228881836
2014-01-06,147.7447509765625,13.550000190734863
2014-01-07,148.65219116210938,12.920000076293945
2014-01-08,148.68455505371094,12.869999885559082
2014-01-09,148.78184509277344,12.890000343322754
2014-01-10,149.18692016601562,12.140000343322754
2014-01-13,147.2019500732422,13.279999732971191
2014-01-14,148.80606079101562,12.279999732971191
2014-01-15,149.60821533203125,12.279999732971191
2014-01-16,149.4137420654297,12.529999732971191
2014-01-17,148.78184509277344,12.4399995803833
2014-01-21,149.21926879882812,12.869999885559082
2014-01-22,149.3165283203125,12.84000015258789
2014-01-23,148.09317016601562,13.770000457763672
2014-01-24,144.9334259033203,18.139999389648438
2014-01-27,144.22052001953125,17.420000076293945
2014-01-28,145.0792236328125,15.800000190734863
2014-01-29,143.68569946289062,17.350000381469727
2014-01-30,145.20887756347656,17.290000915527344
2014-01-31,144.35821533203125,18.40999984741211
2014-02-03,141.109375,21.440000534057617
2014-02-04,142.0977783203125,19.110000610351562
2014-02-05,141.91952514648438,19.950000762939453
2014-02-06,143.79107666015625,17.229999542236328
2014-02-07,145.5735321044922,15.289999961853027
2014-02-10,145.8408203125,15.260000228881836
2014-02-11,147.43692016601562,14.510000228881836
2014-02-12,147.5098419189453,14.300000190734863
2014-02-13,148.27137756347656,14.140000343322754
2014-02-14,149.08966064453125,13.569999694824219
2014-02-18,149.2679443359375,13.869999885559082
2014-02-19,148.27947998046875,15.5
2014-02-20,149.1544952392578,14.789999961853027
2014-02-21,148.98435974121094,14.680000305175781
2014-02-24,149.8107147216797,14.229999542236328
2014-02-25,149.7539825439453,13.670000076293945
2014-02-26,149.76210021972656,14.350000381469727
2014-02-27,150.54803466796875,14.039999961853027
2014-02-28,150.92877197265625,14.0
2014-03-03,149.86741638183594,16.0
2014-03-04,151.9739227294922,14.100000381469727
2014-03-05,152.11167907714844,13.890000343322754
2014-03-06,152.46006774902344,14.210000038146973
2014-03-07,152.5248565673828,14.109999656677246
2014-03-10,152.44383239746094,14.199999809265137
2014-03-11,151.6903839111328,14.800000190734863
2014-03-12,151.73081970214844,14.470000267028809
2014-03-13,150.02947998046875,16.219999313354492
2014-03-14,149.60821533203125,17.81999969482422
2014-03-17,150.96119689941406,15.640000343322754
2014-03-18,152.03871154785156,14.520000457763672
2014-03-19,151.2285614013672,15.119999885559082
2014-03-20,152.11167907714844,14.520000457763672
2014-03-21,151.52169799804688,15.0
2014-03-24,150.89511108398438,15.09000015258789
2014-03-25,151.61122131347656,14.020000457763672
2014-03-26,150.52073669433594,14.930000305175781
2014-03-27,150.20339965820312,14.619999885559082
2014-03-28,150.94386291503906,14.40999984741211
2014-03-31,152.1808319091797,13.880000114440918
2014-04-01,153.18984985351562,13.100000381469727
2014-04-02,153.70254516601562,13.09000015258789
2014-04-03,153.49911499023438,13.369999885559082
2014-04-04,151.6843719482422,13.960000038146973
2014-04-07,150.00808715820312,15.569999694824219
2014-04-08,150.6265411376953,14.890000343322754
2014-04-09,152.24591064453125,13.819999694824219
2014-04-10,149.04783630371094,15.890000343322754
2014-04-11,147.7051544189453,17.030000686645508
2014-04-14,148.86883544921875,16.110000610351562
2014-04-15,149.89414978027344,15.609999656677246
2014-04-16,151.46473693847656,14.180000305175781
2014-04-17,151.67633056640625,13.359999656677246
2014-04-21,152.2052459716797,13.25
2014-04-22,152.89691162109375,13.1899995803833
2014-04-23,152.5388946533203,13.270000457763672
2014-04-24,152.84812927246094,13.319999694824219
2014-04-25,151.59486389160156,14.0600004196167
2014-04-28,152.07501220703125,13.970000267028809
2014-04-29,152.78305053710938,13.710000038146973
2014-04-30,153.23873901367188,13.40999984741211
2014-05-01,153.2549591064453,13.25
2014-05-02,153.0352325439453,12.90999984741211
2014-05-05,153.32823181152344,13.289999961853027
2014-05-06,151.99366760253906,13.800000190734863
2014-05-07,152.88877868652344,13.399999618530273
2014-05-08,152.7260284423828,13.430000305175781
2014-05-09,152.95382690429688,12.920000076293945
2014-05-12,154.4430389404297,12.229999542236328
2014-05-13,154.58139038085938,12.130000114440918
2014-05-14,153.84902954101562,12.170000076293945
2014-05-15,152.49819946289062,13.170000076293945
2014-05-16,153.02711486816406,12.4399995803833
2014-05-19,153.58860778808594,12.420000076293945
2014-05-20,152.62026977539062,12.960000038146973
2014-05-21,153.90602111816406,11.90999984741211
2014-05-22,154.2803192138672,12.029999732971191
2014-05-23,154.89877319335938,11.359999656677246
2014-05-27,155.85089111328125,11.510000228881836
2014-05-28,155.7369842529297,11.680000305175781
2014-05-29,156.5425567626953,11.569999694824219
2014-05-30,156.7947998046875,11.399999618530273
2014-06-02,156.97384643554688,11.579999923706055
2014-06-03,156.89244079589844,11.869999885559082
2014-06-04,157.2098388671875,12.079999923706055
2014-06-05,158.2351837158203,11.680000305175781
2014-06-06,158.99197387695312,10.729999542236328
2014-06-09,159.1547088623047,11.149999618530273
2014-06-10,159.1709747314453,10.989999771118164
2014-06-11,158.6176300048828,11.600000381469727
2014-06-12,157.4945831298828,12.5600004196167
2014-06-13,157.97476196289062,12.180000305175781
2014-06-16,158.10498046875,12.649999618530273
2014-06-17,158.54440307617188,12.0600004196167
2014-06-18,159.70803833007812,10.609999656677246
2014-06-19,159.88710021972656,10.619999885559082
2014-06-20,160.21177673339844,10.850000381469727
2014-06-23,160.1626739501953,10.979999542236328
2014-06-24,159.19778442382812,12.130000114440918
2014-06-25,159.91732788085938,11.59000015258789
2014-06-26,159.80288696289062,11.630000114440918
2014-06-27,160.1136016845703,11.260000228881836
2014-06-30,160.03184509277344,11.569999694824219
2014-07-01,161.10293579101562,11.149999618530273
2014-07-02,161.26654052734375,10.819999694824219
2014-07-03,162.05967712402344,10.319999694824219
2014-07-07,161.4954071044922,11.329999923706055
2014-07-08,160.45700073242188,11.979999542236328
2014-07-09,161.17649841308594,11.649999618530273
2014-07-10,160.5387725830078,12.59000015258789
2014-07-11,160.75955200195312,12.079999923706055
2014-07-14,161.5690460205078,11.819999694824219
2014-07-15,161.26654052734375,11.960000038146973
2014-07-16,161.86338806152344,11.0
2014-07-17,160.02366638183594,14.539999961853027
2014-07-18,161.65890502929688,12.0600004196167
2014-07-21,161.35641479492188,12.8100004196167
2014-07-22,162.05967712402344,12.239999771118164
2014-07-23,162.41941833496094,11.520000457763672
2014-07-24,162.42750549316406,11.84000015258789
2014-07-25,161.66717529296875,12.6899995803833
2014-07-28,161.7324981689453,12.5600004196167
2014-07-29,161.03753662109375,13.279999732971191
2014-07-30,161.06210327148438,13.329999923706055
2014-07-31,157.8813934326172,16.950000762939453
2014-08-01,157.39895629882812,17.030000686645508
2014-08-04,158.53549194335938,15.119999885559082
2014-08-05,156.99830627441406,16.8700008392334
2014-08-06,157.04736328125,16.3700008392334
2014-08-07,156.19703674316406,16.65999984741211
2014-08-08,158.00404357910156,15.770000457763672
2014-08-11,158.46192932128906,14.229999542236328
2014-08-12,158.24119567871094,14.130000114440918
2014-08-13,159.312255859375,12.899999618530273
2014-08-14,160.0645294189453,12.420000076293945
2014-08-15,160.03184509277344,13.149999618530273
2014-08-18,161.37277221679688,12.319999694824219
2014-08-19,162.21495056152344,12.210000038146973
2014-08-20,162.6482696533203,11.779999732971191
2014-08-21,163.12257385253906,11.760000228881836
2014-08-22,162.86907958984375,11.470000267028809
2014-08-25,163.6949005126953,11.699999809265137
2014-08-26,163.80120849609375,11.630000114440918
2014-08-27,163.73582458496094,11.779999732971191
2014-08-28,163.64585876464844,12.050000190734863
2014-08-29,164.11196899414062,12.09000015258789
2014-09-02,164.03016662597656,12.25
2014-09-03,163.94024658203125,12.359999656677246
2014-09-04,163.70309448242188,12.640000343322754
2014-09-05,164.43898010253906,12.09000015258789
2014-09-08,164.01385498046875,12.65999984741211
2014-09-09,162.97535705566406,13.5
2014-09-10,163.58865356445312,12.880000114440918
2014-09-11,163.7766876220703,12.800000190734863
2014-09-12,162.82005310058594,13.3100004196167
2014-09-15,162.69737243652344,14.119999885559082
2014-09-16,163.923828125,12.729999542236328
2014-09-17,164.14463806152344,12.649999618530273
2014-09-18,165.0195770263672,12.029999732971191
2014-09-19,164.870849609375,12.109999656677246
2014-09-22,163.59750366210938,13.6899995803833
2014-09-23,162.66102600097656,14.930000305175781
2014-09-24,163.934326171875,13.270000457763672
2014-09-25,161.2891845703125,15.640000343322754
2014-09-26,162.5706787109375,14.850000381469727
2014-09-29,162.27505493164062,15.979999542236328
2014-09-30,161.84774780273438,16.309999465942383
2014-10-01,159.6544189453125,16.709999084472656
2014-10-02,159.67906188964844,16.15999984741211
2014-10-03,161.43707275390625,14.550000190734863
2014-10-06,161.2481689453125,15.460000038146973
2014-10-07,158.75906372070312,17.200000762939453
2014-10-08,161.5356903076172,15.109999656677246
2014-10-09,158.3318634033203,18.760000228881836
2014-10-10,156.52459716796875,21.239999771118164
2014-10-13,153.95339965820312,24.639999389648438
2014-10-14,154.19158935546875,22.790000915527344
2014-10-15,153.14834594726562,25.270000457763672
2014-10-16,153.016845703125,25.200000762939453
2014-10-17,154.8241424560547,21.989999771118164
2014-10-20,156.3274688720703,18.56999969482422
2014-10-21,159.42445373535156,16.079999923706055
2014-10-22,158.2908172607422,17.8700008392334
2014-10-23,160.13088989257812,16.530000686645508
2014-10-24,161.3631134033203,16.110000610351562
2014-10-27,161.141357421875,16.040000915527344
2014-10-28,162.98963928222656,14.390000343322754
2014-10-29,162.74325561523438,15.149999618530273
2014-10-30,163.78643798828125,14.520000457763672
2014-10-31,165.65945434570312,14.029999732971191
2014-11-03,165.7498321533203,14.729999542236328
2014-11-04,165.1748504638672,14.890000343322754
2014-11-05,166.2180633544922,14.170000076293945
2014-11-06,166.8834686279297,13.670000076293945
2014-11-07,167.03953552246094,13.119999885559082
2014-11-10,167.56527709960938,12.670000076293945
2014-11-11,167.7295684814453,12.920000076293945
2014-11-12,167.54888916015625,13.020000457763672
2014-11-13,167.73780822753906,13.789999961853027
2014-11-14,167.77886962890625,13.3100004196167
2014-11-17,167.88563537597656,13.989999771118164
2014-11-18,168.85498046875,13.859999656677246
2014-11-19,168.5839385986328,13.960000038146973
2014-11-20,168.87973022460938,13.579999923706055
2014-11-21,169.78329467773438,12.899999618530273
2014-11-24,170.25975036621094,12.619999885559082
2014-11-25,170.13653564453125,12.25
2014-11-26,170.57192993164062,12.069999694824219
2014-11-28,170.21041870117188,13.329999923706055
2014-12-01,169.02752685546875,14.15999984741211
2014-12-02,170.1201171875,12.850000381469727
2014-12-03,170.77725219726562,12.5
2014-12-04,170.58834838867188,12.380000114440918
2014-12-05,170.86764526367188,11.890000343322754
2014-12-08,169.7257843017578,14.210000038146973
2014-12-09,169.61077880859375,15.350000381469727
2014-12-10,166.8917236328125,18.530000686645508
2014-12-11,167.73780822753906,20.079999923706055
2014-12-12,165.02691650390625,21.079999923706055
2014-12-15,163.89329528808594,20.420000076293945
2014-12-16,162.57891845703125,23.56999969482422
2014-12-17,165.76626586914062,19.440000534057617
2014-12-18,169.8654327392578,16.809999465942383
2014-12-19,170.58819580078125,16.489999771118164
2014-12-22,171.37289428710938,15.25
2014-12-23,171.6042022705078,14.800000190734863
2014-12-24,171.6207275390625,14.369999885559082
2014-12-26,172.17410278320312,14.5
2014-12-29,172.4054718017578,15.0600004196167
2014-12-30,171.48028564453125,15.920000076293945
2014-12-31,169.77871704101562,19.200000762939453
2015-01-02,169.68785095214844,17.790000915527344
2015-01-05,166.62335205078125,19.920000076293945
2015-01-06,165.05393981933594,21.1200008392334
2015-01-07,167.11068725585938,19.309999465942383
2015-01-08,170.0760955810547,17.010000228881836
2015-01-09,168.71316528320312,17.549999237060547
2015-01-12,167.39149475097656,19.600000381469727
2015-01-13,166.9207305908203,20.559999465942383
2015-01-14,165.91297912597656,21.479999542236328
2015-01-15,164.39306640625,22.389999389648438
2015-01-16,166.54904174804688,20.950000762939453
2015-01-20,166.90419006347656,19.889999389648438
2015-01-21,167.74671936035156,18.850000381469727
2015-01-22,170.2412872314453,16.399999618530273
2015-01-23,169.307861328125,16.65999984741211
2015-01-26,169.70436096191406,15.520000457763672
2015-01-27,167.4658660888672,17.219999313354492
2015-01-28,165.3182373046875,20.440000534057617
2015-01-29,166.84637451171875,18.760000228881836
2015-01-30,164.7482147216797,20.969999313354492
2015-02-02,166.7885284423828,19.43000030517578
2015-02-03,169.2004852294922,17.329999923706055
2015-02-04,168.55618286132812,18.329999923706055
2015-02-05,170.25779724121094,16.850000381469727
2015-02-06,169.78700256347656,17.290000915527344
2015-02-09,169.02700805664062,18.549999237060547
2015-02-10,170.82769775390625,17.229999542236328
2015-02-11,170.92686462402344,16.959999084472656
2015-02-12,172.57061767578125,15.34000015258789
2015-02-13,173.2809600830078,14.6899995803833
2015-02-17,173.55357360839844,15.800000190734863
2015-02-18,173.57009887695312,15.449999809265137
2015-02-19,173.4461669921875,15.289999961853027
2015-02-20,174.4870147705078,14.300000190734863
2015-02-23,174.4622039794922,14.5600004196167
2015-02-24,174.9578094482422,13.6899995803833
2015-02-25,174.80911254882812,13.84000015258789
2015-02-26,174.6026611328125,13.90999984741211
2015-02-27,174.00782775878906,13.34000015258789
2015-03-02,175.10646057128906,13.039999961853027
2015-03-03,174.3878631591797,13.859999656677246
2015-03-04,173.65269470214844,14.229999542236328
2015-03-05,173.8426971435547,14.039999961853027
2015-03-06,171.39768981933594,15.199999809265137
2015-03-09,172.10806274414062,15.0600004196167
2015-03-10,169.31614685058594,16.690000534057617
2015-03-11,168.9196014404297,16.8700008392334
2015-03-12,171.06724548339844,15.420000076293945
2015-03-13,170.0182342529297,16.0
2015-03-16,172.28981018066406,15.609999656677246
2015-03-17,171.77767944335938,15.65999984741211
2015-03-18,173.8426971435547,13.970000267028809
2015-03-19,173.04974365234375,14.069999694824219
2015-03-20,174.5771484375,13.020000457763672
2015-03-23,174.2369842529297,13.40999984741211
2015-03-24,173.25804138183594,13.619999885559082
2015-03-25,170.7190399169922,15.4399995803833
2015-03-26,170.3125457763672,15.800000190734863
2015-03-27,170.70252990722656,15.069999694824219
2015-03-30,172.7850341796875,14.510000228881836
2015-03-31,171.2750244140625,15.289999961853027
2015-04-01,170.66932678222656,15.109999656677246
2015-04-02,171.28334045410156,14.670000076293945
2015-04-06,172.43661499023438,14.739999771118164
2015-04-07,171.980224609375,14.779999732971191
2015-04-08,172.56101989746094,13.979999542236328
2015-04-09,173.3243408203125,13.09000015258789
2015-04-10,174.27020263671875,12.579999923706055
2015-04-13,173.4819793701172,13.9399995803833
2015-04-14,173.8138885498047,13.670000076293945
2015-04-15,174.5938262939453,12.84000015258789
2015-04-16,174.54403686523438,12.600000381469727
2015-04-17,172.53616333007812,13.890000343322754
2015-04-20,174.1125946044922,13.300000190734863
2015-04-21,173.9051513671875,13.25
2015-04-22,174.75973510742188,12.710000038146973
2015-04-23,175.19944763183594,12.479999542236328
2015-04-24,175.6060333251953,12.289999961853027
2015-04-27,174.87588500976562,13.119999885559082
2015-04-28,175.43177795410156,12.40999984741211
2015-04-29,174.70999145507812,13.390000343322754
2015-04-30,172.9593048095703,14.550000190734863
2015-05-01,174.83441162109375,12.699999809265137
2015-05-04,175.33224487304688,12.850000381469727
2015-05-05,173.3243408203125,14.3100004196167
2015-05-06,172.61085510253906,15.149999618530273
2015-05-07,173.29945373535156,15.130000114440918
2015-05-08,175.58120727539062,12.859999656677246
2015-05-11,174.7431640625,13.850000381469727
2015-05-12,174.2203826904297,13.859999656677246
2015-05-13,174.25363159179688,13.760000228881836
2015-05-14,176.0706787109375,12.739999771118164
2015-05-15,176.2615203857422,12.380000114440918
2015-05-18,176.80909729003906,12.729999542236328
2015-05-19,176.75094604492188,12.850000381469727
2015-05-20,176.62657165527344,12.880000114440918
2015-05-21,177.1409912109375,12.109999656677246
2015-05-22,176.71783447265625,12.130000114440918
2015-05-26,174.8178253173828,14.0600004196167
2015-05-27,176.47720336914062,13.270000457763672
2015-05-28,176.27804565429688,13.3100004196167
2015-05-29,175.18287658691406,13.84000015258789
2015-06-01,175.53964233398438,13.970000267028809
2015-06-02,175.3654022216797,14.239999771118164
2015-06-03,175.83004760742188,13.65999984741211
2015-06-04,174.3448944091797,14.710000038146973
2015-06-05,174.04620361328125,14.210000038146973
2015-06-08,172.97579956054688,15.289999961853027
2015-06-09,172.9509735107422,14.470000267028809
2015-06-10,175.02525329589844,13.220000267028809
2015-06-11,175.58944702148438,12.850000381469727
2015-06-12,174.24533081054688,13.779999732971191
2015-06-15,173.4986114501953,15.390000343322754
2015-06-16,174.44444274902344,14.8100004196167
2015-06-17,174.72654724121094,14.5
2015-06-18,176.5435333251953,13.1899995803833
2015-06-19,175.75987243652344,13.960000038146973
2015-06-22,176.66026306152344,12.739999771118164
2015-06-23,176.78538513183594,12.109999656677246
2015-06-24,175.5013885498047,13.260000228881836
2015-06-25,174.96786499023438,14.010000228881836
2015-06-26,174.9344940185547,14.020000457763672
2015-06-29,171.2660369873047,18.850000381469727
2015-06-30,171.62457275390625,18.229999542236328
2015-07-01,173.000244140625,16.09000015258789
2015-07-02,172.841796875,16.790000915527344
2015-07-06,172.34986877441406,17.010000228881836
2015-07-07,173.43377685546875,16.09000015258789
2015-07-08,170.52398681640625,19.65999984741211
2015-07-09,170.83245849609375,19.969999313354492
2015-07-10,172.9835205078125,16.829999923706055
2015-07-13,174.8927459716797,13.899999618530273
2015-07-14,175.65147399902344,13.369999885559082
2015-07-15,175.59315490722656,13.229999542236328
2015-07-16,177.002197265625,12.109999656677246
2015-07-17,177.1522216796875,11.949999809265137
2015-07-20,177.243896484375,12.25
2015-07-21,176.5435791015625,12.220000267028809
2015-07-22,176.226806640625,12.119999885559082
2015-07-23,175.23464965820312,12.640000343322754
2015-07-24,173.4170379638672,13.739999771118164
2015-07-27,172.4082794189453,15.600000381469727
2015-07-28,174.52597045898438,13.4399995803833
2015-07-29,175.7265167236328,12.5
2015-07-30,175.76824951171875,12.130000114440918
2015-07-31,175.5013885498047,12.119999885559082
2015-08-03,174.90948486328125,12.5600004196167
2015-08-04,174.56765747070312,13.0
2015-08-05,175.1429443359375,12.510000228881836
2015-08-06,173.70889282226562,13.770000457763672
2015-08-07,173.3754119873047,13.390000343322754
2015-08-10,175.559814453125,12.229999542236328
2015-08-11,173.9757537841797,13.710000038146973
2015-08-12,174.18411254882812,13.609999656677246
2015-08-13,173.9673614501953,13.489999771118164
2015-08-14,174.60096740722656,12.829999923706055
2015-08-17,175.57647705078125,13.020000457763672
2015-08-18,175.06787109375,13.789999961853027
2015-08-19,173.6838836669922,15.25
2015-08-20,170.05706787109375,19.139999389648438
2015-08-21,164.93801879882812,28.030000686645508
2015-08-24,157.99295043945312,40.7400016784668
2015-08-25,156.1336669921875,36.02000045776367
2015-08-26,162.1283416748047,30.31999969482422
2015-08-27,166.13858032226562,26.100000381469727
2015-08-28,166.14686584472656,26.049999237060547
2015-08-31,164.80459594726562,28.43000030517578
2015-09-01,159.88552856445312,31.399999618530273
2015-09-02,162.92034912109375,26.09000015258789
2015-09-03,163.0370635986328,25.610000610351562
2015-09-04,160.56915283203125,27.799999237060547
2015-09-08,164.60447692871094,24.899999618530273
2015-09-09,162.40347290039062,26.229999542236328
2015-09-10,163.28720092773438,24.3700008392334
2015-09-11,164.02919006347656,23.200000762939453
2015-09-14,163.4206085205078,24.25
2015-09-15,165.46322631835938,22.540000915527344
2015-09-16,166.8972625732422,21.350000381469727
2015-09-17,166.52206420898438,21.139999389648438
2015-09-18,163.8008575439453,22.280000686645508
2015-09-21,164.6472930908203,20.139999389648438
2015-09-22,162.51026916503906,22.440000534057617
2015-09-23,162.25047302246094,22.1299991607666
2015-09-24,161.66378784179688,23.469999313354492
2015-09-25,161.62188720703125,23.6200008392334
2015-09-28,157.5655975341797,27.6299991607666
2015-09-29,157.6577911376953,26.829999923706055
2015-09-30,160.5994415283203,24.5
2015-10-01,161.0184326171875,22.549999237060547
2015-10-02,163.42379760742188,20.940000534057617
2015-10-05,166.33177185058594,19.540000915527344
2015-10-06,165.761962890625,19.399999618530273
2015-10-07,167.11965942382812,18.399999618530273
2015-10-08,168.62815856933594,17.420000076293945
2015-10-09,168.72874450683594,17.079999923706055
2015-10-12,168.88800048828125,16.170000076293945
2015-10-13,167.82357788085938,17.670000076293945
2015-10-14,167.01904296875,18.030000686645508
2015-10-15,169.5835418701172,16.049999237060547
2015-10-16,170.35458374023438,15.050000190734863
2015-10-19,170.43833923339844,14.979999542236328
2015-10-20,170.2205047607422,15.75
2015-10-21,169.16455078125,16.700000762939453
2015-10-22,172.0223388671875,14.449999809265137
2015-10-23,173.90798950195312,14.460000038146973
2015-10-26,173.4805908203125,15.289999961853027
2015-10-27,173.14532470703125,15.430000305175781
2015-10-28,175.1149139404297,14.329999923706055
2015-10-29,175.01425170898438,14.609999656677246
2015-10-30,174.25997924804688,15.069999694824219
2015-11-02,176.32167053222656,14.149999618530273
2015-11-03,176.83287048339844,14.539999961853027
2015-11-04,176.29652404785156,15.510000228881836
2015-11-05,176.1204833984375,15.050000190734863
2015-11-06,176.02830505371094,14.329999923706055
2015-11-09,174.3856964111328,16.520000457763672
2015-11-10,174.78797912597656,15.289999961853027
2015-11-11,174.10081481933594,16.059999465942383
2015-11-12,171.67034912109375,18.3700008392334
2015-11-13,169.74273681640625,20.079999923706055
2015-11-16,172.3240509033203,18.15999984741211
2015-11-17,172.19830322265625,18.84000015258789
2015-11-18,174.930419921875,16.850000381469727
2015-11-19,174.7796173095703,16.989999771118164
2015-11-20,175.41650390625,15.470000267028809
2015-11-23,175.2154083251953,15.619999885559082
2015-11-24,175.4500732421875,15.930000305175781
2015-11-25,175.42491149902344,15.1899995803833
2015-11-27,175.62603759765625,15.119999885559082
2015-11-30,174.8969268798828,16.1299991607666
2015-12-01,176.564697265625,14.670000076293945
2015-12-02,174.7627716064453,15.90999984741211
2015-12-03,172.315673828125,18.110000610351562
2015-12-04,175.67633056640625,14.8100004196167
2015-12-07,174.61195373535156,15.84000015258789
2015-12-08,173.43865966796875,17.600000381469727
2015-12-09,172.08938598632812,19.610000610351562
2015-12-10,172.5335693359375,19.34000015258789
2015-12-11,169.1896514892578,24.389999389648438
2015-12-14,170.04452514648438,22.729999542236328
2015-12-15,171.82958984375,20.950000762939453
2015-12-16,174.34373474121094,17.860000610351562
2015-12-17,171.68711853027344,18.940000534057617
2015-12-18,168.6284942626953,20.700000762939453
2015-12-21,170.01956176757812,18.700000762939453
2015-12-22,171.5623016357422,16.600000381469727
2015-12-23,173.68690490722656,15.569999694824219
2015-12-24,173.40016174316406,15.739999771118164
2015-12-28,173.00396728515625,16.90999984741211
2015-12-29,174.8502197265625,16.079999923706055
2015-12-30,173.61094665527344,17.290000915527344
2015-12-31,171.8742218017578,18.209999084472656
2016-01-04,169.47152709960938,20.700000762939453
2016-01-05,169.7582244873047,19.34000015258789
2016-01-06,167.61680603027344,20.59000015258789
2016-01-07,163.59544372558594,24.989999771118164
2016-01-08,161.79971313476562,27.010000228881836
2016-01-11,161.95985412597656,24.299999237060547
2016-01-12,163.2666473388672,22.469999313354492
2016-01-13,159.19467163085938,25.219999313354492
2016-01-14,161.80813598632812,23.950000762939453
2016-01-15,158.33473205566406,27.020000457763672
2016-01-19,158.5454864501953,26.049999237060547
2016-01-20,156.51376342773438,27.59000015258789
2016-01-21,157.39053344726562,26.690000534057617
2016-01-22,160.61941528320312,22.34000015258789
2016-01-25,158.1914520263672,24.149999618530273
2016-01-26,160.34962463378906,22.5
2016-01-27,158.60452270507812,23.110000610351562
2016-01-28,159.43072509765625,22.420000076293945
2016-01-29,163.3172607421875,20.200000762939453
2016-02-01,163.25820922851562,19.979999542236328
2016-02-02,160.3159637451172,21.979999542236328
2016-02-03,161.2770233154297,21.649999618530273
2016-02-04,161.52992248535156,21.84000015258789
2016-02-05,158.4528045654297,23.3799991607666
2016-02-08,156.31985473632812,26.0
2016-02-09,156.32826232910156,26.540000915527344
2016-02-10,156.19338989257812,26.290000915527344
2016-02-11,154.16162109375,28.139999389648438
2016-02-12,157.3399200439453,25.399999618530273
2016-02-16,159.99560546875,24.110000610351562
2016-02-17,162.6090545654297,22.309999465942383
2016-02-18,161.9430389404297,21.639999389648438
2016-02-19,161.86717224121094,20.530000686645508
2016-02-22,164.2108612060547,19.3799991607666
2016-02-23,162.13697814941406,20.979999542236328
2016-02-24,162.87884521484375,20.719999313354492
2016-02-25,164.85154724121094,19.110000610351562
2016-02-26,164.4722442626953,19.809999465942383
2016-02-29,163.18234252929688,20.549999237060547
2016-03-01,167.01828002929688,17.700000762939453
2016-03-02,167.76853942871094,17.09000015258789
2016-03-03,168.4261474609375,16.700000762939453
2016-03-04,168.97418212890625,16.860000610351562
2016-03-07,169.10899353027344,17.350000381469727
2016-03-08,167.26271057128906,18.670000076293945
2016-03-09,168.08897399902344,18.34000015258789
2016-03-10,168.22378540039062,18.049999237060547
2016-03-11,170.93844604492188,16.5
2016-03-14,170.71926879882812,16.920000076293945
2016-03-15,170.44107055664062,16.84000015258789
2016-03-16,171.42742919921875,14.989999771118164
2016-03-17,172.51498413085938,14.4399995803833
2016-03-18,173.19293212890625,14.020000457763672
2016-03-21,173.4386444091797,13.789999961853027
2016-03-22,173.34542846679688,14.170000076293945
2016-03-23,172.20143127441406,14.9399995803833
2016-03-24,172.1251983642578,14.739999771118164
2016-03-28,172.22691345214844,15.239999771118164
2016-03-29,173.8199920654297,13.819999694824219
2016-03-30,174.58265686035156,13.5600004196167
2016-03-31,174.15896606445312,13.949999809265137
2016-04-01,175.34530639648438,13.100000381469727
2016-04-04,174.777587890625,14.119999885559082
2016-04-05,173.03189086914062,15.420000076293945
2016-04-06,174.921630859375,14.09000015258789
2016-04-07,172.82846069335938,16.15999984741211
2016-04-08,173.29458618164062,15.359999656677246
2016-04-11,172.8878173828125,16.260000228881836
2016-04-12,174.49789428710938,14.850000381469727
2016-04-13,176.26051330566406,13.84000015258789
2016-04-14,176.26905822753906,13.720000267028809
2016-04-15,176.07411193847656,13.619999885559082
2016-04-18,177.31130981445312,13.350000381469727
2016-04-19,177.87057495117188,13.239999771118164
2016-04-20,178.04006958007812,13.279999732971191
2016-04-21,177.0824737548828,13.949999809265137
2016-04-22,177.0824737548828,13.220000267028809
2016-04-25,176.77740478515625,14.079999923706055
2016-04-26,177.0401153564453,13.960000038146973
2016-04-27,177.40452575683594,13.770000457763672
2016-04-28,175.79441833496094,15.220000267028809
2016-04-29,174.84535217285156,15.699999809265137
2016-05-02,176.23509216308594,14.680000305175781
2016-05-03,174.7013702392578,15.600000381469727
2016-05-04,173.7268524169922,16.049999237060547
2016-05-05,173.69284057617188,15.90999984741211
2016-05-06,174.32843017578125,14.720000267028809
2016-05-09,174.4724578857422,14.569999694824219
2016-05-10,176.64181518554688,13.630000114440918
2016-05-11,174.98941040039062,14.6899995803833
2016-05-12,175.0402374267578,14.40999984741211
2016-05-13,173.51490783691406,15.039999961853027
2016-05-16,175.22665405273438,14.680000305175781
2016-05-17,173.5912322998047,15.569999694824219
2016-05-18,173.6420135498047,15.949999809265137
2016-05-19,173.0404052734375,16.329999923706055
2016-05-20,174.13356018066406,15.199999809265137
2016-05-23,173.89627075195312,15.819999694824219
2016-05-24,176.150390625,14.420000076293945
2016-05-25,177.34518432617188,13.899999618530273
2016-05-26,177.3960418701172,13.430000305175781
2016-05-27,178.15870666503906,13.119999885559082
2016-05-31,177.81973266601562,14.1899995803833
2016-06-01,178.1841583251953,14.199999809265137
2016-06-02,178.7264862060547,13.630000114440918
2016-06-03,178.19261169433594,13.470000267028809
2016-06-06,179.09934997558594,13.649999618530273
2016-06-07,179.3789520263672,14.050000190734863
2016-06-08,179.9636688232422,14.079999923706055
2016-06-09,179.7179718017578,14.640000343322754
2016-06-10,178.01467895507812,17.030000686645508
2016-06-13,176.64181518554688,20.969999313354492
2016-06-14,176.2943878173828,20.5
2016-06-15,176.04867553710938,20.139999389648438
2016-06-16,176.57403564453125,19.3700008392334
2016-06-17,175.9164581298828,19.40999984741211
2016-06-20,177.04934692382812,18.3700008392334
2016-06-21,177.55194091796875,18.479999542236328
2016-06-22,177.26234436035156,21.170000076293945
2016-06-23,179.5707550048828,17.25
2016-06-24,173.12252807617188,25.760000228881836
2016-06-27,170.02194213867188,23.850000381469727
2016-06-28,173.08840942382812,18.75
2016-06-29,176.0356903076172,16.639999389648438
2016-06-30,178.4378204345703,15.630000114440918
2016-07-01,178.81265258789062,14.770000457763672
2016-07-05,177.52639770507812,15.579999923706055
2016-07-06,178.59117126464844,14.960000038146973
2016-07-07,178.48040771484375,14.760000228881836
2016-07-08,181.13804626464844,13.199999809265137
2016-07-11,181.7769775390625,13.539999961853027
2016-07-12,183.09730529785156,13.550000190734863
2016-07-13,183.07167053222656,13.039999961853027
2016-07-14,184.09390258789062,12.819999694824219
2016-07-15,183.8468017578125,12.670000076293945
2016-07-18,184.3408966064453,12.4399995803833
2016-07-19,184.1534881591797,11.970000267028809
2016-07-20,184.920166015625,11.770000457763672
2016-07-21,184.22166442871094,12.739999771118164
2016-07-22,185.0479278564453,12.020000457763672
2016-07-25,184.54531860351562,12.869999885559082
2016-07-26,184.63050842285156,13.050000190734863
2016-07-27,184.43455505371094,12.829999923706055
2016-07-28,184.6475372314453,12.720000267028809
2016-07-29,184.94569396972656,11.869999885559082
2016-08-01,184.79238891601562,12.4399995803833
2016-08-02,183.60833740234375,13.369999885559082
2016-08-03,184.1449737548828,12.859999656677246
2016-08-04,184.3408966064453,12.420000076293945
2016-08-05,185.8485870361328,11.390000343322754
2016-08-08,185.7378692626953,11.5
2016-08-09,185.8485870361328,11.65999984741211
2016-08-10,185.38864135742188,12.050000190734863
2016-08-11,186.2489776611328,11.680000305175781
2016-08-12,186.08714294433594,11.550000190734863
2016-08-15,186.62376403808594,11.8100004196167
2016-08-16,185.66119384765625,12.640000343322754
2016-08-17,186.0104522705078,12.1899995803833
2016-08-18,186.42782592773438,11.430000305175781
2016-08-19,186.15525817871094,11.34000015258789
2016-08-22,186.14674377441406,12.270000457763672
2016-08-23,186.52154541015625,12.380000114440918
2016-08-24,185.5675048828125,13.449999809265137
2016-08-25,185.43971252441406,13.630000114440918
2016-08-26,185.0904998779297,13.649999618530273
2016-08-29,186.00196838378906,12.9399995803833
2016-08-30,185.69529724121094,13.119999885559082
2016-08-31,185.16712951660156,13.420000076293945
2016-09-01,185.17568969726562,13.479999542236328
2016-09-02,186.0104522705078,11.979999542236328
2016-09-06,186.57261657714844,12.020000457763672
2016-09-07,186.55564880371094,11.9399995803833
2016-09-08,186.12969970703125,12.510000228881836
2016-09-09,181.6747283935547,17.5
2016-09-12,184.28126525878906,15.15999984741211
2016-09-13,181.63214111328125,17.850000381469727
2016-09-14,181.56396484375,18.139999389648438
2016-09-15,183.37832641601562,16.299999237060547
2016-09-16,182.66946411132812,15.369999885559082
2016-09-19,182.7037353515625,15.529999732971191
2016-09-20,182.71226501464844,15.920000076293945
2016-09-21,184.76693725585938,13.300000190734863
2016-09-22,185.93124389648438,12.020000457763672
2016-09-23,184.9125518798828,12.289999961853027
2016-09-26,183.41429138183594,14.5
2016-09-27,184.55291748046875,13.100000381469727
2016-09-28,185.46896362304688,12.390000343322754
2016-09-29,183.7909393310547,14.020000457763672
2016-09-30,185.1779022216797,13.289999961853027
2016-10-03,184.73269653320312,13.569999694824219
2016-10-04,183.7909393310547,13.630000114440918
2016-10-05,184.60433959960938,12.989999771118164
2016-10-06,184.73269653320312,12.84000015258789
2016-10-07,184.09918212890625,13.479999542236328
2016-10-10,185.0580291748047,13.380000114440918
2016-10-11,182.72079467773438,15.359999656677246
2016-10-12,182.96055603027344,15.90999984741211
2016-10-13,182.36126708984375,16.690000534057617
2016-10-14,182.4554443359375,16.1200008392334
2016-10-17,181.82191467285156,16.209999084472656
2016-10-18,182.96055603027344,15.279999732971191
2016-10-19,183.44862365722656,14.40999984741211
2016-10-20,183.1061248779297,13.75
2016-10-21,183.19175720214844,13.34000015258789
2016-10-24,183.97076416015625,13.020000457763672
2016-10-25,183.3543701171875,13.460000038146973
2016-10-26,182.98629760742188,14.239999771118164
2016-10-27,182.49826049804688,15.359999656677246
2016-10-28,181.9589385986328,16.190000534057617
2016-10-31,181.96749877929688,17.059999465942383
2016-11-01,180.6490020751953,18.559999465942383
2016-11-02,179.56182861328125,19.31999969482422
2016-11-03,178.73983764648438,22.079999923706055
2016-11-04,178.54296875,22.510000228881836
2016-11-07,182.4811248779297,18.709999084472656
2016-11-08,183.30299377441406,18.739999771118164
2016-11-09,185.24642944335938,14.380000114440918
2016-11-10,185.7086639404297,14.739999771118164
2016-11-11,185.2806396484375,14.170000076293945
2016-11-14,185.4261474609375,14.479999542236328
2016-11-15,186.87306213378906,13.369999885559082
2016-11-16,186.52203369140625,13.720000267028809
2016-11-17,187.48081970214844,13.350000381469727
2016-11-18,187.0613250732422,12.850000381469727
2016-11-21,188.47396850585938,12.420000076293945
2016-11-22,188.84207153320312,12.40999984741211
2016-11-23,188.94483947753906,12.430000305175781
2016-11-25,189.64682006835938,12.34000015258789
2016-11-28,188.75645446777344,13.149999618530273
2016-11-29,189.1245880126953,12.899999618530273
2016-11-30,188.67079162597656,13.329999923706055
2016-12-01,187.97740173339844,14.069999694824219
2016-12-02,188.0715789794922,14.119999885559082
2016-12-05,189.20162963867188,12.140000343322754
2016-12-06,189.80093383789062,11.789999961853027
2016-12-07,192.28369140625,12.220000267028809
2016-12-08,192.75450134277344,12.640000343322754
2016-12-09,193.91880798339844,11.75
2016-12-12,193.6962127685547,12.640000343322754
2016-12-13,194.98904418945312,12.720000267028809
2016-12-14,193.37948608398438,13.1899995803833
2016-12-15,194.17567443847656,12.789999961853027
2016-12-16,193.7958984375,12.199999809265137
2016-12-19,194.21788024902344,11.710000038146973
2016-12-20,194.96710205078125,11.449999809265137
2016-12-21,194.42459106445312,11.270000457763672
2016-12-22,194.08871459960938,11.430000305175781
2016-12-23,194.3728790283203,11.4399995803833
2016-12-27,194.85516357421875,11.989999771118164
2016-12-28,193.2447967529297,12.949999809265137
2016-12-29,193.2017364501953,13.369999885559082
2016-12-30,192.49554443359375,14.039999961853027
2017-01-03,193.96815490722656,12.850000381469727
2017-01-04,195.1220703125,11.850000381469727
2017-01-05,194.96710205078125,11.670000076293945
2017-01-06,195.6646728515625,11.319999694824219
2017-01-09,195.01876831054688,11.5600004196167
2017-01-10,195.01876831054688,11.489999771118164
2017-01-11,195.56983947753906,11.260000228881836
2017-01-12,195.0790557861328,11.539999961853027
2017-01-13,195.52687072753906,11.229999542236328
2017-01-17,194.83787536621094,11.869999885559082
2017-01-18,195.2684783935547,12.479999542236328
2017-01-19,194.5451202392578,12.779999732971191
2017-01-20,195.25991821289062,11.539999961853027
2017-01-23,194.75180053710938,11.770000457763672
2017-01-24,196.00045776367188,11.069999694824219
2017-01-25,197.69699096679688,10.8100004196167
2017-01-26,197.49034118652344,10.630000114440918
2017-01-27,197.18026733398438,10.579999923706055
2017-01-30,195.95741271972656,11.880000114440918
2017-01-31,195.940185546875,11.989999771118164
2017-02-01,196.0177001953125,11.8100004196167
2017-02-02,196.14691162109375,11.930000305175781
2017-02-03,197.4989013671875,10.970000267028809
2017-02-06,197.1458740234375,11.369999885559082
2017-02-07,197.15444946289062,11.289999961853027
2017-02-08,197.4127960205078,11.449999809265137
2017-02-09,198.58396911621094,10.880000114440918
2017-02-10,199.36761474609375,10.850000381469727
2017-02-13,200.45274353027344,11.069999694824219
2017-02-14,201.2535858154297,10.739999771118164
2017-02-15,202.30416870117188,11.970000267028809
2017-02-16,202.13198852539062,11.760000228881836
2017-02-17,202.4505615234375,11.489999771118164
2017-02-21,203.65623474121094,11.569999694824219
2017-02-22,203.47535705566406,11.739999771118164
2017-02-23,203.6131591796875,11.710000038146973
2017-02-24,203.8715362548828,11.470000267028809
2017-02-27,204.19015502929688,12.09000015258789
2017-02-28,203.6389923095703,12.920000076293945
2017-03-01,206.4894561767578,12.539999961853027
2017-03-02,205.18910217285156,11.8100004196167
2017-03-03,205.31822204589844,10.960000038146973
2017-03-06,204.70687866210938,11.239999771118164
2017-03-07,204.0954132080078,11.449999809265137
2017-03-08,203.7164764404297,11.859999656677246
2017-03-09,203.97483825683594,12.300000190734863
2017-03-10,204.6896209716797,11.65999984741211
2017-03-13,204.79293823242188,11.350000381469727
2017-03-14,204.00929260253906,12.300000190734863
2017-03-15,205.77468872070312,11.630000114440918
2017-03-16,205.3699493408203,11.210000038146973
2017-03-17,205.00921630859375,11.279999732971191
2017-03-20,204.78436279296875,11.34000015258789
2017-03-21,202.1550750732422,12.470000267028809
2017-03-22,202.63075256347656,12.8100004196167
2017-03-23,202.41455078125,13.119999885559082
2017-03-24,202.2674560546875,12.960000038146973
2017-03-27,202.05992126464844,12.5
2017-03-28,203.53025817871094,11.529999732971191
2017-03-29,203.7205352783203,11.420000076293945
2017-03-30,204.36923217773438,11.539999961853027
2017-03-31,203.8935089111328,12.369999885559082
2017-04-03,203.53890991210938,12.380000114440918
2017-04-04,203.6686553955078,11.789999961853027
2017-04-05,203.0631866455078,12.890000343322754
2017-04-06,203.634033203125,12.390000343322754
2017-04-07,203.42649841308594,12.869999885559082
2017-04-10,203.5475311279297,14.050000190734863
2017-04-11,203.305419921875,15.069999694824219
2017-04-12,202.41455078125,15.770000457763672
2017-04-13,201.09991455078125,15.960000038146973
2017-04-17,202.8816375732422,14.65999984741211
2017-04-18,202.27615356445312,14.420000076293945
2017-04-19,201.9042205810547,14.930000305175781
2017-04-20,203.5475311279297,14.149999618530273
2017-04-21,202.89892578125,14.630000114440918
2017-04-24,205.13034057617188,10.84000015258789
2017-04-25,206.32394409179688,10.760000228881836
2017-04-26,206.19415283203125,10.850000381469727
2017-04-27,206.36720275878906,10.359999656677246
2017-04-28,205.91744995117188,10.819999694824219
2017-05-01,206.4363250732422,10.109999656677246
2017-05-02,206.5142059326172,10.59000015258789
2017-05-03,206.26339721679688,10.680000305175781
2017-05-04,206.50552368164062,10.460000038146973
2017-05-05,207.31854248046875,10.569999694824219
2017-05-08,207.2839813232422,9.770000457763672
2017-05-09,207.09373474121094,9.960000038146973
2017-05-10,207.46560668945312,10.210000038146973
2017-05-11,207.04183959960938,10.600000381469727
2017-05-12,206.69580078125,10.399999618530273
2017-05-15,207.8375244140625,10.420000076293945
2017-05-16,207.64724731445312,10.649999618530273
2017-05-17,203.96275329589844,15.59000015258789
2017-05-18,204.78436279296875,14.65999984741211
2017-05-19,206.11631774902344,12.039999961853027
2017-05-22,207.1629180908203,10.930000305175781
2017-05-23,207.62130737304688,10.720000267028809
2017-05-24,208.10565185546875,10.020000457763672
2017-05-25,209.1002960205078,9.989999771118164
2017-05-26,209.05703735351562,9.8100004196167
2017-05-30,208.87539672851562,10.380000114440918
2017-05-31,208.82351684570312,10.40999984741211
2017-06-01,210.48411560058594,9.890000343322754
2017-06-02,211.18470764160156,9.75
2017-06-05,211.02903747558594,10.069999694824219
2017-06-06,210.35438537597656,10.449999809265137
2017-06-07,210.7436065673828,10.390000343322754
2017-06-08,210.84739685058594,10.15999984741211
2017-06-09,210.52734375,10.699999809265137
2017-06-12,210.48411560058594,11.460000038146973
2017-06-13,211.5133514404297,10.420000076293945
2017-06-14,211.24525451660156,10.640000343322754
2017-06-15,210.8387451171875,10.899999618530273
2017-06-16,210.88482666015625,10.380000114440918
2017-06-19,212.64047241210938,10.369999885559082
2017-06-20,211.2063446044922,10.859999656677246
2017-06-21,211.15423583984375,10.75
2017-06-22,211.0586395263672,10.479999542236328
2017-06-23,211.31069946289062,10.020000457763672
2017-06-26,211.44976806640625,9.899999618530273
2017-06-27,209.74627685546875,11.0600004196167
2017-06-28,211.6235809326172,10.029999732971191
2017-06-29,209.7636260986328,11.4399995803833
2017-06-30,210.15478515625,11.180000305175781
2017-07-03,210.51109313964844,11.220000267028809
2017-07-05,210.99778747558594,11.069999694824219
2017-07-06,209.06832885742188,12.539999961853027
2017-07-07,210.42416381835938,11.1899995803833
2017-07-10,210.65017700195312,11.109999656677246
2017-07-11,210.4936981201172,10.890000343322754
2017-07-12,212.0755157470703,10.300000190734863
2017-07-13,212.43185424804688,9.899999618530273
2017-07-14,213.4226531982422,9.510000228881836
2017-07-17,213.39654541015625,9.819999694824219
2017-07-18,213.5095672607422,9.890000343322754
2017-07-19,214.66551208496094,9.789999961853027
2017-07-20,214.7611083984375,9.579999923706055
2017-07-21,214.56993103027344,9.359999656677246
2017-07-24,214.51780700683594,9.430000305175781
2017-07-25,215.03919982910156,9.430000305175781
2017-07-26,215.04788208007812,9.600000381469727
2017-07-27,214.8480224609375,10.109999656677246
2017-07-28,214.59603881835938,10.289999961853027
2017-07-31,214.47425842285156,10.260000228881836
2017-08-01,214.9523162841797,10.09000015258789
2017-08-02,215.056640625,10.279999732971191
2017-08-03,214.63941955566406,10.4399995803833
2017-08-04,215.0305633544922,10.029999732971191
2017-08-07,215.43031311035156,9.930000305175781
2017-08-08,214.90016174316406,10.960000038146973
2017-08-09,214.89149475097656,11.109999656677246
2017-08-10,211.85826110839844,16.040000915527344
2017-08-11,212.17111206054688,15.510000228881836
2017-08-14,214.27444458007812,12.329999923706055
2017-08-15,214.248291015625,12.039999961853027
2017-08-16,214.62205505371094,11.739999771118164
2017-08-17,211.27593994140625,15.550000190734863
2017-08-18,210.94561767578125,14.260000228881836
2017-08-21,211.11077880859375,13.1899995803833
2017-08-22,213.31838989257812,11.350000381469727
2017-08-23,212.5535430908203,12.25
2017-08-24,212.0581512451172,12.229999542236328
2017-08-25,212.5535430908203,11.279999732971191
2017-08-28,212.56224060058594,11.319999694824219
2017-08-29,212.80557250976562,11.699999809265137
2017-08-30,213.81375122070312,11.220000267028809
2017-08-31,215.10011291503906,10.59000015258789
2017-09-01,215.404296875,10.130000114440918
2017-09-05,213.85720825195312,12.229999542236328
2017-09-06,214.58724975585938,11.630000114440918
2017-09-07,214.56121826171875,11.550000190734863
2017-09-08,214.3091278076172,12.119999885559082
2017-09-11,216.59498596191406,10.729999542236328
2017-09-12,217.32501220703125,10.579999923706055
2017-09-13,217.42933654785156,10.5
2017-09-14,217.3597869873047,10.4399995803833
2017-09-15,217.6524658203125,10.170000076293945
2017-09-18,218.1153106689453,10.149999618530273
2017-09-19,218.3336944580078,10.180000305175781
2017-09-20,218.41229248046875,9.779999732971191
2017-09-21,217.82708740234375,9.670000076293945
2017-09-22,217.8707733154297,9.59000015258789
2017-09-25,217.42532348632812,10.210000038146973
2017-09-26,217.55633544921875,10.170000076293945
2017-09-27,218.40354919433594,9.869999885559082
2017-09-28,218.66558837890625,9.550000190734863
2017-09-29,219.4342041015625,9.510000228881836
2017-10-02,220.38623046875,9.449999809265137
2017-10-03,220.85792541503906,9.510000228881836
2017-10-04,221.11997985839844,9.630000114440918
2017-10-05,222.43019104003906,9.1899995803833
2017-10-06,222.1768341064453,9.649999618530273
2017-10-09,221.8099365234375,10.329999923706055
2017-10-10,222.3951873779297,10.079999923706055
2017-10-11,222.74456787109375,9.850000381469727
2017-10-12,222.41262817382812,9.90999984741211
2017-10-13,222.6834259033203,9.609999656677246
2017-10-16,222.9804229736328,9.90999984741211
2017-10-17,223.13760375976562,10.3100004196167
2017-10-18,223.35594177246094,10.069999694824219
2017-10-19,223.41712951660156,10.050000190734863
2017-10-20,224.57003784179688,9.970000267028809
2017-10-23,223.6966094970703,11.069999694824219
2017-10-24,224.08966064453125,11.15999984741211
2017-10-25,222.9804229736328,11.229999542236328
2017-10-26,223.26866149902344,11.300000190734863
2017-10-27,225.09408569335938,9.800000190734863
2017-10-30,224.25559997558594,10.5
2017-10-31,224.60494995117188,10.180000305175781
2017-11-01,224.9019317626953,10.199999809265137
2017-11-02,224.9893035888672,9.930000305175781
2017-11-03,225.7404327392578,9.140000343322754
2017-11-06,226.08981323242188,9.399999618530273
2017-11-07,225.93267822265625,9.890000343322754
2017-11-08,226.31689453125,9.779999732971191
2017-11-09,225.49591064453125,10.5
2017-11-10,225.42604064941406,11.289999961853027
2017-11-13,225.63565063476562,11.5
2017-11-14,225.111572265625,11.59000015258789
2017-11-15,223.9848175048828,13.130000114440918
2017-11-16,225.8889617919922,11.760000228881836
2017-11-17,225.2251434326172,11.430000305175781
2017-11-20,225.6094207763672,10.649999618530273
2017-11-21,227.08554077148438,9.729999542236328
2017-11-22,226.88470458984375,9.880000114440918
2017-11-24,227.40875244140625,9.670000076293945
2017-11-27,227.29519653320312,9.869999885559082
2017-11-28,229.60108947753906,10.029999732971191
2017-11-29,229.4613494873047,10.699999809265137
2017-11-30,231.47023010253906,11.279999732971191
2017-12-01,230.98980712890625,11.430000305175781
2017-12-04,230.71034240722656,11.680000305175781
2017-12-05,229.8805389404297,11.329999923706055
2017-12-06,229.92422485351562,11.020000457763672
2017-12-07,230.64920043945312,10.15999984741211
2017-12-08,231.9069366455078,9.579999923706055
2017-12-11,232.60569763183594,9.34000015258789
2017-12-12,233.0161895751953,9.920000076293945
2017-12-13,232.9899444580078,10.180000305175781
2017-12-14,232.03797912597656,10.489999771118164
2017-12-15,233.9702606201172,9.420000076293945
2017-12-18,235.45388793945312,9.529999732971191
2017-12-19,234.54974365234375,10.029999732971191
2017-12-20,234.4268035888672,9.720000267028809
2017-12-21,234.90956115722656,9.619999885559082
2017-12-22,234.84811401367188,9.899999618530273
2017-12-26,234.56719970703125,10.25
2017-12-27,234.68136596679688,10.470000267028809
2017-12-28,235.16415405273438,10.180000305175781
2017-12-29,234.2775115966797,11.039999961853027
2018-01-02,235.9542694091797,9.770000457763672
2018-01-03,237.44674682617188,9.149999618530273
2018-01-04,238.44757080078125,9.220000267028809
2018-01-05,240.0364990234375,9.220000267028809
2018-01-08,240.47549438476562,9.520000457763672
2018-01-09,241.01979064941406,10.079999923706055
2018-01-10,240.65109252929688,9.819999694824219
2018-01-11,242.40689086914062,9.880000114440918
2018-01-12,243.98716735839844,10.15999984741211
2018-01-16,243.15321350097656,11.65999984741211
2018-01-17,245.4707794189453,11.90999984741211
2018-01-18,245.05816650390625,12.220000267028809
2018-01-19,246.1731719970703,11.270000457763672
2018-01-22,248.1746826171875,11.029999732971191
2018-01-23,248.70140075683594,11.100000381469727
2018-01-24,248.60484313964844,11.470000267028809
2018-01-25,248.7102813720703,11.579999923706055
2018-01-26,251.58978271484375,11.079999923706055
2018-01-29,249.9217529296875,13.84000015258789
2018-01-30,247.3583526611328,14.789999961853027
2018-01-31,247.48117065429688,13.539999961853027
2018-02-01,247.2002716064453,13.470000267028809
2018-02-02,241.81874084472656,17.309999465942383
2018-02-05,231.70523071289062,37.31999969482422
2018-02-06,236.2703857421875,29.979999542236328
2018-02-07,234.9885711669922,27.729999542236328
2018-02-08,226.17445373535156,33.459999084472656
2018-02-09,229.57196044921875,29.059999465942383
2018-02-12,232.94302368164062,25.610000610351562
2018-02-13,233.52243041992188,24.969999313354492
2018-02-14,236.67422485351562,19.260000228881836
2018-02-15,239.69415283203125,19.1299991607666
2018-02-16,239.7644500732422,19.459999084472656
2018-02-20,238.26329040527344,20.600000381469727
2018-02-21,237.07801818847656,20.020000457763672
2018-02-22,237.3852996826172,18.719999313354492
2018-02-23,241.16908264160156,16.489999771118164
2018-02-26,243.9696044921875,15.800000190734863
2018-02-27,240.9231719970703,18.59000015258789
2018-02-28,238.48263549804688,19.850000381469727
2018-03-01,235.014892578125,22.469999313354492
2018-03-02,236.2263946533203,19.59000015258789
2018-03-05,238.95672607421875,18.729999542236328
2018-03-06,239.5625,18.360000610351562
2018-03-07,239.4746856689453,17.760000228881836
2018-03-08,240.6334686279297,16.540000915527344
2018-03-09,244.8211669921875,14.640000343322754
2018-03-12,244.5138702392578,15.779999732971191
2018-03-13,242.9336395263672,16.350000381469727
2018-03-14,241.6870574951172,17.229999542236328
2018-03-15,241.42355346679688,16.59000015258789
2018-03-16,241.6854248046875,15.800000190734863
2018-03-19,238.41537475585938,19.020000457763672
2018-03-20,238.82081604003906,18.200000762939453
2018-03-21,238.3624267578125,17.860000610351562
2018-03-22,232.404052734375,23.34000015258789
2018-03-23,227.45045471191406,24.8700008392334
2018-03-26,233.67327880859375,21.030000686645508
2018-03-27,229.69810485839844,22.5
2018-03-28,229.0193634033203,22.8700008392334
2018-03-29,231.94573974609375,19.969999313354492
2018-04-02,226.9392852783203,23.6200008392334
2018-04-03,229.84799194335938,21.100000381469727
2018-04-04,232.30712890625,20.059999465942383
2018-04-05,234.14044189453125,18.940000534057617
2018-04-06,228.9224395751953,21.489999771118164
2018-04-09,230.0507049560547,21.770000457763672
2018-04-10,233.70855712890625,20.469999313354492
2018-04-11,232.48338317871094,20.239999771118164
2018-04-12,234.3960418701172,18.489999771118164
2018-04-13,233.70855712890625,17.40999984741211
2018-04-16,235.6300811767578,16.559999465942383
2018-04-17,238.15087890625,15.25
2018-04-18,238.32725524902344,15.600000381469727
2018-04-19,237.0050506591797,15.960000038146973
2018-04-20,234.9954376220703,16.8799991607666
2018-04-23,234.96018981933594,16.34000015258789
2018-04-24,231.79592895507812,18.020000457763672
2018-04-25,232.36878967285156,17.84000015258789
2018-04-26,234.7310028076172,16.239999771118164
2018-04-27,234.95135498046875,15.40999984741211
2018-04-30,233.1444549560547,15.930000305175781
2018-05-01,233.55870056152344,15.489999771118164
2018-05-02,231.9898223876953,15.970000267028809
2018-05-03,231.4785614013672,15.899999618530273
2018-05-04,234.47537231445312,14.770000457763672
2018-05-07,235.26869201660156,14.75
2018-05-08,235.26869201660156,14.710000038146973
2018-05-09,237.54281616210938,13.420000076293945
2018-05-10,239.76390075683594,13.229999542236328
2018-05-11,240.4954833984375,12.649999618530273
2018-05-14,240.610107421875,12.930000305175781
2018-05-15,238.95303344726562,14.630000114440918
2018-05-16,239.95785522460938,13.420000076293945
2018-05-17,239.7550811767578,13.430000305175781
2018-05-18,239.15574645996094,13.420000076293945
2018-05-21,240.953857421875,13.079999923706055
2018-05-22,240.28396606445312,13.220000267028809
2018-05-23,240.94505310058594,12.579999923706055
2018-05-24,240.451416015625,12.529999732971191
2018-05-25,239.8784637451172,13.220000267028809
2018-05-29,237.11965942382812,17.020000457763672
2018-05-30,240.28396606445312,14.9399995803833
2018-05-31,238.81204223632812,15.430000305175781
2018-06-01,241.1565704345703,13.460000038146973
2018-06-04,242.3024444580078,12.739999771118164
2018-06-05,242.47877502441406,12.399999618530273
2018-06-06,244.50596618652344,11.640000343322754
2018-06-07,244.4794921875,12.130000114440918
2018-06-08,245.20233154296875,12.180000305175781
2018-06-11,245.52845764160156,12.350000381469727
2018-06-12,245.8457794189453,12.34000015258789
2018-06-13,245.06129455566406,12.9399995803833
2018-06-14,245.67825317382812,12.119999885559082
2018-06-15,245.36488342285156,11.979999542236328
2018-06-18,244.86021423339844,12.3100004196167
2018-06-19,243.9216766357422,13.350000381469727
2018-06-20,244.33782958984375,12.789999961853027
2018-06-21,242.80612182617188,14.640000343322754
2018-06-22,243.248779296875,13.770000457763672
2018-06-25,239.9375,17.329999923706055
2018-06-26,240.4687042236328,15.920000076293945
2018-06-27,238.4766082763672,17.90999984741211
2018-06-28,239.84011840820312,16.850000381469727
2018-06-29,240.1853790283203,16.09000015258789
2018-07-02,240.6988067626953,15.600000381469727
2018-07-03,239.84890747070312,16.139999389648438
2018-07-05,241.8056182861328,14.970000267028809
2018-07-06,243.8509063720703,13.369999885559082
2018-07-09,246.04656982421875,12.6899995803833
2018-07-10,246.93199157714844,12.640000343322754
2018-07-11,245.1257781982422,13.630000114440918
2018-07-12,247.34805297851562,12.579999923706055
2018-07-13,247.54281616210938,12.180000305175781
2018-07-16,247.32150268554688,12.829999923706055
2018-07-17,248.3219757080078,12.0600004196167
2018-07-18,248.84445190429688,12.100000381469727
2018-07-19,247.9058837890625,12.869999885559082
2018-07-20,247.62252807617188,12.859999656677246
2018-07-23,248.08290100097656,12.619999885559082
2018-07-24,249.33128356933594,12.40999984741211
2018-07-25,251.4561767578125,12.289999961853027
2018-07-26,250.86297607421875,12.140000343322754
2018-07-27,249.16307067871094,13.029999732971191
2018-07-30,247.86155700683594,14.260000228881836
2018-07-31,249.08340454101562,12.829999923706055
2018-08-01,248.66726684570312,13.149999618530273
2018-08-02,250.02191162109375,12.1899995803833
2018-08-03,251.09326171875,11.640000343322754
2018-08-06,252.01402282714844,11.270000457763672
2018-08-07,252.84629821777344,10.930000305175781
2018-08-08,252.74002075195312,10.850000381469727
2018-08-09,252.3947296142578,11.270000457763672
2018-08-10,250.70361328125,13.15999984741211
2018-08-13,249.7651824951172,14.779999732971191
2018-08-14,251.3588409423828,13.3100004196167
2018-08-15,249.48190307617188,14.640000343322754
2018-08-16,251.50050354003906,13.449999809265137
2018-08-17,252.3858642578125,12.640000343322754
2018-08-20,252.92596435546875,12.489999771118164
2018-08-21,253.5191650390625,12.859999656677246
2018-08-22,253.36863708496094,12.25
2018-08-23,253.03216552734375,12.40999984741211
2018-08-24,254.55499267578125,11.989999771118164
2018-08-27,256.56488037109375,12.15999984741211
2018-08-28,256.6888732910156,12.5
2018-08-29,258.0700378417969,12.25
2018-08-30,257.0252685546875,13.529999732971191
2018-08-31,257.0340881347656,12.859999656677246
2018-09-04,256.5914306640625,13.15999984741211
2018-09-05,255.90084838867188,13.90999984741211
2018-09-06,255.13052368164062,14.649999618530273
2018-09-07,254.63479614257812,14.880000114440918
2018-09-10,255.0773468017578,14.15999984741211
2018-09-11,255.91851806640625,13.220000267028809
2018-09-12,255.9805450439453,13.140000343322754
2018-09-13,257.4945373535156,12.369999885559082
2018-09-14,257.538818359375,12.069999694824219
2018-09-17,256.17529296875,13.680000305175781
2018-09-18,257.5652770996094,12.789999961853027
2018-09-19,257.8398742675781,11.75
2018-09-20,259.9292907714844,11.800000190734863
2018-09-21,259.6918640136719,11.680000305175781
2018-09-24,258.8291320800781,12.199999809265137
2018-09-25,258.5890197753906,12.420000076293945
2018-09-26,257.8152770996094,12.890000343322754
2018-09-27,258.5355529785156,12.40999984741211
2018-09-28,258.5622863769531,12.119999885559082
2018-10-01,259.4605712890625,12.0
2018-10-02,259.30938720703125,12.050000190734863
2018-10-03,259.45166015625,11.609999656677246
2018-10-04,257.423828125,14.220000267028809
2018-10-05,255.98309326171875,14.819999694824219
2018-10-08,255.98309326171875,15.6899995803833
2018-10-09,255.609619140625,15.949999809265137
2018-10-10,247.51620483398438,22.959999084472656
2018-10-11,242.06422424316406,24.979999542236328
2018-10-12,245.42608642578125,21.309999465942383
2018-10-15,244.04750061035156,21.299999237060547
2018-10-16,249.38381958007812,17.6200008392334
2018-10-17,249.42825317382812,17.399999618530273
2018-10-18,245.82630920410156,20.059999465942383
2018-10-19,245.69290161132812,19.889999389648438
2018-10-22,244.58999633789062,19.639999389648438
2018-10-23,243.34486389160156,20.709999084472656
2018-10-24,235.9718780517578,25.229999542236328
2018-10-25,240.2053985595703,24.219999313354492
2018-10-26,235.9807891845703,24.15999984741211
2018-10-29,234.6733856201172,24.700000762939453
2018-10-30,238.15084838867188,23.350000381469727
2018-10-31,240.69461059570312,21.229999542236328
2018-11-01,243.2560577392578,19.34000015258789
2018-11-02,241.8152618408203,19.510000228881836
2018-11-05,243.14927673339844,19.959999084472656
2018-11-06,244.68788146972656,19.90999984741211
2018-11-07,249.9263916015625,16.360000610351562
2018-11-08,249.47283935546875,16.719999313354492
2018-11-09,247.0359649658203,17.360000610351562
2018-11-12,242.419921875,20.450000762939453
2018-11-13,241.9663543701172,20.020000457763672
2018-11-14,240.31214904785156,21.25
2018-11-15,242.82020568847656,19.979999542236328
2018-11-16,243.45159912109375,18.139999389648438
2018-11-19,239.33383178710938,20.100000381469727
2018-11-20,234.90460205078125,22.479999542236328
2018-11-21,235.70504760742188,20.799999237060547
2018-11-23,234.13087463378906,21.520000457763672
2018-11-26,237.91078186035156,18.899999618530273
2018-11-27,238.711181640625,19.020000457763672
2018-11-28,244.20755004882812,18.489999771118164
2018-11-29,243.6739501953125,18.790000915527344
2018-11-30,245.1592254638672,18.06999969482422
2018-12-03,248.40548706054688,16.440000534057617
2018-12-04,240.35653686523438,20.739999771118164
2018-12-06,239.991943359375,21.190000534057617
2018-12-07,234.41552734375,23.229999542236328
2018-12-10,234.86016845703125,22.639999389648438
2018-12-11,234.91354370117188,21.760000228881836
2018-12-12,236.09637451171875,21.459999084472656
2018-12-13,236.016357421875,20.649999618530273
2018-12-14,231.65841674804688,21.6299991607666
2018-12-17,227.11358642578125,24.520000457763672
2018-12-18,226.8645782470703,25.579999923706055
2018-12-19,223.46714782714844,25.579999923706055
2018-12-20,219.8295440673828,28.3799991607666
2018-12-21,215.3253173828125,30.110000610351562
2018-12-24,209.63584899902344,36.06999969482422
2018-12-26,220.22764587402344,30.40999984741211
2018-12-27,221.9184112548828,29.959999084472656
2018-12-28,221.6321258544922,28.34000015258789
2018-12-31,223.57337951660156,25.420000076293945
2019-01-02,223.80593872070312,23.219999313354492
2019-01-03,218.46531677246094,25.450000762939453
2019-01-04,225.7830047607422,21.3799991607666
2019-01-07,227.5631866455078,21.399999618530273
2019-01-08,229.70127868652344,20.469999313354492
2019-01-09,230.7747039794922,19.979999542236328
2019-01-10,231.5888214111328,19.5
2019-01-11,231.6782989501953,18.190000534057617
2019-01-14,230.2647705078125,19.06999969482422
2019-01-15,232.90380859375,18.600000381469727
2019-01-16,233.4674072265625,19.040000915527344
2019-01-17,235.2387237548828,18.059999465942383
2019-01-18,238.36976623535156,17.799999237060547
2019-01-22,235.1492156982422,20.799999237060547
2019-01-23,235.64125061035156,19.520000457763672
2019-01-24,235.76646423339844,18.889999389648438
2019-01-25,237.76138305664062,17.420000076293945
2019-01-28,235.95433044433594,18.8700008392334
2019-01-29,235.64125061035156,19.1299991607666
2019-01-30,239.37158203125,17.65999984741211
2019-01-31,241.47386169433594,16.56999969482422
2019-02-01,241.5902099609375,16.139999389648438
2019-02-04,243.2898712158203,15.729999542236328
2019-02-05,244.3097686767578,15.569999694824219
2019-02-06,243.98765563964844,15.380000114440918
2019-02-07,241.6618194580078,16.3700008392334
2019-02-08,241.95697021484375,15.720000267028809
2019-02-11,242.0911865234375,15.970000267028809
2019-02-12,245.20436096191406,15.430000305175781
2019-02-13,246.00042724609375,15.649999618530273
2019-02-14,245.4547882080078,16.219999313354492
2019-02-15,248.12954711914062,14.90999984741211
2019-02-19,248.55894470214844,14.880000114440918
2019-02-20,249.05992126464844,14.020000457763672
2019-02-21,248.17433166503906,14.460000038146973
2019-02-22,249.71298217773438,13.510000228881836
2019-02-25,250.05288696289062,14.850000381469727
2019-02-26,249.87405395507812,15.170000076293945
2019-02-27,249.76661682128906,14.699999809265137
2019-02-28,249.30145263671875,14.779999732971191
2019-03-01,250.8580780029297,13.569999694824219
2019-03-04,249.94554138183594,14.630000114440918
2019-03-05,249.60560607910156,14.739999771118164
2019-03-06,248.0937957763672,15.739999771118164
2019-03-07,246.01834106445312,16.59000015258789
2019-03-08,245.5263671875,16.049999237060547
2019-03-11,249.08673095703125,14.329999923706055
2019-03-12,250.02601623535156,13.770000457763672
2019-03-13,251.6810302734375,13.40999984741211
2019-03-14,251.52001953125,13.5
2019-03-15,252.7626953125,12.880000114440918
2019-03-18,253.67922973632812,13.100000381469727
2019-03-19,253.74209594726562,13.5600004196167
2019-03-20,252.97837829589844,13.90999984741211
2019-03-21,255.8356475830078,13.630000114440918
2019-03-22,250.9116973876953,16.479999542236328
2019-03-25,250.7230224609375,16.329999923706055
2019-03-26,252.5919647216797,14.680000305175781
2019-03-27,251.27117919921875,15.149999618530273
2019-03-28,252.22352600097656,14.430000305175781
2019-03-29,253.81399536132812,13.710000038146973
2019-04-01,256.823974609375,13.399999618530273
2019-04-02,256.9498291015625,13.359999656677246
2019-04-03,257.3541259765625,13.739999771118164
2019-04-04,258.0369567871094,13.579999923706055
2019-04-05,259.2859802246094,12.819999694824219
2019-04-08,259.483642578125,13.180000305175781
2019-04-09,258.15380859375,14.279999732971191
2019-04-10,259.0343322753906,13.300000190734863
2019-04-11,258.96246337890625,13.020000457763672
2019-04-12,260.7145690917969,12.010000228881836
2019-04-15,260.54388427734375,12.319999694824219
2019-04-16,260.7145690917969,12.180000305175781
2019-04-17,260.07672119140625,12.600000381469727
2019-04-18,260.5887756347656,12.09000015258789
2019-04-22,260.8134460449219,12.420000076293945
2019-04-23,263.1585998535156,12.279999732971191
2019-04-24,262.5745849609375,13.140000343322754
2019-04-25,262.41278076171875,13.25
2019-04-26,263.6348571777344,12.729999542236328
2019-04-29,264.0482177734375,13.109999656677246
2019-04-30,264.18292236328125,13.119999885559082
2019-05-01,262.1971740722656,14.800000190734863
2019-05-02,261.63116455078125,14.420000076293945
2019-05-03,264.1919250488281,12.869999885559082
2019-05-06,263.1046447753906,15.4399995803833
2019-05-07,258.7108154296875,19.31999969482422
2019-05-08,258.35150146484375,19.399999618530273
2019-05-09,257.56976318359375,19.100000381469727
2019-05-10,258.863525390625,16.040000915527344
2019-05-13,252.3583526611328,20.549999237060547
2019-05-14,254.64064025878906,18.059999465942383
2019-05-15,256.132080078125,16.440000534057617
2019-05-16,258.5042419433594,15.289999961853027
2019-05-17,256.8330078125,15.960000038146973
2019-05-20,255.134765625,16.309999465942383
2019-05-21,257.4349670410156,14.949999809265137
2019-05-22,256.6444091796875,14.75
2019-05-23,253.50845336914062,16.920000076293945
2019-05-24,254.08352661132812,15.850000381469727
2019-05-28,251.72036743164062,17.5
2019-05-29,250.03121948242188,17.899999618530273
2019-05-30,250.7140655517578,17.299999237060547
2019-05-31,247.33563232421875,18.709999084472656
2019-06-03,246.70669555664062,18.860000610351562
2019-06-04,252.06179809570312,16.969999313354492
2019-06-05,254.24526977539062,16.09000015258789
2019-06-06,255.89846801757812,15.930000305175781
2019-06-07,258.4593811035156,16.299999237060547
2019-06-10,259.6453857421875,15.9399995803833
2019-06-11,259.5824279785156,15.989999771118164
2019-06-12,259.1241760253906,15.90999984741211
2019-06-13,260.1934814453125,15.819999694824219
2019-06-14,259.90594482421875,15.279999732971191
2019-06-17,260.0047607421875,15.350000381469727
2019-06-18,262.7272033691406,15.149999618530273
2019-06-19,263.3203430175781,14.329999923706055
2019-06-20,265.83612060546875,14.75
2019-06-21,265.44976806640625,15.399999618530273
2019-06-24,265.1247253417969,15.260000228881836
2019-06-25,262.52435302734375,16.280000686645508
2019-06-26,262.2625732421875,16.209999084472656
2019-06-27,263.1925354003906,15.819999694824219
2019-06-28,264.5467834472656,15.079999923706055
2019-07-01,266.9486083984375,14.0600004196167
2019-07-02,267.64373779296875,12.930000305175781
2019-07-03,269.7835998535156,12.569999694824219
2019-07-05,269.4766540527344,13.279999732971191
2019-07-08,267.9959716796875,13.960000038146973
2019-07-09,268.3299865722656,14.09000015258789
2019-07-10,269.6121520996094,13.029999732971191
2019-07-11,270.2440490722656,12.930000305175781
2019-07-12,271.45404052734375,12.390000343322754
2019-07-15,271.54425048828125,12.680000305175781
2019-07-16,270.66845703125,12.859999656677246
2019-07-17,268.82659912109375,13.970000267028809
2019-07-18,269.8106384277344,13.529999732971191
2019-07-19,268.3118591308594,14.449999809265137
2019-07-22,268.9710388183594,13.529999732971191
2019-07-23,270.8941650390625,12.609999656677246
2019-07-24,272.167236328125,12.069999694824219
2019-07-25,270.8670959472656,12.739999771118164
2019-07-26,272.6818542480469,12.15999984741211
2019-07-29,272.1853332519531,12.829999923706055
2019-07-30,271.51715087890625,13.9399995803833
2019-07-31,268.5466003417969,16.1200008392334
2019-08-01,266.2081604003906,17.8700008392334
2019-08-02,264.2037353515625,17.610000610351562
2019-08-05,256.2582702636719,24.59000015258789
2019-08-06,259.8517761230469,20.170000076293945
2019-08-07,260.0052185058594,19.489999771118164
2019-08-08,265.106689453125,16.90999984741211
2019-08-09,263.3008728027344,17.969999313354492
2019-08-12,260.0955505371094,21.09000015258789
2019-08-13,264.1404724121094,17.520000457763672
2019-08-14,256.33050537109375,22.100000381469727
2019-08-15,257.00762939453125,21.18000030517578
2019-08-16,260.7999572753906,18.469999313354492
2019-08-19,263.94183349609375,16.8799991607666
2019-08-20,261.9194641113281,17.5
2019-08-21,264.0502014160156,15.800000190734863
2019-08-22,263.9689025878906,16.68000030517578
2019-08-23,257.1883239746094,19.8700008392334
2019-08-26,260.03240966796875,19.31999969482422
2019-08-27,259.0121154785156,20.309999465942383
2019-08-28,260.8359680175781,19.350000381469727
2019-08-29,264.1676330566406,17.8799991607666
2019-08-30,264.0502014160156,18.979999542236328
2019-09-03,262.5062561035156,19.65999984741211
2019-09-04,265.48577880859375,17.329999923706055
2019-09-05,268.8988037109375,16.270000457763672
2019-09-06,269.1064758300781,15.0
2019-09-09,269.24188232421875,15.270000457763672
2019-09-10,269.1786804199219,15.199999809265137
2019-09-11,271.0928039550781,14.609999656677246
2019-09-12,272.03179931640625,14.220000267028809
2019-09-13,271.8511962890625,13.739999771118164
2019-09-16,271.01153564453125,14.670000076293945
2019-09-17,271.6977844238281,14.4399995803833
2019-09-18,271.8602600097656,13.949999809265137
2019-09-19,271.8421630859375,14.050000190734863
2019-09-20,270.5578308105469,15.319999694824219
2019-09-23,270.4942626953125,14.90999984741211
2019-09-24,268.3717956542969,17.049999237060547
2019-09-25,269.9591064453125,15.960000038146973
2019-09-26,269.396728515625,16.06999969482422
2019-09-27,267.9454345703125,17.219999313354492
2019-09-30,269.1881408691406,16.239999771118164
2019-10-01,265.9862060546875,18.559999465942383
2019-10-02,261.2876281738281,20.559999465942383
2019-10-03,263.4283447265625,19.1200008392334
2019-10-04,266.9930114746094,17.040000915527344
2019-10-07,265.841064453125,17.860000610351562
2019-10-08,261.7139892578125,20.280000686645508
2019-10-09,264.1991882324219,18.639999389648438
2019-10-10,265.9862060546875,17.56999969482422
2019-10-11,268.7436828613281,15.579999923706055
2019-10-14,268.4443664550781,14.569999694824219
2019-10-15,271.1020202636719,13.539999961853027
2019-10-16,270.6666564941406,13.680000305175781
2019-10-17,271.46490478515625,13.789999961853027
2019-10-18,270.27655029296875,14.25
2019-10-21,272.10888671875,14.0
2019-10-22,271.2198486328125,14.460000038146973
2019-10-23,272.0091247558594,14.010000228881836
2019-10-24,272.45361328125,13.710000038146973
2019-10-25,273.5692138671875,12.649999618530273
2019-10-28,275.11126708984375,13.109999656677246
2019-10-29,275.0295715332031,13.199999809265137
2019-10-30,275.8731994628906,12.329999923706055
2019-10-31,275.1385192871094,13.220000267028809
2019-11-01,277.68731689453125,12.300000190734863
2019-11-04,278.802978515625,12.829999923706055
2019-11-05,278.4945983886719,13.100000381469727
2019-11-06,278.55804443359375,12.619999885559082
2019-11-07,279.53765869140625,12.729999542236328
2019-11-08,280.2271423339844,12.069999694824219
2019-11-11,279.69183349609375,12.6899995803833
2019-11-12,280.2815246582031,12.680000305175781
2019-11-13,280.3722229003906,13.0
2019-11-14,280.7803649902344,13.050000190734863
2019-11-15,282.8121643066406,12.050000190734863
2019-11-18,283.0206604003906,12.460000038146973
2019-11-19,282.93914794921875,12.859999656677246
2019-11-20,281.886962890625,12.779999732971191
2019-11-21,281.4333801269531,13.130000114440918
2019-11-22,282.059326171875,12.34000015258789
2019-11-25,284.2453308105469,11.869999885559082
2019-11-26,284.8893127441406,11.539999961853027
2019-11-27,286.1591796875,11.75
2019-11-29,285.09796142578125,12.619999885559082
2019-12-02,282.6761779785156,14.90999984741211
2019-12-03,280.7803649902344,15.960000038146973
2019-12-04,282.51287841796875,14.800000190734863
2019-12-05,283.0206604003906,14.520000457763672
2019-12-06,285.6058654785156,13.619999885559082
2019-12-09,284.7078552246094,15.859999656677246
2019-12-10,284.3904724121094,15.680000305175781
2019-12-11,285.19781494140625,14.989999771118164
2019-12-12,287.6558532714844,13.9399995803833
2019-12-13,287.8282470703125,12.630000114440918
2019-12-16,289.8055419921875,12.140000343322754
2019-12-17,289.869140625,12.289999961853027
2019-12-18,289.8872375488281,12.579999923706055
2019-12-19,291.0754699707031,12.5
2019-12-20,292.3515319824219,12.510000228881836
2019-12-23,292.7982482910156,12.609999656677246
2019-12-24,292.807373046875,12.670000076293945
2019-12-26,294.3660888671875,12.649999618530273
2019-12-27,294.29315185546875,13.430000305175781
2019-12-30,292.67059326171875,14.819999694824219
2019-12-31,293.381591796875,13.779999732971191
2020-01-02,296.12530517578125,12.470000267028809
2020-01-03,293.88299560546875,14.020000457763672
2020-01-06,295.0041809082031,13.850000381469727
2020-01-07,294.17462158203125,13.789999961853027
2020-01-08,295.7424621582031,13.449999809265137
2020-01-09,297.74774169921875,12.539999961853027
2020-01-10,296.8909912109375,12.5600004196167
2020-01-13,298.9327392578125,12.319999694824219
2020-01-14,298.4770202636719,12.390000343322754
2020-01-15,299.1515808105469,12.420000076293945
2020-01-16,301.6399841308594,12.319999694824219
2020-01-17,302.5788269042969,12.100000381469727
2020-01-21,301.9863586425781,12.850000381469727
2020-01-22,302.0228271484375,12.90999984741211
2020-01-23,302.3692626953125,12.979999542236328
2020-01-24,299.6802062988281,14.5600004196167
2020-01-27,294.87652587890625,18.229999542236328
2020-01-28,297.96661376953125,16.280000686645508
2020-01-29,297.7203674316406,16.389999389648438
2020-01-30,298.68658447265625,15.489999771118164
2020-01-31,293.26312255859375,18.84000015258789
2020-02-03,295.4416809082031,17.969999313354492
2020-02-04,299.944580078125,16.049999237060547
2020-02-05,303.4083251953125,15.149999618530273
2020-02-06,304.4292907714844,14.960000038146973
2020-02-07,302.80682373046875,15.470000267028809
2020-02-10,305.06732177734375,15.039999961853027
2020-02-11,305.59600830078125,15.180000305175781
2020-02-12,307.5649108886719,13.739999771118164
2020-02-13,307.2366943359375,14.149999618530273
2020-02-14,307.7289123535156,13.680000305175781
2020-02-18,306.93597412109375,14.829999923706055
2020-02-19,308.4034118652344,14.380000114440918
2020-02-20,307.136474609375,15.5600004196167
2020-02-21,303.9735107421875,17.079999923706055
2020-02-24,293.8920593261719,25.030000686645508
2020-02-25,284.98651123046875,27.850000381469727
2020-02-26,283.93829345703125,27.559999465942383
2020-02-27,271.1861572265625,39.15999984741211
2020-02-28,270.0467224121094,40.11000061035156
2020-03-02,281.7415466308594,33.41999816894531
2020-03-03,273.6745910644531,36.81999969482422
2020-03-04,285.177978515625,31.989999771118164
2020-03-05,275.6981506347656,39.619998931884766
2020-03-06,271.1405334472656,41.939998626708984
2020-03-09,249.96597290039062,54.459999084472656
2020-03-10,262.9004211425781,47.29999923706055
2020-03-11,250.08447265625,53.900001525878906
2020-03-12,226.15704345703125,75.47000122070312
2020-03-13,245.4904327392578,57.83000183105469
2020-03-16,218.62789916992188,82.69000244140625
2020-03-17,230.43212890625,75.91000366210938
2020-03-18,218.76467895507812,76.44999694824219
2020-03-19,219.22955322265625,72.0
2020-03-20,209.7820281982422,66.04000091552734
2020-03-23,204.41822814941406,61.59000015258789
2020-03-24,222.93922424316406,61.66999816894531
2020-03-25,226.2766571044922,63.95000076293945
2020-03-26,239.48883056640625,61.0
2020-03-27,232.35556030273438,65.54000091552734
2020-03-30,239.90147399902344,57.08000183105469
2020-03-31,236.3256378173828,53.540000915527344
2020-04-01,225.6898651123047,57.060001373291016
2020-04-02,230.8977508544922,50.90999984741211
2020-04-03,227.560302734375,46.79999923706055
2020-04-06,242.84466552734375,45.2400016784668
2020-04-07,243.0922088623047,46.70000076293945
2020-04-08,251.25247192382812,43.349998474121094
2020-04-09,255.0757598876953,41.66999816894531
2020-04-13,252.7470245361328,41.16999816894531
2020-04-14,260.2011413574219,37.7599983215332
2020-04-15,254.6724853515625,40.84000015258789
2020-04-16,255.90103149414062,40.11000061035156
2020-04-17,262.8143005371094,38.150001525878906
2020-04-20,258.18402099609375,43.83000183105469
2020-04-21,250.3448028564453,45.40999984741211
2020-04-22,255.90103149414062,41.97999954223633
2020-04-23,255.88270568847656,41.380001068115234
2020-04-24,259.4493713378906,35.93000030517578
2020-04-27,263.190185546875,33.290000915527344
2020-04-28,261.97991943359375,33.56999969482422
2020-04-29,268.8382568359375,31.229999542236328
2020-04-30,266.3350830078125,34.150001525878906
2020-05-01,259.2843322753906,37.189998626708984
2020-05-04,259.99945068359375,35.970001220703125
2020-05-05,262.4017028808594,33.61000061035156
2020-05-06,260.6228942871094,34.119998931884766
2020-05-07,263.76776123046875,31.440000534057617
2020-05-08,268.1321716308594,27.979999542236328
2020-05-11,268.187255859375,27.56999969482422
2020-05-12,262.8418273925781,33.040000915527344
2020-05-13,258.1932373046875,35.279998779296875
2020-05-14,261.28314208984375,32.61000061035156
2020-05-15,262.48419189453125,31.889999389648438
2020-05-18,270.47943115234375,29.299999237060547
2020-05-19,267.7012634277344,30.530000686645508
2020-05-20,272.2490234375,27.989999771118164
2020-05-21,270.3693542480469,29.530000686645508
2020-05-22,270.8829345703125,28.15999984741211
2020-05-26,274.2203063964844,28.010000228881836
2020-05-27,278.3004150390625,27.6200008392334
2020-05-28,277.7868957519531,28.59000015258789
2020-05-29,279.0247802734375,27.510000228881836
2020-06-01,280.1524658203125,28.229999542236328
2020-06-02,282.47210693359375,26.84000015258789
2020-06-03,286.2312927246094,25.65999984741211
2020-06-04,285.4795227050781,25.809999465942383
2020-06-05,292.7962646484375,24.520000457763672
2020-06-08,296.33544921875,25.809999465942383
2020-06-09,294.1257629394531,27.56999969482422
2020-06-10,292.4844665527344,27.56999969482422
2020-06-11,275.6230773925781,40.790000915527344
2020-06-12,278.923828125,36.09000015258789
2020-06-15,281.52783203125,34.400001525878906
2020-06-16,286.9466247558594,33.66999816894531
2020-06-17,285.7546691894531,33.470001220703125
2020-06-18,285.8646240234375,32.939998626708984
2020-06-19,284.2309265136719,35.119998931884766
2020-06-22,286.0543212890625,31.770000457763672
2020-06-23,287.3711853027344,31.3700008392334
2020-06-24,280.0407409667969,33.84000015258789
2020-06-25,283.04302978515625,32.220001220703125
2020-06-26,276.3202819824219,34.72999954223633
2020-06-29,280.3814697265625,31.780000686645508
2020-06-30,283.9730224609375,30.43000030517578
2020-07-01,285.9621887207031,28.6200008392334
2020-07-02,287.5370178222656,27.68000030517578
2020-07-06,291.975830078125,27.940000534057617
2020-07-07,288.9645080566406,29.43000030517578
2020-07-08,291.1746826171875,28.079999923706055
2020-07-09,289.5169677734375,29.260000228881836
2020-07-10,292.4731140136719,27.290000915527344
2020-07-13,289.9405517578125,32.189998626708984
2020-07-14,293.697998046875,29.520000457763672
2020-07-15,296.396240234375,27.760000228881836
2020-07-16,295.4200439453125,28.0
2020-07-17,296.27655029296875,25.68000030517578
2020-07-20,298.6708984375,24.459999084472656
2020-07-21,299.3062438964844,24.84000015258789
2020-07-22,301.0099792480469,24.31999969482422
2020-07-23,297.41839599609375,26.079999923706055
2020-07-24,295.5028991699219,25.84000015258789
2020-07-27,297.65789794921875,24.739999771118164
2020-07-28,295.76995849609375,25.440000534057617
2020-07-29,299.4076232910156,24.100000381469727
2020-07-30,298.33929443359375,24.760000228881836
2020-07-31,300.6968688964844,24.459999084472656
2020-08-03,302.78741455078125,24.280000686645508
2020-08-04,303.9569091796875,23.760000228881836
2020-08-05,305.8448181152344,22.989999771118164
2020-08-06,307.8893127441406,22.649999618530273
2020-08-07,308.1101989746094,22.209999084472656
2020-08-10,309.0311279296875,22.1299991607666
2020-08-11,306.48016357421875,24.030000686645508
2020-08-12,310.7532653808594,22.280000686645508
2020-08-13,310.1915283203125,22.1299991607666
2020-08-14,310.2006530761719,22.049999237060547
2020-08-17,311.1860656738281,21.350000381469727
2020-08-18,311.8584289550781,21.510000228881836
2020-08-19,310.5599365234375,22.540000915527344
2020-08-20,311.52685546875,22.719999313354492
2020-08-21,312.63189697265625,22.540000915527344
2020-08-24,315.7999572753906,22.3700008392334
2020-08-25,316.905029296875,22.030000686645508
2020-08-26,320.0821838378906,23.270000457763672
2020-08-27,320.78204345703125,24.469999313354492
2020-08-28,322.85406494140625,22.959999084472656
2020-08-31,321.6845397949219,26.40999984741211
2020-09-01,324.7143249511719,26.1200008392334
2020-09-02,329.4110412597656,26.56999969482422
2020-09-03,318.0745544433594,33.599998474121094
2020-09-04,315.47760009765625,30.75
2020-09-08,306.85791015625,31.459999084472656
2020-09-09,312.9173278808594,28.809999465942383
2020-09-10,307.4840393066406,29.709999084472656
2020-09-11,307.640625,26.8700008392334
2020-09-14,311.692626953125,25.850000381469727
2020-09-15,313.267333984375,25.59000015258789
2020-09-16,312.024169921875,26.040000915527344
2020-09-17,309.2798767089844,26.459999084472656
2020-09-18,305.71917724609375,25.829999923706055
2020-09-21,302.3166198730469,27.780000686645508
2020-09-22,305.3955383300781,26.860000610351562
2020-09-23,298.3131408691406,28.579999923706055
2020-09-24,299.1082763671875,28.510000228881836
2020-09-25,303.9439697265625,26.3799991607666
2020-09-28,308.9922790527344,26.190000534057617
2020-09-29,307.3094482421875,26.270000457763672
2020-09-30,309.63946533203125,26.3700008392334
2020-10-01,311.6273498535156,26.700000762939453
2020-10-02,308.66864013671875,27.6299991607666
2020-10-05,314.14227294921875,27.959999084472656
2020-10-06,309.67645263671875,29.479999542236328
2020-10-07,315.0668640136719,28.059999465942383
2020-10-08,317.8591003417969,26.360000610351562
2020-10-09,320.6977233886719,25.0
2020-10-12,325.8570251464844,25.06999969482422
2020-10-13,323.7304382324219,26.06999969482422
2020-10-14,321.6961975097656,26.399999618530273
2020-10-15,321.2987060546875,26.969999313354492
2020-10-16,321.1045227050781,27.40999984741211
2020-10-19,316.22265625,29.18000030517578
2020-10-20,317.48931884765625,29.350000381469727
2020-10-21,316.88836669921875,28.649999618530273
2020-10-22,318.62664794921875,28.110000610351562
2020-10-23,319.7082824707031,27.549999237060547
2020-10-26,313.8002624511719,32.459999084472656
2020-10-27,312.71844482421875,33.349998474121094
2020-10-28,302.030029296875,40.279998779296875
2020-10-29,305.0997619628906,37.59000015258789
2020-10-30,301.91900634765625,38.02000045776367
2020-11-02,305.3030700683594,37.130001068115234
2020-11-03,310.6935729980469,35.54999923706055
2020-11-04,317.63720703125,29.56999969482422
2020-11-05,323.8321228027344,27.579999923706055
2020-11-06,323.758056640625,24.860000610351562
2020-11-09,327.82635498046875,25.75
2020-11-10,327.3456115722656,24.799999237060547
2020-11-11,329.7772216796875,23.450000762939453
2020-11-12,326.5781555175781,25.350000381469727
2020-11-13,331.0993957519531,23.100000381469727
2020-11-16,335.23236083984375,22.450000762939453
2020-11-17,333.4294738769531,22.709999084472656
2020-11-18,329.4166259765625,23.84000015258789
2020-11-19,330.80352783203125,23.110000610351562
2020-11-20,328.5382995605469,23.700000762939453
2020-11-23,330.5076599121094,22.65999984741211
2020-11-24,335.8333435058594,21.639999389648438
2020-11-25,335.3156433105469,21.25
2020-11-27,336.2494812011719,20.84000015258789
2020-11-30,334.7608642578125,20.56999969482422
2020-12-01,338.4222717285156,20.770000457763672
2020-12-02,339.13421630859375,21.170000076293945
2020-12-03,339.041748046875,21.280000686645508
2020-12-04,341.9635009765625,20.790000915527344
2020-12-07,341.26080322265625,21.299999237060547
2020-12-08,342.2594299316406,20.68000030517578
2020-12-09,339.1897277832031,22.270000457763672
2020-12-10,339.07879638671875,22.520000457763672
2020-12-11,338.68109130859375,23.309999465942383
2020-12-14,337.164794921875,24.719999313354492
2020-12-15,341.7230224609375,22.889999389648438
2020-12-16,342.2594299316406,22.5
2020-12-17,344.1732482910156,21.93000030517578
2020-12-18,342.79901123046875,21.56999969482422
2020-12-21,341.5733947753906,25.15999984741211
2020-12-22,340.99774169921875,24.229999542236328
2020-12-23,341.3041076660156,23.309999465942383
2020-12-24,342.6318359375,21.530000686645508
2020-12-28,345.5754089355469,21.700000762939453
2020-12-29,344.9161071777344,23.079999923706055
2020-12-30,345.40814208984375,22.770000457763672
2020-12-31,347.1632080078125,22.75
2021-01-04,342.43695068359375,26.969999313354492
2021-01-05,344.7955017089844,25.34000015258789
2021-01-06,346.8567810058594,25.06999969482422
2021-01-07,352.01025390625,22.3700008392334
2021-01-08,354.0158386230469,21.559999465942383
2021-01-11,351.62945556640625,24.079999923706055
2021-01-12,351.70379638671875,23.329999923706055
2021-01-13,352.6509704589844,22.209999084472656
2021-01-14,351.41595458984375,23.25
2021-01-15,348.8531494140625,24.34000015258789
2021-01-19,351.5922546386719,23.239999771118164
2021-01-20,356.4578857421875,21.579999923706055
2021-01-21,356.78289794921875,21.31999969482422
2021-01-22,355.5201110839844,21.90999984741211
2021-01-25,356.9222106933594,23.190000534057617
2021-01-26,356.3650817871094,23.020000457763672
2021-01-27,347.65533447265625,37.209999084472656
2021-01-28,350.6452331542969,30.209999084472656
2021-01-29,343.62548828125,33.09000015258789
2021-02-01,349.3453369140625,30.239999771118164
2021-02-02,354.28509521484375,25.559999465942383
2021-02-03,354.563720703125,22.90999984741211
2021-02-04,358.5935974121094,21.770000457763672
2021-02-05,360.0049133300781,20.8700008392334
2021-02-08,362.6048583984375,21.239999771118164
2021-02-09,362.36346435546875,21.6299991607666
2021-02-10,362.20556640625,21.989999771118164
2021-02-11,362.7906188964844,21.25
2021-02-12,364.5826416015625,19.969999313354492
2021-02-16,364.2669677734375,21.459999084472656
2021-02-17,364.3504638671875,21.5
2021-02-18,362.7999267578125,22.489999771118164
2021-02-19,362.1592102050781,22.049999237060547
2021-02-22,359.37359619140625,23.450000762939453
2021-02-23,359.8099670410156,23.110000610351562
2021-02-24,363.77484130859375,21.34000015258789
2021-02-25,355.00933837890625,28.889999389648438
2021-02-26,353.18011474609375,27.950000762939453
2021-03-01,361.7413024902344,23.350000381469727
2021-03-02,358.9185485839844,24.100000381469727
2021-03-03,354.1644592285156,26.670000076293945
2021-03-04,349.78179931640625,28.56999969482422
2021-03-05,356.2165222167969,24.65999984741211
2021-03-08,354.4429626464844,25.469999313354492
2021-03-09,359.5035095214844,24.030000686645508
2021-03-10,361.7413024902344,22.559999465942383
2021-03-11,365.4090270996094,21.90999984741211
2021-03-12,365.9010925292969,20.690000534057617
2021-03-15,368.08319091796875,20.030000686645508
2021-03-16,367.61895751953125,19.790000915527344
2021-03-17,368.87249755859375,19.229999542236328
2021-03-18,363.50555419921875,21.579999923706055
2021-03-19,362.83294677734375,20.950000762939453
2021-03-22,365.730224609375,18.8799991607666
2021-03-23,362.8515930175781,20.299999237060547
2021-03-24,361.0070495605469,21.200000762939453
2021-03-25,363.0379333496094,19.809999465942383
2021-03-26,368.88818359375,18.860000610351562
2021-03-29,368.7018737792969,20.739999771118164
2021-03-30,367.723876953125,19.610000610351562
2021-03-31,369.21429443359375,19.399999618530273
2021-04-01,373.20147705078125,17.329999923706055
2021-04-05,378.55804443359375,17.90999984741211
2021-04-06,378.33441162109375,18.1200008392334
2021-04-07,378.7723083496094,17.15999984741211
2021-04-08,380.5703125,16.950000762939453
2021-04-09,383.3370666503906,16.690000534057617
2021-04-12,383.47686767578125,16.90999984741211
2021-04-13,384.6133728027344,16.649999618530273
2021-04-14,383.2998352050781,16.989999771118164
2021-04-15,387.4173889160156,16.56999969482422
2021-04-16,388.71234130859375,16.25
2021-04-19,386.80255126953125,17.290000915527344
2021-04-20,383.9705810546875,18.68000030517578
2021-04-21,387.603759765625,17.5
2021-04-22,384.063720703125,18.709999084472656
2021-04-23,388.2279052734375,17.329999923706055
2021-04-26,389.0383605957031,17.639999389648438
2021-04-27,388.95452880859375,17.559999465942383
2021-04-28,388.8426513671875,17.280000686645508
2021-04-29,391.32073974609375,17.610000610351562
2021-04-30,388.74957275390625,18.610000610351562
2021-05-03,389.5880432128906,18.309999465942383
2021-05-04,387.18450927734375,19.479999542236328
2021-05-05,387.3056335449219,19.149999618530273
2021-05-06,390.3984680175781,18.389999389648438
2021-05-07,393.23980712890625,16.690000534057617
2021-05-10,389.34576416015625,19.65999984741211
2021-05-11,385.87091064453125,21.84000015258789
2021-05-12,377.6731262207031,27.59000015258789
2021-05-13,382.20989990234375,23.1299991607666
2021-05-14,388.0787658691406,18.809999465942383
2021-05-17,387.0914001464844,19.719999313354492
2021-05-18,383.75628662109375,21.34000015258789
2021-05-19,382.7502136230469,22.18000030517578
2021-05-20,386.8677673339844,20.670000076293945
2021-05-21,386.55108642578125,20.149999618530273
2021-05-24,390.4916076660156,18.399999618530273
2021-05-25,389.6252136230469,18.84000015258789
2021-05-26,390.3984680175781,17.360000610351562
2021-05-27,390.60345458984375,16.739999771118164
2021-05-28,391.3021545410156,16.760000228881836
2021-06-01,390.9573669433594,17.899999618530273
2021-06-02,391.5722961425781,17.479999542236328
2021-06-03,390.11895751953125,18.040000915527344
2021-06-04,393.68695068359375,16.420000076293945
2021-06-07,393.3050537109375,16.420000076293945
2021-06-08,393.3888854980469,17.06999969482422
2021-06-09,392.8019104003906,17.889999389648438
2021-06-10,394.62786865234375,16.100000381469727
2021-06-11,395.280029296875,15.649999618530273
2021-06-14,396.16497802734375,16.389999389648438
2021-06-15,395.43841552734375,17.020000457763672
2021-06-16,393.2304992675781,18.149999618530273
2021-06-17,393.1000671386719,17.75
2021-06-18,387.79693603515625,20.700000762939453
2021-06-21,393.3486633300781,17.889999389648438
2021-06-22,395.4515686035156,16.65999984741211
2021-06-23,394.974853515625,16.31999969482422
2021-06-24,397.3115234375,15.970000267028809
2021-06-25,398.7228088378906,15.619999885559082
2021-06-28,399.5265808105469,15.760000228881836
2021-06-29,399.74151611328125,16.020000457763672
2021-06-30,400.0780029296875,15.829999923706055
2021-07-01,402.2931213378906,15.479999542236328
2021-07-02,405.36798095703125,15.069999694824219
2021-07-06,404.6296691894531,16.440000534057617
2021-07-07,406.0596008300781,16.200000762939453
2021-07-08,402.7510681152344,19.0
2021-07-09,407.0503234863281,16.18000030517578
2021-07-12,408.5083923339844,16.170000076293945
2021-07-13,407.11578369140625,17.1200008392334
2021-07-14,407.7232971191406,16.329999923706055
2021-07-15,406.3307800292969,17.010000228881836
2021-07-16,403.14361572265625,18.450000762939453
2021-07-19,397.19000244140625,22.5
2021-07-20,402.8819274902344,19.729999542236328
2021-07-21,406.143798828125,17.90999984741211
2021-07-22,406.99432373046875,17.690000534057617
2021-07-23,411.18145751953125,17.200000762939453
2021-07-26,412.19085693359375,17.579999923706055
2021-07-27,410.312255859375,19.360000610351562
2021-07-28,410.14398193359375,18.309999465942383
2021-07-29,411.8450012207031,17.700000762939453
2021-07-30,409.8448791503906,18.239999771118164
2021-08-02,408.9850769042969,19.459999084472656
2021-08-03,412.3123474121094,18.040000915527344
2021-08-04,410.2842102050781,17.969999313354492
2021-08-05,412.88250732421875,17.280000686645508
2021-08-06,413.56475830078125,16.149999618530273
2021-08-09,413.2282409667969,16.719999313354492
2021-08-10,413.7423400878906,16.790000915527344
2021-08-11,414.77044677734375,16.170000076293945
2021-08-12,416.0134582519531,15.59000015258789
2021-08-13,416.7706298828125,15.449999809265137
2021-08-16,417.7519226074219,16.1200008392334
2021-08-17,415.0133972167969,17.90999984741211
2021-08-18,410.4710388183594,21.56999969482422
2021-08-19,411.1066589355469,21.670000076293945
2021-08-20,414.3778381347656,18.559999465942383
2021-08-23,418.0230407714844,17.149999618530273
2021-08-24,418.6865539550781,17.219999313354492
2021-08-25,419.5650939941406,16.790000915527344
2021-08-26,417.08831787109375,18.84000015258789
2021-08-27,420.8175048828125,16.389999389648438
2021-08-30,422.66802978515625,16.190000534057617
2021-08-31,422.04180908203125,16.479999542236328
2021-09-01,422.26611328125,16.110000610351562
2021-09-02,423.5653381347656,16.40999984741211
2021-09-03,423.46246337890625,16.40999984741211
2021-09-07,421.94842529296875,18.139999389648438
2021-09-08,421.43438720703125,17.959999084472656
2021-09-09,419.63055419921875,18.799999237060547
2021-09-10,416.3218688964844,20.950000762939453
2021-09-13,417.3873596191406,19.3700008392334
2021-09-14,415.135009765625,19.459999084472656
2021-09-15,418.6024475097656,18.18000030517578
2021-09-16,417.9388427734375,18.690000534057617
2021-09-17,413.8677673339844,20.809999465942383
2021-09-20,406.9667663574219,25.709999084472656
2021-09-21,406.5823974609375,24.360000610351562
2021-09-22,410.5484619140625,20.8700008392334
2021-09-23,415.53668212890625,18.6299991607666
2021-09-24,416.2210693359375,17.75
2021-09-27,415.03033447265625,18.760000228881836
2021-09-28,406.6666564941406,23.25
2021-09-29,407.3511657714844,22.559999465942383
2021-09-30,402.37237548828125,23.139999389648438
2021-10-01,407.1542663574219,21.100000381469727
2021-10-04,401.903564453125,22.959999084472656
2021-10-05,406.0854797363281,21.299999237060547
2021-10-06,407.7731018066406,21.0
2021-10-07,411.29864501953125,19.540000915527344
2021-10-08,410.5484619140625,18.770000457763672
2021-10-11,407.57623291015625,20.0
2021-10-12,406.5730285644531,19.850000381469727
2021-10-13,408.0356140136719,18.639999389648438
2021-10-14,414.89910888671875,16.860000610351562
2021-10-15,418.0588684082031,16.299999237060547
2021-10-18,419.29656982421875,16.309999465942383
2021-10-19,422.5313720703125,15.699999809265137
2021-10-20,424.19091796875,15.489999771118164
2021-10-21,425.29736328125,15.010000228881836
2021-10-22,424.856689453125,15.430000305175781
2021-10-25,427.1351013183594,15.239999771118164
2021-10-26,427.51953125,15.979999542236328
2021-10-27,425.6255187988281,16.979999542236328
2021-10-28,429.73223876953125,16.530000686645508
2021-10-29,430.60430908203125,16.260000228881836
2021-11-01,431.34503173828125,16.40999984741211
2021-11-02,433.0889892578125,16.030000686645508
2021-11-03,435.73309326171875,15.100000381469727
2021-11-04,437.7865295410156,15.4399995803833
2021-11-05,439.3055114746094,16.479999542236328
2021-11-08,439.6805114746094,17.219999313354492
2021-11-09,438.2270812988281,17.780000686645508
2021-11-10,434.70166015625,18.729999542236328
2021-11-11,434.8422546386719,17.65999984741211
2021-11-12,438.1240234375,16.290000915527344
2021-11-15,438.2740173339844,16.489999771118164
2021-11-16,440.0086364746094,16.3700008392334
2021-11-17,438.9397888183594,17.110000610351562
2021-11-18,440.4306335449219,17.59000015258789
2021-11-19,439.6429748535156,17.90999984741211
2021-11-22,438.4052734375,19.170000076293945
2021-11-23,438.9866638183594,19.3799991607666
2021-11-24,440.1587219238281,18.579999923706055
2021-11-26,430.34173583984375,28.6200008392334
2021-11-29,435.6205749511719,22.959999084472656
2021-11-30,427.14447021484375,27.190000534057617
2021-12-01,422.4000549316406,31.1200008392334
2021-12-02,428.8697204589844,27.950000762939453
2021-12-03,425.13787841796875,30.670000076293945
2021-12-06,430.1730041503906,27.18000030517578
2021-12-07,439.07110595703125,21.889999389648438
2021-12-08,440.2336730957031,19.899999618530273
2021-12-09,437.261474609375,21.579999923706055
2021-12-10,441.3775634765625,18.690000534057617
2021-12-13,437.4676818847656,20.309999465942383
2021-12-14,434.4578552246094,21.889999389648438
2021-12-15,441.24627685546875,19.290000915527344
2021-12-16,437.35516357421875,20.56999969482422
2021-12-17,432.700439453125,21.56999969482422
2021-12-20,428.0993957519531,22.8700008392334
2021-12-21,435.7019958496094,21.010000228881836
2021-12-22,440.0584716796875,18.6299991607666
2021-12-23,442.7964782714844,17.959999084472656
2021-12-27,449.0630798339844,17.68000030517578
2021-12-28,448.6960144042969,17.540000915527344
2021-12-29,449.27008056640625,16.950000762939453
2021-12-30,448.02801513671875,17.329999923706055
2021-12-31,446.8988952636719,17.219999313354492
2022-01-03,449.48638916015625,16.600000381469727
2022-01-04,449.33587646484375,16.90999984741211
2022-01-05,440.70770263671875,19.729999542236328
2022-01-06,440.2936706542969,19.610000610351562
2022-01-07,438.55291748046875,18.760000228881836
2022-01-10,438.00726318359375,19.399999618530273
2022-01-11,441.9967041015625,18.40999984741211
2022-01-12,443.19171142578125,17.6200008392334
2022-01-13,437.0851135253906,20.309999465942383
2022-01-14,437.2639465332031,19.190000534057617
2022-01-18,429.5201416015625,22.790000915527344
2022-01-19,425.0602111816406,23.850000381469727
2022-01-20,420.3556213378906,25.59000015258789
2022-01-21,412.103759765625,28.850000381469727
2022-01-24,413.8538818359375,29.899999618530273
2022-01-25,408.8010559082031,31.15999984741211
2022-01-26,407.7754821777344,31.959999084472656
2022-01-27,405.7619934082031,30.489999771118164
2022-01-28,415.8392333984375,27.65999984741211
2022-01-31,423.3288879394531,24.829999923706055
2022-02-01,426.18927001953125,21.959999084472656
2022-02-02,430.329345703125,22.09000015258789
2022-02-03,420.2144470214844,24.350000381469727
2022-02-04,422.1903991699219,23.219999313354492
2022-02-07,420.83551025390625,22.860000610351562
2022-02-08,424.2980651855469,21.440000534057617
2022-02-09,430.5081787109375,19.959999084472656
2022-02-10,422.77374267578125,23.90999984741211
2022-02-11,414.4371643066406,27.360000610351562
2022-02-14,413.0823059082031,28.329999923706055
2022-02-15,419.74407958984375,25.700000762939453
2022-02-16,420.2144470214844,24.290000915527344
2022-02-17,411.2381286621094,28.110000610351562
2022-02-18,408.5752868652344,27.75
2022-02-22,404.1905212402344,28.809999465942383
2022-02-23,397.0208740234375,31.020000457763672
2022-02-24,402.9956970214844,30.31999969482422
2022-02-25,411.8873291015625,27.59000015258789
2022-02-28,410.83349609375,30.149999618530273
2022-03-01,404.57635498046875,33.31999969482422
2022-03-02,412.01904296875,30.739999771118164
2022-03-03,409.96783447265625,30.479999542236328
2022-03-04,406.63702392578125,31.979999542236328
2022-03-07,394.649658203125,36.45000076293945
2022-03-08,391.65753173828125,35.130001068115234
2022-03-09,402.158203125,32.45000076293945
2022-03-10,400.34222412109375,30.229999542236328
2022-03-11,395.25189208984375,30.75
2022-03-14,392.36328125,31.770000457763672
2022-03-15,400.9915466308594,29.829999923706055
2022-03-16,409.8831787109375,26.670000076293945
2022-03-17,415.0111999511719,25.670000076293945
2022-03-18,419.55670166015625,23.8700008392334
2022-03-21,419.4340515136719,23.530000686645508
2022-03-22,424.342041015625,22.940000534057617
2022-03-23,418.8771667480469,23.56999969482422
2022-03-24,425.1915283203125,21.670000076293945
2022-03-25,427.2679443359375,20.809999465942383
2022-03-28,430.30706787109375,19.6299991607666
2022-03-29,435.63037109375,18.899999618530273
2022-03-30,432.9404602050781,19.329999923706055
2022-03-31,426.27685546875,20.559999465942383
2022-04-01,427.4849853515625,19.6299991607666
2022-04-04,431.1470947265625,18.56999969482422
2022-04-05,425.7010803222656,21.030000686645508
2022-04-06,421.4443664550781,22.100000381469727
2022-04-07,423.5679931640625,21.549999237060547
2022-04-08,422.4354248046875,21.15999984741211
2022-04-11,415.2150573730469,24.3700008392334
2022-04-12,413.6766052246094,24.260000228881836
2022-04-13,418.4147033691406,21.81999969482422
2022-04-14,413.20465087890625,22.700000762939453
2022-04-18,413.3746032714844,22.170000076293945
2022-04-19,420.0474853515625,21.3700008392334
2022-04-20,419.7359924316406,20.31999969482422
2022-04-21,413.45947265625,22.68000030517578
2022-04-22,402.114501953125,28.209999084472656
2022-04-25,404.4457092285156,27.020000457763672
2022-04-26,392.73272705078125,33.52000045776367
2022-04-27,393.8370361328125,31.600000381469727
2022-04-28,403.78509521484375,29.989999771118164
2022-04-29,388.8629455566406,33.400001525878906
2022-05-02,391.2037048339844,32.34000015258789
2022-05-03,392.9970397949219,29.25
2022-05-04,404.9649353027344,25.420000076293945
2022-05-05,390.57135009765625,31.200000762939453
2022-05-06,388.24005126953125,30.190000534057617
2022-05-09,375.8096618652344,34.75
2022-05-10,376.6779479980469,32.9900016784668
2022-05-11,370.69403076171875,32.560001373291016
2022-05-12,370.30712890625,31.770000457763672
2022-05-13,379.1603088378906,28.8700008392334
2022-05-16,377.621826171875,27.469999313354492
2022-05-17,385.3896484375,26.100000381469727
2022-05-18,369.85406494140625,30.959999084472656
2022-05-19,367.58880615234375,29.350000381469727
2022-05-20,367.74920654296875,29.43000030517578
2022-05-23,374.6299133300781,28.479999542236328
2022-05-24,371.7699890136719,29.450000762939453
2022-05-25,375.0545654296875,28.3700008392334
2022-05-26,382.5486145019531,27.5
2022-05-27,391.9399108886719,25.719999313354492
2022-05-31,389.74078369140625,26.190000534057617
2022-06-01,386.58831787109375,25.690000534057617
2022-06-02,393.9503173828125,24.719999313354492
2022-06-03,387.48492431640625,24.790000915527344
2022-06-06,388.66473388671875,25.06999969482422
2022-06-07,392.39300537109375,24.020000457763672
2022-06-08,388.1268005371094,23.959999084472656
2022-06-09,378.8960266113281,26.09000015258789
2022-06-10,367.9096984863281,27.75
2022-06-13,353.9408264160156,34.02000045776367
2022-06-14,352.874267578125,32.689998626708984
2022-06-15,357.9049987792969,29.6200008392334
2022-06-16,346.0597229003906,32.95000076293945
2022-06-17,346.80572509765625,31.1299991607666
2022-06-21,355.53607177734375,30.190000534057617
2022-06-22,354.8914794921875,28.950000762939453
2022-06-23,358.3703308105469,29.049999237060547
2022-06-24,369.7643737792969,27.229999542236328
2022-06-27,368.3518981933594,26.950000762939453
2022-06-28,360.8255310058594,28.360000610351562
2022-06-29,360.53167724609375,28.15999984741211
2022-06-30,357.6025390625,28.709999084472656
2022-07-01,361.384765625,26.700000762939453
2022-07-05,362.06719970703125,27.540000915527344
2022-07-06,363.29010009765625,26.729999542236328
2022-07-07,368.73114013671875,26.079999923706055
2022-07-08,368.4278259277344,24.639999389648438
2022-07-11,364.21905517578125,26.170000076293945
2022-07-12,360.99609375,27.290000915527344
2022-07-13,359.10028076171875,26.81999969482422
2022-07-14,358.2281799316406,26.399999618530273
2022-07-15,365.0722351074219,24.229999542236328
2022-07-18,362.0577697753906,25.299999237060547
2022-07-19,371.84027099609375,24.5
2022-07-20,374.2100830078125,23.8799991607666
2022-07-21,378.0207214355469,23.110000610351562
2022-07-22,374.513427734375,23.030000686645508
2022-07-25,374.9684143066406,23.360000610351562
2022-07-26,370.53216552734375,24.690000534057617
2022-07-27,380.1535339355469,23.239999771118164
2022-07-28,384.9215393066406,22.329999923706055
2022-07-29,390.5332946777344,21.329999923706055
2022-08-01,389.3768310546875,22.84000015258789
2022-08-02,386.80804443359375,23.93000030517578
2022-08-03,392.865234375,21.950000762939453
2022-08-04,392.5997619628906,21.440000534057617
2022-08-05,391.9361572265625,21.149999618530273
2022-08-08,391.4811706542969,21.290000915527344
2022-08-09,389.9266357421875,21.770000457763672
2022-08-10,398.1166076660156,19.739999771118164
2022-08-11,398.1166076660156,20.200000762939453
2022-08-12,404.8563232421875,19.530000686645508
2022-08-15,406.524658203125,19.950000762939453
2022-08-16,407.32086181640625,19.690000534057617
2022-08-17,404.4297180175781,19.899999618530273
2022-08-18,405.605224609375,19.559999465942383
2022-08-19,400.1546630859375,20.600000381469727
2022-08-22,391.82244873046875,23.799999237060547
2022-08-23,390.8745422363281,24.110000610351562
2022-08-24,392.1257629394531,22.81999969482422
2022-08-25,397.6616516113281,21.780000686645508
2022-08-26,384.201171875,25.559999465942383
2022-08-29,381.66070556640625,26.209999084472656
2022-08-30,377.47088623046875,26.209999084472656
2022-08-31,374.5987243652344,25.8700008392334
2022-09-01,375.774169921875,25.559999465942383
2022-09-02,371.8118896484375,25.469999313354492
2022-09-06,370.408935546875,26.90999984741211
2022-09-07,377.0633544921875,24.639999389648438
2022-09-08,379.52783203125,23.610000610351562
2022-09-09,385.42401123046875,22.790000915527344
2022-09-12,389.56640625,23.8700008392334
2022-09-13,372.62713623046875,27.270000457763672
2022-09-14,374.0489807128906,26.15999984741211
2022-09-15,369.8022766113281,26.270000457763672
2022-09-16,366.9810485839844,26.299999237060547
2022-09-19,369.8270263671875,25.760000228881836
2022-09-20,365.5819091796875,27.15999984741211
2022-09-21,359.2048645019531,27.989999771118164
2022-09-22,356.18756103515625,27.350000381469727
2022-09-23,350.2196960449219,29.920000076293945
2022-09-26,346.7550964355469,32.2599983215332
2022-09-27,345.8699035644531,32.599998474121094
2022-09-28,352.67535400390625,30.18000030517578
2022-09-29,345.3083190917969,31.84000015258789
2022-09-30,339.9686584472656,31.6200008392334
2022-10-03,348.9441833496094,30.100000381469727
2022-10-04,359.7568359375,29.06999969482422
2022-10-05,358.9192199707031,28.549999237060547
2022-10-06,355.2166748046875,30.520000457763672
2022-10-07,345.3083190917969,31.360000610351562
2022-10-10,342.6718444824219,32.45000076293945
2022-10-11,340.5016174316406,33.630001068115234
2022-10-12,339.37847900390625,33.56999969482422
2022-10-13,348.3350830078125,31.940000534057617
2022-10-14,340.3969421386719,32.02000045776367
2022-10-17,349.14410400390625,31.3700008392334
2022-10-18,353.24639892578125,30.5
2022-10-19,350.7431640625,30.760000228881836
2022-10-20,347.8020324707031,29.979999542236328
2022-10-21,356.25421142578125,29.690000534057617
2022-10-24,360.61346435546875,29.850000381469727
2022-10-25,366.3719177246094,28.459999084472656
2022-10-26,363.6116638183594,27.280000686645508
2022-10-27,361.66998291015625,27.389999389648438
2022-10-28,370.2743225097656,25.75
2022-10-31,367.5997314453125,25.8799991607666
2022-11-01,365.99114990234375,25.809999465942383
2022-11-02,356.8061828613281,25.860000610351562
2022-11-03,353.13226318359375,25.299999237060547
2022-11-04,358.2149353027344,24.549999237060547
2022-11-07,361.6414489746094,24.350000381469727
2022-11-08,363.5926818847656,25.540000915527344
2022-11-09,356.10186767578125,26.09000015258789
2022-11-10,375.671142578125,23.530000686645508
2022-11-11,379.30706787109375,22.520000457763672
2022-11-14,376.0804138183594,23.729999542236328
2022-11-15,379.28802490234375,24.540000915527344
2022-11-16,376.39453125,24.110000610351562
2022-11-17,375.2427978515625,23.93000030517578
2022-11-18,376.9466247558594,23.1200008392334
2022-11-21,375.57598876953125,22.360000610351562
2022-11-22,380.6300354003906,21.290000915527344
2022-11-23,383.0286560058594,20.350000381469727
2022-11-25,382.9429931640625,20.5
2022-11-28,376.83233642578125,22.209999084472656
2022-11-29,376.18511962890625,21.889999389648438
2022-11-30,388.0351867675781,20.579999923706055
2022-12-01,387.74969482421875,19.84000015258789
2022-12-02,387.3022766113281,19.059999465942383
2022-12-05,380.3349914550781,20.75
2022-12-06,374.8525695800781,22.170000076293945
2022-12-07,374.2148742675781,22.68000030517578
2022-12-08,377.14642333984375,22.290000915527344
2022-12-09,374.3291015625,22.829999923706055
2022-12-12,379.7258605957031,25.0
2022-12-13,382.6003723144531,22.549999237060547
2022-12-14,380.1541748046875,21.139999389648438
2022-12-15,370.8549499511719,22.829999923706055
2022-12-16,366.4766540527344,22.6200008392334
2022-12-19,363.3690185546875,22.420000076293945
2022-12-20,363.8661804199219,21.479999542236328
2022-12-21,369.3070068359375,20.06999969482422
2022-12-22,364.0383605957031,21.969999313354492
2022-12-23,366.1323547363281,20.8700008392334
2022-12-27,364.6885986328125,21.649999618530273
2022-12-28,360.15625,22.139999389648438
2022-12-29,366.63916015625,21.440000534057617
2022-12-30,365.6733703613281,21.670000076293945
2023-01-03,364.13397216796875,22.899999618530273
2023-01-04,366.9451599121094,22.010000228881836
2023-01-05,362.7571105957031,22.459999084472656
2023-01-06,371.0758361816406,21.1299991607666
2023-01-09,370.8655090332031,21.969999313354492
2023-01-10,373.46630859375,20.579999923706055
2023-01-11,378.1898498535156,21.09000015258789
2023-01-12,379.5667724609375,18.829999923706055
2023-01-13,381.039306640625,18.350000381469727
2023-01-17,380.3412780761719,19.360000610351562
2023-01-18,374.33642578125,20.34000015258789
2023-01-19,371.6112976074219,20.520000457763672
2023-01-20,378.5340576171875,19.850000381469727
2023-01-23,383.075927734375,19.809999465942383
2023-01-24,382.664794921875,19.200000762939453
2023-01-25,382.8082580566406,19.079999923706055
2023-01-26,387.01544189453125,18.729999542236328
2023-01-27,387.90472412109375,18.510000228881836
2023-01-30,383.0376892089844,19.940000534057617
2023-01-31,388.669677734375,19.399999618530273
2023-02-01,392.8003234863281,17.8700008392334
2023-02-02,398.5183410644531,18.729999542236328
2023-02-03,394.2824401855469,18.329999923706055
2023-02-06,391.8728942871094,19.43000030517578
2023-02-07,396.9979553222656,18.65999984741211
2023-02-08,392.6568908691406,19.6299991607666
2023-02-09,389.25286865234375,20.709999084472656
2023-02-10,390.16131591796875,20.530000686645508
2023-02-13,394.74139404296875,20.34000015258789
2023-02-14,394.55975341796875,18.90999984741211
2023-02-15,395.84100341796875,18.229999542236328
2023-02-16,390.39080810546875,20.170000076293945
2023-02-17,389.41546630859375,20.020000457763672
2023-02-21,381.60345458984375,22.8700008392334
2023-02-22,381.0775146484375,22.290000915527344
2023-02-23,383.10467529296875,21.139999389648438
2023-02-24,379.01220703125,21.670000076293945
2023-02-27,380.3030090332031,20.950000762939453
2023-02-28,378.89739990234375,20.700000762939453
2023-03-01,377.44403076171875,20.579999923706055
2023-03-02,380.3794860839844,19.59000015258789
2023-03-03,386.4799499511719,18.489999771118164
2023-03-06,386.7476501464844,18.610000610351562
2023-03-07,380.8193664550781,19.59000015258789
2023-03-08,381.4408874511719,19.110000610351562
2023-03-09,374.4033508300781,22.610000610351562
2023-03-10,369.0009765625,24.799999237060547
2023-03-13,368.4750061035156,26.520000457763672
2023-03-14,374.5659484863281,23.729999542236328
2023-03-15,372.2232360839844,26.139999389648438
2023-03-16,378.7540283203125,22.989999771118164
2023-03-17,374.32537841796875,25.510000228881836
2023-03-20,377.9246520996094,24.149999618530273
2023-03-21,382.8870849609375,21.3799991607666
2023-03-22,376.36016845703125,22.260000228881836
2023-03-23,377.37762451171875,22.610000610351562
2023-03-24,379.8539123535156,21.739999771118164
2023-03-27,380.5642395019531,20.600000381469727
2023-03-28,379.71002197265625,19.969999313354492
2023-03-29,385.2290344238281,19.1200008392334
2023-03-30,387.48468017578125,19.020000457763672
2023-03-31,392.9461669921875,18.700000762939453
2023-04-03,394.4435119628906,18.549999237060547
2023-04-04,392.25506591796875,19.0
2023-04-05,391.2280578613281,19.079999923706055
2023-04-06,392.75408935546875,18.399999618530273
2023-04-10,393.1571960449219,18.969999313354492
2023-04-11,393.26287841796875,19.100000381469727
2023-04-12,391.6599426269531,19.09000015258789
2023-04-13,396.8622741699219,17.799999237060547
2023-04-14,395.8928527832031,17.06999969482422
2023-04-17,397.31329345703125,16.950000762939453
2023-04-18,397.57244873046875,16.829999923706055
2023-04-19,397.50531005859375,16.459999084472656
2023-04-20,395.33612060546875,17.170000076293945
2023-04-21,395.6432800292969,16.770000457763672
2023-04-24,396.0560302734375,16.889999389648438
2023-04-25,389.76904296875,18.760000228881836
2023-04-26,388.1181335449219,18.84000015258789
2023-04-27,395.8448181152344,17.030000686645508
2023-04-28,399.223388671875,15.779999732971191
2023-05-01,398.8202819824219,16.079999923706055
2023-05-02,394.33782958984375,17.780000686645508
2023-05-03,391.6311950683594,18.34000015258789
2023-05-04,388.8572692871094,20.09000015258789
2023-05-05,396.0560302734375,17.190000534057617
2023-05-08,396.16156005859375,16.979999542236328
2023-05-09,394.42425537109375,17.709999084472656
2023-05-10,396.2671813964844,16.940000534057617
2023-05-11,395.5760498046875,16.93000030517578
2023-05-12,395.0577087402344,17.030000686645508
2023-05-15,396.42071533203125,17.1200008392334
2023-05-16,393.7715759277344,17.989999771118164
2023-05-17,398.5515441894531,16.8700008392334
2023-05-18,402.3908996582031,16.049999237060547
2023-05-19,401.8053283691406,16.809999465942383
2023-05-22,401.9685363769531,17.209999084472656
2023-05-23,397.4573059082031,18.530000686645508
2023-05-24,394.5777893066406,20.030000686645508
2023-05-25,397.9948425292969,19.139999389648438
2023-05-26,403.1491394042969,17.950000762939453
2023-05-30,403.302734375,17.459999084472656
2023-05-31,401.0663146972656,17.940000534057617
2023-06-01,404.8768310546875,15.649999618530273
2023-06-02,410.7318115234375,14.600000381469727
2023-06-05,409.9447937011719,14.729999542236328
2023-06-06,410.8373718261719,13.960000038146973
2023-06-07,409.4168395996094,13.9399995803833
2023-06-08,411.8931884765625,13.649999618530273
2023-06-09,412.6322937011719,13.829999923706055
2023-06-12,416.3756408691406,15.010000228881836
2023-06-13,419.1207580566406,14.609999656677246
2023-06-14,419.6199035644531,13.880000114440918
2023-06-15,424.8221435546875,14.5
2023-06-16,423.3751525878906,13.539999961853027
2023-06-20,421.1786193847656,13.880000114440918
2023-06-21,419.0206604003906,13.199999809265137
2023-06-22,420.5331115722656,12.90999984741211
2023-06-23,417.35394287109375,13.4399995803833
2023-06-26,415.648681640625,14.25
2023-06-27,420.20556640625,13.739999771118164
2023-06-28,420.41754150390625,13.430000305175781
2023-06-29,422.0744934082031,13.539999961853027
2023-06-30,427.0553894042969,13.59000015258789
2023-07-03,427.54669189453125,13.569999694824219
2023-07-05,426.9107666015625,14.180000305175781
2023-07-06,423.5677795410156,15.4399995803833
2023-07-07,422.4984130859375,14.829999923706055
2023-07-10,423.5677795410156,15.069999694824219
2023-07-11,426.2653503417969,14.84000015258789
2023-07-12,429.69500732421875,13.539999961853027
2023-07-13,433.1054382324219,13.609999656677246
2023-07-14,432.835693359375,13.34000015258789
2023-07-17,434.3386535644531,13.479999542236328
2023-07-18,437.5660400390625,13.300000190734863
2023-07-19,438.53900146484375,13.760000228881836
2023-07-20,435.6295471191406,13.989999771118164
2023-07-21,435.6295471191406,13.600000381469727
2023-07-24,437.5756530761719,13.90999984741211
2023-07-25,438.770263671875,13.859999656677246
2023-07-26,438.83770751953125,13.1899995803833
2023-07-27,435.92816162109375,14.40999984741211
2023-07-28,440.19610595703125,13.329999923706055
2023-07-31,441.0342712402344,13.630000114440918
2023-08-01,439.7721862792969,13.930000305175781
2023-08-02,433.65460205078125,16.09000015258789
2023-08-03,432.4118347167969,15.920000076293945
2023-08-04,430.4560852050781,17.100000381469727
2023-08-07,434.2133483886719,15.770000457763672
2023-08-08,432.32513427734375,15.989999771118164
2023-08-09,429.4349060058594,15.960000038146973
2023-08-10,429.5890808105469,15.850000381469727
2023-08-11,429.33856201171875,14.84000015258789
2023-08-14,431.7085876464844,14.819999694824219
2023-08-15,426.6795959472656,16.459999084472656
2023-08-16,423.548583984375,16.780000686645508
2023-08-17,420.3211669921875,17.889999389648438
2023-08-18,420.5234680175781,17.299999237060547
2023-08-21,423.25958251953125,17.1299991607666
2023-08-22,422.11309814453125,16.969999313354492
2023-08-23,426.8144836425781,15.979999542236328
2023-08-24,420.8992614746094,17.200000762939453
2023-08-25,423.8664245605469,15.680000305175781
2023-08-28,426.55438232421875,15.079999923706055
2023-08-29,432.7200927734375,14.449999809265137
2023-08-30,434.5024108886719,13.880000114440918
2023-08-31,433.8665466308594,13.569999694824219
2023-09-01,434.67578125,13.09000015258789
2023-09-05,432.79718017578125,14.010000228881836
2023-09-06,429.88775634765625,14.449999809265137
2023-09-07,428.56787109375,14.399999618530273
2023-09-08,429.2132873535156,13.84000015258789
2023-09-11,432.0361022949219,13.800000190734863
2023-09-12,429.6661376953125,14.229999542236328
2023-09-13,430.1671447753906,13.479999542236328
2023-09-14,433.876220703125,12.819999694824219
2023-09-15,428.6487121582031,13.789999961853027
2023-09-18,428.900146484375,14.0
2023-09-19,428.0106201171875,14.109999656677246
2023-09-20,424.0757751464844,15.140000343322754
2023-09-21,417.0664978027344,17.540000915527344
2023-09-22,416.12872314453125,17.200000762939453
2023-09-25,417.8786315917969,16.899999618530273
2023-09-26,411.7394714355469,18.940000534057617
2023-09-27,411.9037780761719,18.219999313354492
2023-09-28,414.2917175292969,17.34000015258789
2023-09-29,413.28631591796875,17.520000457763672
2023-10-02,413.1219482421875,17.610000610351562
2023-10-03,407.59185791015625,19.780000686645508
2023-10-04,410.5599670410156,18.579999923706055
2023-10-05,410.4052734375,18.489999771118164
2023-10-06,415.2779235839844,17.450000762939453
2023-10-09,417.9366149902344,17.700000762939453
2023-10-10,420.1119384765625,17.030000686645508
2023-10-11,421.8328552246094,16.09000015258789
2023-10-12,419.2611389160156,16.690000534057617
2023-10-13,417.1728515625,19.31999969482422
2023-10-16,421.5621337890625,17.209999084472656
2023-10-17,421.5428161621094,17.8799991607666
2023-10-18,415.9256591796875,19.219999313354492
2023-10-19,412.27117919921875,21.399999618530273
2023-10-20,407.2051696777344,21.709999084472656
2023-10-23,406.4993896484375,20.3700008392334
2023-10-24,409.5641174316406,18.969999313354492
2023-10-25,403.6860046386719,20.190000534057617
2023-10-26,398.85198974609375,20.68000030517578
2023-10-27,397.0440979003906,21.270000457763672
2023-10-30,401.7911071777344,19.75
2023-10-31,404.314453125,18.139999389648438
2023-11-01,408.6263732910156,16.8700008392334
2023-11-02,416.4573974609375,15.65999984741211
2023-11-03,420.2569274902344,14.90999984741211
2023-11-06,421.22369384765625,14.890000343322754
2023-11-07,422.4225769042969,14.8100004196167
2023-11-08,422.7319641113281,14.449999809265137
2023-11-09,419.4351501464844,15.289999961853027
2023-11-10,425.9803161621094,14.170000076293945
2023-11-13,425.5743103027344,14.760000228881836
2023-11-14,433.83074951171875,14.15999984741211
2023-11-15,434.7491760253906,14.180000305175781
2023-11-16,435.28094482421875,14.319999694824219
2023-11-17,435.8223571777344,13.800000190734863
2023-11-20,439.1771240234375,13.40999984741211
2023-11-21,438.219970703125,13.350000381469727
2023-11-22,439.9118957519531,12.850000381469727
2023-11-24,440.1826171875,12.460000038146973
2023-11-27,439.389892578125,12.6899995803833
2023-11-28,439.8248596191406,12.6899995803833
2023-11-29,439.5154724121094,12.979999542236328
2023-11-30,441.24609375,12.920000076293945
2023-12-01,443.8564147949219,12.630000114440918
2023-12-04,441.5264587402344,13.079999923706055
2023-12-05,441.439453125,12.850000381469727
2023-12-06,439.66058349609375,12.970000267028809
2023-12-07,443.01531982421875,13.0600004196167
2023-12-08,444.919921875,12.350000381469727
2023-12-11,446.65045166015625,12.630000114440918
2023-12-12,448.6903991699219,12.069999694824219
2023-12-13,454.87786865234375,12.1899995803833
2023-12-14,456.3377685546875,12.479999542236328
2023-12-15,455.5863952636719,12.279999732971191
2023-12-18,458.1491394042969,12.5600004196167
2023-12-19,460.9350891113281,12.529999732971191
2023-12-20,454.5478210449219,13.670000076293945
2023-12-21,458.8577575683594,13.649999618530273
2023-12-22,459.77996826171875,13.029999732971191
2023-12-26,461.7214050292969,12.989999771118164
2023-12-27,462.55621337890625,12.430000305175781
2023-12-28,462.73089599609375,12.470000267028809
2023-12-29,461.3913269042969,12.449999809265137
2024-01-02,458.8092346191406,13.199999809265137
2024-01-03,455.062255859375,14.039999961853027
2024-01-04,453.5964660644531,14.130000114440918
2024-01-05,454.2177429199219,13.350000381469727
2024-01-08,460.70208740234375,13.079999923706055
2024-01-09,460.00323486328125,12.760000228881836
2024-01-10,462.6047058105469,12.6899995803833
2024-01-11,462.4008483886719,12.4399995803833
2024-01-12,462.72119140625,12.699999809265137
2024-01-16,461.0224914550781,13.84000015258789
2024-01-17,458.459716796875,14.789999961853027
2024-01-18,462.53680419921875,14.130000114440918
2024-01-19,468.30279541015625,13.300000190734863
2024-01-22,469.29302978515625,13.1899995803833
2024-01-23,470.66162109375,12.550000190734863
2024-01-24,471.1761474609375,13.140000343322754
2024-01-25,473.7388610839844,13.449999809265137
2024-01-26,473.1369934082031,13.260000228881836
2024-01-29,476.8838806152344,13.600000381469727
2024-01-30,476.51507568359375,13.3100004196167
2024-01-31,468.7396545410156,14.350000381469727
2024-02-01,474.87457275390625,13.880000114440918
2024-02-02,479.8738098144531,13.850000381469727
2024-02-05,478.1264343261719,13.670000076293945
2024-02-06,479.5146179199219,13.0600004196167
2024-02-07,483.51397705078125,12.829999923706055
2024-02-08,483.7275085449219,12.789999961853027
2024-02-09,486.523193359375,12.930000305175781
2024-02-12,486.3096008300781,13.930000305175781
2024-02-13,479.6116943359375,15.850000381469727
2024-02-14,483.9701843261719,14.380000114440918
2024-02-15,487.3094482421875,14.010000228881836
2024-02-16,484.8826599121094,14.239999771118164
2024-02-20,482.2132263183594,15.420000076293945
2024-02-21,482.6500244140625,15.34000015258789
2024-02-22,492.6387023925781,14.539999961853027
2024-02-23,492.97845458984375,13.75
2024-02-26,491.17291259765625,13.739999771118164
2024-02-27,492.08538818359375,13.430000305175781
2024-02-28,491.43499755859375,13.84000015258789
2024-02-29,493.20172119140625,13.399999618530273
2024-03-01,497.83197021484375,13.109999656677246
2024-03-04,497.298095703125,13.489999771118164
2024-03-05,492.32806396484375,14.460000038146973
2024-03-06,494.82281494140625,14.5
2024-03-07,499.7345886230469,14.4399995803833
2024-03-08,496.735107421875,14.739999771118164
2024-03-11,496.3080139160156,15.220000267028809
2024-03-12,501.64691162109375,13.84000015258789
2024-03-13,500.8606262207031,13.75
2024-03-14,499.87054443359375,14.399999618530273
2024-03-15,496.4381408691406,14.40999984741211
2024-03-18,499.38848876953125,14.329999923706055
2024-03-19,502.1636962890625,13.819999694824219
2024-03-20,506.808349609375,13.039999961853027
2024-03-21,508.483154296875,12.920000076293945
2024-03-22,507.5192565917969,13.0600004196167
2024-03-25,506.1170349121094,13.1899995803833
2024-03-26,505.1822509765625,13.239999771118164
2024-03-27,509.4277648925781,12.779999732971191
2024-03-28,509.330322265625,13.010000228881836
2024-04-01,508.4442443847656,13.649999618530273
2024-04-02,505.21148681640625,14.609999656677246
2024-04-03,505.7664489746094,14.329999923706055
2024-04-04,499.5930480957031,16.350000381469727
2024-04-05,504.81219482421875,16.030000686645508
2024-04-08,505.094482421875,15.1899995803833
2024-04-09,505.67877197265625,14.979999542236328
2024-04-10,500.61541748046875,15.800000190734863
2024-04-11,504.39349365234375,14.90999984741211
2024-04-12,497.4313659667969,17.309999465942383
2024-04-15,491.1994934082031,19.229999542236328
2024-04-16,490.3035888671875,18.399999618530273
2024-04-17,487.4018859863281,18.209999084472656
2024-04-18,486.39892578125,18.0
2024-04-19,482.15350341796875,18.709999084472656
2024-04-22,486.5937194824219,16.940000534057617
2024-04-23,492.3679504394531,15.6899995803833
2024-04-24,492.13427734375,15.970000267028809
2024-04-25,490.2646789550781,15.369999885559082
2024-04-26,494.9093933105469,15.029999732971191
2024-04-29,496.6620788574219,14.670000076293945
2024-04-30,488.7943115234375,15.649999618530273
2024-05-01,487.2071228027344,15.390000343322754
2024-05-02,491.7641906738281,14.680000305175781
2024-05-03,497.8598327636719,13.489999771118164
2024-05-06,503.0010986328125,13.489999771118164
2024-05-07,503.5561218261719,13.229999542236328
2024-05-08,503.60479736328125,13.0
2024-05-09,506.5064697265625,12.6899995803833
2024-05-10,507.1589660644531,12.550000190734863
2024-05-13,507.22705078125,13.600000381469727
2024-05-14,509.5542907714844,13.420000076293945
2024-05-15,515.8641357421875,12.449999809265137
2024-05-16,514.802734375,12.420000076293945
2024-05-17,515.542724609375,11.989999771118164
2024-05-20,516.1368408203125,12.149999618530273
2024-05-21,517.4026489257812,11.859999656677246
2024-05-22,515.9127807617188,12.289999961853027
2024-05-23,512.14453125,12.770000457763672
2024-05-24,515.5330810546875,11.930000305175781
2024-05-28,515.893310546875,12.920000076293945
2024-05-29,512.2807006835938,14.279999732971191
2024-05-30,508.8824462890625,14.470000267028809
2024-05-31,513.5173950195312,12.920000076293945
2024-06-03,513.9361572265625,13.109999656677246
2024-06-04,514.510498046875,13.15999984741211
2024-06-05,520.6256103515625,12.630000114440918
2024-06-06,520.6159057617188,12.579999923706055
2024-06-07,519.9830932617188,12.220000267028809
2024-06-10,521.589599609375,12.739999771118164
2024-06-11,522.8457641601562,12.850000381469727
2024-06-12,527.1398315429688,12.039999961853027
2024-06-13,528.2012329101562,11.9399995803833
2024-06-14,528.522705078125,12.65999984741211
2024-06-17,532.729248046875,12.75
2024-06-18,534.0825805664062,12.300000190734863
2024-06-20,532.6317749023438,13.279999732971191
2024-06-21,531.917724609375,13.199999809265137
2024-06-24,530.1885986328125,13.329999923706055
2024-06-25,532.230224609375,12.84000015258789
2024-06-26,532.8945922851562,12.550000190734863
2024-06-27,533.7346801757812,12.239999771118164
2024-06-28,531.6344604492188,12.4399995803833
2024-07-01,532.7284545898438,12.220000267028809
2024-07-02,536.3136596679688,12.029999732971191
2024-07-03,538.7069091796875,12.09000015258789
2024-07-05,541.8134765625,12.479999542236328
2024-07-08,542.4385986328125,12.369999885559082
2024-07-09,542.9661254882812,12.510000228881836
2024-07-10,548.3388671875,12.850000381469727
2024-07-11,543.6109008789062,12.920000076293945
2024-07-12,547.0397338867188,12.460000038146973
2024-07-15,548.5441284179688,13.119999885559082
2024-07-16,551.7969970703125,13.1899995803833
2024-07-17,544.0601806640625,14.479999542236328
2024-07-18,539.8792114257812,15.930000305175781
2024-07-19,536.2940673828125,16.520000457763672
2024-07-22,541.8232421875,14.90999984741211
2024-07-23,540.9733276367188,14.720000267028809
2024-07-24,528.7134399414062,18.040000915527344
2024-07-25,525.9588012695312,18.459999084472656
2024-07-26,531.8493041992188,16.389999389648438
2024-07-29,532.1619262695312,16.600000381469727
2024-07-30,529.4657592773438,17.690000534057617
2024-07-31,538.0720825195312,16.360000610351562
2024-08-01,530.4523315429688,18.59000015258789
2024-08-02,520.5762329101562,23.389999389648438
2024-08-05,505.4150695800781,38.56999969482422
2024-08-06,510.07489013671875,27.709999084472656
2024-08-07,506.6653747558594,27.850000381469727
2024-08-08,518.378173828125,23.790000915527344
2024-08-09,520.6641235351562,20.3700008392334
2024-08-12,520.9376831054688,20.709999084472656
2024-08-13,529.5047607421875,18.1200008392334
2024-08-14,531.1752319335938,16.190000534057617
2024-08-15,540.27978515625,15.229999542236328
2024-08-16,541.4911499023438,14.800000190734863
2024-08-19,546.66845703125,14.649999618530273
2024-08-20,545.779541015625,15.880000114440918
2024-08-21,547.6550903320312,16.270000457763672
2024-08-22,543.3567504882812,17.549999237060547
2024-08-23,549.1301879882812,15.859999656677246
2024-08-26,547.8212280273438,16.149999618530273
2024-08-27,548.5733642578125,15.430000305175781
2024-08-28,545.3887329101562,17.110000610351562
2024-08-29,545.4376220703125,15.649999618530273
2024-08-30,550.6443481445312,15.0
2024-09-03,539.3126831054688,20.719999313354492
2024-09-04,538.208740234375,21.31999969482422
2024-09-05,536.8997802734375,19.899999618530273
2024-09-06,527.8635864257812,22.3799991607666
2024-09-09,533.7737426757812,19.450000762939453
2024-09-10,536.0986328125,19.079999923706055
2024-09-11,541.5985107421875,17.690000534057617
2024-09-12,546.1604614257812,17.06999969482422
2024-09-13,549.0130004882812,16.559999465942383
2024-09-16,549.8238525390625,17.139999389648438
2024-09-17,550.0485229492188,17.610000610351562
2024-09-18,548.4170532226562,18.229999542236328
2024-09-19,557.775634765625,16.329999923706055
2024-09-20,556.8113403320312,16.149999618530273
2024-09-23,558.2026977539062,15.890000343322754
2024-09-24,559.7999267578125,15.390000343322754
2024-09-25,558.5652465820312,15.40999984741211
2024-09-26,560.7798461914062,15.369999885559082
2024-09-27,559.9664916992188,16.959999084472656
2024-09-30,562.21044921875,16.729999542236328
2024-10-01,557.1738891601562,19.260000228881836
2024-10-02,557.4090576171875,18.899999618530273
2024-10-03,556.3899536132812,20.489999771118164
2024-10-04,561.446044921875,19.209999084472656
2024-10-07,556.370361328125,22.639999389648438
2024-10-08,561.6322631835938,21.420000076293945
2024-10-09,565.5223388671875,20.860000610351562
2024-10-10,564.5327758789062,20.93000030517578
2024-10-11,567.913330078125,20.459999084472656
2024-10-14,572.557861328125,19.700000762939453
2024-10-15,568.1093139648438,20.639999389648438
2024-10-16,570.5785522460938,19.579999923706055
2024-10-17,570.6275024414062,19.110000610351562
2024-10-18,572.8224487304688,18.030000686645508
2024-10-21,571.8817749023438,18.3700008392334
2024-10-22,571.5780029296875,18.200000762939453
2024-10-23,566.3551635742188,19.239999771118164
2024-10-24,567.5801391601562,19.079999923706055
2024-10-25,567.3841552734375,20.329999923706055
2024-10-28,569.1381225585938,19.799999237060547
2024-10-29,570.0592041015625,19.34000015258789
2024-10-30,568.3346557617188,20.350000381469727
2024-10-31,557.1934814453125,23.15999984741211
2024-11-01,559.545166015625,21.8799991607666
2024-11-04,558.3399658203125,21.979999542236328
2024-11-05,565.0911865234375,20.489999771118164
2024-11-06,579.1425170898438,16.270000457763672
2024-11-07,583.6204833984375,15.199999809265137
2024-11-08,586.148681640625,14.9399995803833
2024-11-11,586.7072143554688,14.970000267028809
2024-11-12,584.8846435546875,14.710000038146973
2024-11-13,585.168701171875,14.020000457763672
2024-11-14,581.4060668945312,14.3100004196167
2024-11-15,573.9590454101562,16.139999389648438
2024-11-18,576.310791015625,15.579999923706055
2024-11-19,578.4174194335938,16.350000381469727
2024-11-20,578.6134033203125,17.15999984741211
2024-11-21,581.7196655273438,16.8700008392334
2024-11-22,583.5225830078125,15.239999771118164
2024-11-25,585.5020141601562,14.600000381469727
2024-11-26,588.5592041015625,14.100000381469727
2024-11-27,586.7757568359375,14.100000381469727
2024-11-29,590.4208374023438,13.510000228881836
2024-12-02,591.4791870117188,13.34000015258789
2024-12-03,591.7534790039062,13.300000190734863
2024-12-04,595.427978515625,13.449999809265137
2024-12-05,594.4481201171875,13.539999961853027
2024-12-06,595.5750122070312,12.770000457763672
2024-12-09,592.508056640625,14.1899995803833
2024-12-10,590.6658935546875,14.180000305175781
2024-12-11,595.2321166992188,13.579999923706055
2024-12-12,592.1651000976562,13.920000076293945
2024-12-13,592.0474853515625,13.8100004196167
2024-12-16,594.5755004882812,14.6899995803833
2024-12-17,592.1258544921875,15.869999885559082
2024-12-18,574.4783935546875,27.6200008392334
2024-12-19,574.3019409179688,24.09000015258789
2024-12-20,581.199951171875,18.360000610351562
2024-12-23,584.6803588867188,16.780000686645508
2024-12-24,591.1790161132812,14.270000457763672
2024-12-26,591.218505859375,14.729999542236328
2024-12-27,584.9949340820312,15.949999809265137
2024-12-30,578.3192138671875,17.399999618530273
2024-12-31,576.2152709960938,17.350000381469727
2025-01-02,574.7994995117188,17.93000030517578
2025-01-03,581.9864501953125,16.1299991607666
2025-01-06,585.3389892578125,16.040000915527344
2025-01-07,578.7222900390625,17.81999969482422
2025-01-08,579.5679321289062,17.700000762939453
2025-01-10,570.7192993164062,19.540000915527344
2025-01-13,571.604248046875,19.190000534057617
2025-01-14,572.3907470703125,18.709999084472656
2025-01-15,582.8025512695312,16.1200008392334
2025-01-16,581.6817016601562,16.600000381469727
2025-01-17,587.5217895507812,15.970000267028809
2025-01-21,592.8995971679688,15.0600004196167
2025-01-22,596.2326049804688,15.100000381469727
2025-01-23,599.48681640625,15.020000457763672
2025-01-24,597.7367553710938,14.850000381469727
2025-01-27,589.2816162109375,17.899999618530273
2025-01-28,594.3449096679688,16.40999984741211
2025-01-29,591.6805419921875,16.559999465942383
2025-01-30,594.8560791015625,15.84000015258789
2025-01-31,591.6903076171875,16.43000030517578
2025-02-03,587.70849609375,18.6200008392334
2025-02-04,591.6510009765625,17.209999084472656
2025-02-05,594.0499267578125,15.770000457763672
2025-02-06,596.1146240234375,15.5
2025-02-07,590.6580810546875,16.540000915527344
2025-02-10,594.6693725585938,15.8100004196167
2025-02-11,595.12158203125,16.020000457763672
2025-02-12,593.2044067382812,15.890000343322754
2025-02-13,599.4671630859375,15.100000381469727
2025-02-14,599.4376831054688,14.770000457763672
2025-02-18,601.1975708007812,15.350000381469727
2025-02-19,602.6133422851562,15.270000457763672
2025-02-20,600.1062622070312,15.65999984741211
2025-02-21,589.8419799804688,18.209999084472656
2025-02-24,587.157958984375,18.979999542236328
2025-02-25,584.2379150390625,19.43000030517578
2025-02-26,584.5328369140625,19.100000381469727
2025-02-27,575.2025756835938,21.1299991607666
2025-02-28,584.1788940429688,19.6299991607666
2025-03-03,573.9441528320312,22.780000686645508
2025-03-04,567.1504516601562,23.510000228881836
2025-03-05,573.24609375,21.93000030517578
2025-03-06,563.0702514648438,24.8700008392334
2025-03-07,566.2262573242188,23.3700008392334
2025-03-10,551.1444702148438,27.860000610351562
2025-03-11,546.5628662109375,26.920000076293945
2025-03-12,549.4633178710938,24.229999542236328
2025-03-13,542.1386108398438,24.65999984741211
2025-03-14,553.3369750976562,21.770000457763672
2025-03-17,557.6039428710938,20.510000228881836
2025-03-18,551.5770874023438,21.700000762939453
2025-03-19,557.5842895507812,19.899999618530273
2025-03-20,555.971923828125,19.799999237060547
2025-03-21,556.1552734375,19.280000686645508
2025-03-24,566.115234375,17.479999542236328
2025-03-25,567.4759521484375,17.149999618530273
2025-03-26,560.7012939453125,18.329999923706055
2025-03-27,559.2122192382812,18.690000534057617
2025-03-28,547.9507446289062,21.649999618530273
2025-03-31,551.6289672851562,22.280000686645508
2025-04-01,553.1870727539062,21.770000457763672
2025-04-02,556.6878662109375,21.510000228881836
2025-04-03,529.2538452148438,30.020000457763672
2025-04-04,498.2696838378906,45.310001373291016
2025-04-07,497.3821716308594,46.97999954223633
2025-04-08,489.5918273925781,52.33000183105469
2025-04-09,541.0084228515625,33.619998931884766
2025-04-10,517.3018798828125,40.720001220703125
2025-04-11,526.531982421875,37.560001373291016
2025-04-14,531.64013671875,30.889999389648438
2025-04-15,530.151123046875,30.1200008392334
2025-04-16,518.3668212890625,32.63999938964844
2025-04-17,519.1065063476562,29.649999618530273
2025-04-21,506.7503662109375,33.81999969482422
2025-04-22,519.9348754882812,30.56999969482422
2025-04-23,527.9915161132812,28.450000762939453
2025-04-24,539.105224609375,26.469999313354492
2025-04-25,543.0003662109375,24.84000015258789
2025-04-28,543.2074584960938,25.149999618530273
2025-04-29,546.6292724609375,24.170000076293945
2025-04-30,546.84619140625,24.700000762939453
2025-05-01,550.7217407226562,24.600000381469727
2025-05-02,558.896728515625,22.68000030517578
2025-05-05,555.6917724609375,23.639999389648438
2025-05-06,551.047119140625,24.760000228881836
2025-05-07,553.3645629882812,23.549999237060547
2025-05-08,557.2203369140625,22.479999542236328
2025-05-09,556.51025390625,21.899999618530273
2025-05-12,574.9015502929688,18.389999389648438
2025-05-13,578.6981811523438,18.219999313354492
2025-05-14,579.4376831054688,18.6200008392334
2025-05-15,582.2678833007812,17.829999923706055
2025-05-16,585.9559326171875,17.239999771118164
2025-05-19,586.596923828125,18.139999389648438
2025-05-20,584.624755859375,18.09000015258789
2025-05-21,574.7733154296875,20.8700008392334
2025-05-22,575.0001831054688,20.280000686645508
2025-05-23,571.0752563476562,22.290000915527344
2025-05-27,582.9483032226562,18.959999084472656
2025-05-28,579.5758056640625,19.309999465942383
2025-05-29,581.8635864257812,19.18000030517578
2025-05-30,581.2127685546875,18.56999969482422
2025-06-02,584.4866333007812,18.360000610351562
2025-06-03,587.8197631835938,17.690000534057617
2025-06-04,587.6619873046875,17.610000610351562
2025-06-05,584.8219604492188,18.479999542236328
2025-06-06,590.8274536132812,16.770000457763672
2025-06-09,591.3599243164062,17.15999984741211
2025-06-10,594.7128295898438,16.950000762939453
2025-06-11,593.0166625976562,17.260000228881836
2025-06-12,595.3734741210938,18.020000457763672
2025-06-13,588.7171630859375,20.81999969482422
2025-06-16,594.3182983398438,19.110000610351562
2025-06-17,589.2398681640625,21.600000381469727
2025-06-18,589.1510009765625,20.139999389648438
2025-06-20,587.7674560546875,20.6200008392334
2025-06-23,593.572998046875,19.829999923706055
2025-06-24,600.13037109375,17.479999542236328
2025-06-25,600.4666137695312,16.760000228881836
2025-06-26,605.1646728515625,16.59000015258789
2025-06-27,608.1713256835938,16.31999969482422
2025-06-30,611.0790405273438,16.729999542236328
2025-07-01,610.8812866210938,16.829999923706055
2025-07-02,613.6505737304688,16.639999389648438
2025-07-03,618.487060546875,16.3799991607666
2025-07-07,613.8780517578125,17.790000915527344
2025-07-08,613.5418090820312,16.809999465942383
2025-07-09,617.2210083007812,15.9399995803833
2025-07-10,618.961669921875,15.779999732971191
2025-07-11,616.7858276367188,16.399999618530273
2025-07-14,617.9627685546875,17.200000762939453
2025-07-15,615.3220825195312,17.3799991607666
2025-07-16,617.3792114257812,17.15999984741211
2025-07-17,621.1574096679688,16.520000457763672
2025-07-18,620.7024536132812,16.40999984741211
2025-07-21,621.87939453125,16.649999618530273
2025-07-22,621.9683837890625,16.5
2025-07-23,627.259765625,15.369999885559082
2025-07-24,627.4674682617188,15.390000343322754
2025-07-25,630.1180419921875,14.930000305175781
2025-07-28,629.9598999023438,15.029999732971191
2025-07-29,628.2982788085938,15.979999542236328
2025-07-30,627.507080078125,15.479999542236328
2025-07-31,625.1531372070312,16.719999313354492
2025-08-01,614.9066162109375,20.3799991607666
2025-08-04,624.2530517578125,17.520000457763672
2025-08-05,621.088134765625,17.850000381469727
2025-08-06,625.8455200195312,16.770000457763672
2025-08-07,625.3212890625,16.56999969482422
2025-08-08,630.197265625,15.149999618530273
2025-08-11,628.9510498046875,16.25
2025-08-12,635.6468505859375,14.729999542236328
2025-08-13,637.82275390625,14.489999771118164
2025-08-14,637.8821411132812,14.829999923706055
2025-08-15,636.388671875,15.09000015258789
2025-08-18,636.2501831054688,14.989999771118164
2025-08-19,632.7984008789062,15.569999694824219
2025-08-20,631.1170043945312,15.6899995803833
2025-08-21,628.5850830078125,16.600000381469727
2025-08-22,638.2381591796875,14.220000267028809
2025-08-25,635.42919921875,14.789999961853027
2025-08-26,638.0897827148438,14.619999885559082
2025-08-27,639.5436401367188,14.850000381469727
2025-08-28,641.80859375,14.430000305175781
2025-08-29,637.98095703125,15.359999656677246
2025-09-02,633.2533569335938,17.170000076293945
2025-09-03,636.685302734375,16.350000381469727
2025-09-04,642.0064697265625,15.300000190734863
2025-09-05,640.1469116210938,15.180000305175781
2025-09-08,641.7196655273438,15.109999656677246
2025-09-09,643.203125,15.039999961853027
2025-09-10,645.0625610351562,15.350000381469727
2025-09-11,650.423095703125,14.710000038146973
2025-09-12,650.2054443359375,14.760000228881836
2025-09-15,653.6671752929688,15.6899995803833
2025-09-16,652.7671508789062,16.360000610351562
2025-09-17,651.9561767578125,15.720000267028809
2025-09-18,655.0023803710938,15.699999809265137
2025-09-19,658.2465209960938,15.449999809265137
2025-09-22,661.3607177734375,16.100000381469727
2025-09-23,657.7606201171875,16.639999389648438
2025-09-24,655.6678466796875,16.18000030517578
2025-09-25,652.6429443359375,16.739999771118164
2025-09-26,656.3820190429688,15.289999961853027
2025-09-29,658.2266845703125,16.1200008392334
2025-09-30,660.7061157226562,16.280000686645508
2025-10-01,662.95751953125,16.290000915527344
2025-10-02,663.7210693359375,16.6299991607666
2025-10-03,663.7112426757812,16.649999618530273
2025-10-06,666.0914916992188,16.3700008392334
2025-10-07,663.6219482421875,17.239999771118164
2025-10-08,667.5791625976562,16.299999237060547
2025-10-09,665.6452026367188,16.43000030517578
2025-10-10,647.6542358398438,21.65999984741211
2025-10-13,657.5919189453125,19.030000686645508
2025-10-14,656.78857421875,20.809999465942383
2025-10-15,659.7044677734375,20.639999389648438
2025-10-16,655.211669921875,25.309999465942383
2025-10-17,658.9308471679688,20.780000686645508
2025-10-20,665.7840576171875,18.229999542236328
2025-10-21,665.7740478515625,17.8700008392334
2025-10-22,662.3128051757812,18.600000381469727
2025-10-23,666.2402954101562,17.299999237060547
2025-10-24,671.6851806640625,16.3700008392334
2025-10-27,679.6094970703125,15.789999961853027
2025-10-28,681.41455078125,16.420000076293945
2025-10-29,681.7418212890625,16.920000076293945
2025-10-30,674.2439575195312,16.90999984741211
2025-10-31,676.4556274414062,17.440000534057617
2025-11-03,677.7251586914062,17.170000076293945
2025-11-04,669.6917114257812,19.0
2025-11-05,672.012451171875,18.010000228881836
2025-11-06,664.8021850585938,19.5
2025-11-07,665.4567260742188,19.079999923706055
2025-11-10,675.8407592773438,17.600000381469727
2025-11-11,677.3878784179688,17.280000686645508
2025-11-12,677.7647705078125,17.510000228881836
2025-11-13,666.5179443359375,20.0
2025-11-14,666.408935546875,19.829999923706055
2025-11-17,660.2003173828125,22.3799991607666
2025-11-18,654.6563110351562,24.690000534057617
2025-11-19,657.1853637695312,23.65999984741211
2025-11-20,647.1683349609375,26.420000076293945
2025-11-21,653.6149291992188,23.43000030517578
2025-11-24,663.235107421875,20.520000457763672
2025-11-25,669.4734497070312,18.559999465942383
2025-11-26,674.09521484375,17.190000534057617
2025-11-28,677.7747192382812,16.350000381469727
2025-12-01,674.6803588867188,17.239999771118164
2025-12-02,675.9300537109375,16.59000015258789
2025-12-03,678.2706298828125,16.079999923706055
2025-12-04,678.7664794921875,15.779999732971191
2025-12-05,680.0557861328125,15.40999984741211
2025-12-08,678.0127563476562,16.65999984741211
2025-12-09,677.427490234375,16.93000030517578
2025-12-10,681.92041015625,15.770000457763672
2025-12-11,683.5072021484375,14.850000381469727
2025-12-12,676.1580810546875,15.739999771118164
2025-12-15,675.1365356445312,16.5
2025-12-16,673.2918701171875,16.479999542236328
2025-12-17,665.8832397460938,17.6200008392334
2025-12-18,670.9114990234375,16.8700008392334
2025-12-19,676.9923095703125,14.90999984741211
2025-12-22,681.2098999023438,14.079999923706055
2025-12-23,684.3233032226562,14.0
2025-12-24,686.7305297851562,13.470000267028809
2025-12-26,686.660888671875,13.600000381469727
2025-12-29,684.2138671875,14.199999809265137
2025-12-30,683.3783569335938,14.329999923706055
2025-12-31,678.3152465820312,14.949999809265137
2026-01-02,679.55859375,14.510000228881836
2026-01-05,684.0845336914062,14.899999618530273
2026-01-06,688.1529541015625,14.75
2026-01-07,685.9347534179688,15.380000114440918
2026-01-08,685.8651123046875,15.449999809265137
2026-01-09,690.4010009765625,14.489999771118164
2026-01-12,691.4852294921875,15.119999885559082
2026-01-13,690.1026000976562,15.979999542236328
2026-01-14,686.7106323242188,16.75
2026-01-15,688.5806884765625,15.84000015258789
2026-01-16,688.0037231445312,15.859999656677246
2026-01-20,673.9981689453125,20.09000015258789
2026-01-21,681.77685546875,16.899999618530273
2026-01-22,685.3379516601562,15.640000343322754
2026-01-23,685.5865478515625,16.09000015258789
2026-01-26,689.0680541992188,16.149999618530273
2026-01-27,691.8134765625,16.350000381469727
2026-01-28,691.7438354492188,16.350000381469727
2026-01-29,690.3711547851562,16.8799991607666
2026-01-30,688.3120727539062,17.440000534057617
2026-02-02,691.7339477539062,16.34000015258789
2026-02-03,685.885009765625,18.0
2026-02-04,682.5626831054688,18.639999389648438
2026-02-05,674.0379638671875,21.770000457763672
2026-02-06,686.96923828125,20.3700008392334
2026-02-09,690.2816772460938,17.360000610351562
2026-02-10,688.4613037109375,17.790000915527344
2026-02-11,688.3021850585938,17.649999618530273
2026-02-12,677.668701171875,20.81999969482422
2026-02-13,678.1461181640625,20.600000381469727
2026-02-17,679.2402954101562,20.290000915527344
2026-02-18,682.662109375,19.6200008392334
2026-02-19,680.8616333007812,20.229999542236328
2026-02-20,685.7855834960938,19.09000015258789
2026-02-23,678.7827758789062,21.010000228881836
2026-02-24,683.7164916992188,19.549999237060547
2026-02-25,689.4859008789062,17.93000030517578
2026-02-26,685.6561889648438,18.6299991607666
2026-02-27,682.3637084960938,19.860000610351562
2026-03-02,682.751708984375,21.440000534057617
2026-03-03,676.7337036132812,23.56999969482422
2026-03-04,681.5082397460938,21.149999618530273
2026-03-05,677.70849609375,23.75
2026-03-06,668.82568359375,29.489999771118164
2026-03-09,674.6845703125,25.5
2026-03-10,673.6002807617188,24.93000030517578
2026-03-11,672.7548217773438,24.229999542236328
2026-03-12,662.5390625,27.290000915527344
2026-03-13,658.7890014648438,27.190000534057617
2026-03-16,665.493408203125,23.510000228881836
2026-03-17,667.2440185546875,22.3700008392334
2026-03-18,657.9335327148438,25.09000015258789
2026-03-19,656.3121948242188,24.059999465942383
2026-03-20,646.9034423828125,26.780000686645508
2026-03-23,653.6959228515625,26.149999618530273
2026-03-24,651.5015869140625,26.950000762939453
2026-03-25,655.1322021484375,25.329999923706055
2026-03-26,643.432373046875,27.440000534057617
2026-03-27,632.4606323242188,31.049999237060547
2026-03-30,630.3460693359375,30.610000610351562
2026-03-31,648.6688842773438,25.25
2026-04-01,653.5562744140625,24.540000915527344
2026-04-02,654.144775390625,23.8700008392334
2026-04-06,657.23681640625,24.170000076293945
2026-04-07,657.5260009765625,25.780000686645508
2026-04-08,674.27294921875,21.040000915527344
2026-04-09,678.162841796875,19.489999771118164
2026-04-10,677.7140502929688,19.229999542236328
2026-04-13,684.3369750976562,19.1200008392334
2026-04-14,692.675537109375,18.360000610351562
2026-04-15,698.1414184570312,18.170000076293945
2026-04-16,699.8569946289062,17.940000534057617
2026-04-17,708.3152465820312,17.479999542236328
2026-04-20,706.8988037109375,18.8700008392334
2026-04-21,702.2708129882812,19.5
2026-04-22,709.3825073242188,18.920000076293945
2026-04-23,706.6295776367188,19.309999465942383
2026-04-24,712.10546875,18.709999084472656
2026-04-27,713.332275390625,18.020000457763672
2026-04-28,709.8612060546875,17.829999923706055
2026-04-29,709.7515258789062,18.809999465942383
2026-04-30,716.8132934570312,16.889999389648438
2026-05-01,718.7982177734375,16.989999771118164
2026-05-04,716.1649780273438,18.290000915527344
2026-05-05,721.9102172851562,17.3799991607666
2026-05-06,731.9443359375,17.389999389648438
2026-05-07,729.7001342773438,17.079999923706055
2026-05-08,735.724609375,17.190000534057617
2026-05-11,737.4002685546875,18.3799991607666
2026-05-12,736.2831420898438,17.989999771118164
2026-05-13,740.4025268554688,17.8700008392334
2026-05-14,746.2474975585938,17.260000228881836
2026-05-15,737.2706298828125,18.43000030517578
2026-05-18,736.751953125,17.81999969482422
2026-05-19,731.8446044921875,18.059999465942383
2026-05-20,739.3452758789062,17.440000534057617
2026-05-21,740.8114624023438,16.760000228881836
2026-05-22,743.7239990234375,16.700000762939453
2026-05-26,748.6613159179688,17.010000228881836
2026-05-27,748.5316162109375,16.290000915527344
2026-05-28,752.6609497070312,15.739999771118164
2026-05-29,754.5361328125,15.319999694824219
2026-06-01,756.5908203125,16.049999237060547
2026-06-02,757.6182250976562,15.770000457763672
2026-06-03,752.3018798828125,16.059999465942383
2026-06-04,755.1445922851562,15.399999618530273
2026-06-05,735.65478515625,21.510000228881836
2026-06-08,737.3204345703125,18.920000076293945
2026-06-09,735.1560668945312,19.8700008392334
2026-06-10,723.56591796875,22.219999313354492
2026-06-11,735.8642578125,19.440000534057617
2026-06-12,739.843994140625,17.68000030517578
2026-06-15,752.890380859375,16.200000762939453
2026-06-16,748.4019775390625,16.40999984741211
2026-06-17,739.0560302734375,18.440000534057617
2026-06-18,746.739990234375,16.399999618530273
2026-06-22,744.3900146484375,17.280000686645508
2026-06-23,733.5800170898438,19.489999771118164
2026-06-24,733.239990234375,18.6299991607666
2026-06-25,734.2999877929688,18.889999389648438
2026-06-26,728.989990234375,18.40999984741211
2026-06-29,741.0,17.649999618530273
2026-06-30,746.77001953125,16.450000762939453
2026-07-01,745.760009765625,16.59000015258789
2026-07-02,744.780029296875,16.149999618530273
2026-07-06,751.280029296875,15.569999694824219
2026-07-07,747.7100219726562,16.1299991607666
2026-07-08,745.4000244140625,16.899999618530273
2026-07-09,751.7100219726562,15.84000015258789
2026-07-10,754.9500122070312,15.029999732971191
2026-07-13,749.1699829101562,17.15999984741211
2026-07-14,751.8300170898438,16.5
2026-07-15,754.8099975585938,15.670000076293945
2026-07-16,750.719970703125,16.729999542236328
2026-07-17,743.2899780273438,18.770000457763672
2026-07-20,742.0900268554688,18.649999618530273
2026-07-21,748.280029296875,17.049999237060547
2026-07-22,747.4099731445312,16.639999389648438
2026-07-23,738.1799926757812,18.700000762939453
2026-07-24,738.9299926757812,18.579999923706055
2026-07-27,739.0900268554688,18.670000076293945
2026-07-28,740.8599853515625,18.209999084472656
2026-07-29,729.4600219726562,20.65999984741211
2026-07-30,741.6900024414062,17.09000015258789
2026-07-31,747.030029296875,15.989999771118164
